fecha,sst_nino12,sst_piura
1982-01-01,23.267602928271074,20.706731069754227
1982-01-02,23.04172113537778,20.516841880949002
1982-01-03,23.16270459399939,21.478585026282147
1982-01-04,23.438065577706393,21.264698110527068
1982-01-05,24.241902713845842,21.335497940048302
1982-01-06,24.577489982448608,21.375080267083394
1982-01-07,24.60396647431864,20.928209973007533
1982-01-08,24.4783853321522,20.762784486432725
1982-01-09,24.407838237242114,20.907350475919877
1982-01-10,24.25982452727093,20.709586589004118
1982-01-11,24.109485503526887,20.44852535871573
1982-01-12,23.900767998476667,20.468440119335135
1982-01-13,23.93416314120606,20.854090069612162
1982-01-14,24.143384442163164,21.281264384145473
1982-01-15,24.310993414080823,21.725578917459867
1982-01-16,24.408503162565882,21.580308282426483
1982-01-17,24.18274543000959,21.43884784770565
1982-01-18,23.89593262575751,21.235594544679643
1982-01-19,23.7462650263271,20.611727518113366
1982-01-20,23.721096507931236,20.172038641852538
1982-01-21,23.768670873762275,19.96034379883506
1982-01-22,23.715917971983973,19.897967040772844
1982-01-23,23.9593932758221,20.414139792584173
1982-01-24,24.380591594363665,21.002273050149167
1982-01-25,24.6704833261581,21.156201164938206
1982-01-26,24.90414981206748,21.72402614007672
1982-01-27,25.291496009537358,22.252493251882374
1982-01-28,25.249525573732495,22.007206989629214
1982-01-29,24.965459503427525,21.548096320500072
1982-01-30,24.77658269033343,21.007189941753094
1982-01-31,24.83082164619004,20.947023724960925
1982-02-01,25.192667193760986,21.01402614007672
1982-02-02,25.40839325926426,21.77349055263532
1982-02-03,25.369672960062204,21.698244068759763
1982-02-04,25.26079146935125,21.559951697684323
1982-02-05,25.290278918435604,22.074207984088645
1982-02-06,25.323586428287626,22.528941611024294
1982-02-07,25.366214214160387,22.17857792300042
1982-02-08,25.033381565221703,21.624236397215515
1982-02-09,25.08242898715106,21.547177155846004
1982-02-10,25.370964437692454,21.122687881801397
1982-02-11,25.304600291419696,20.70137661599659
1982-02-12,25.359518019174057,20.442332717715587
1982-02-13,25.379797496440045,21.052957806506605
1982-02-14,25.26097998145514,21.395739451626657
1982-02-15,25.363762708216104,21.263892598380455
1982-02-16,25.259640630691816,21.071828384713744
1982-02-17,25.321039755604883,21.04615996590425
1982-02-18,25.130563466569633,21.03289529762751
1982-02-19,25.10698782163789,21.10731353885495
1982-02-20,25.234720191575285,21.138692996164227
1982-02-21,25.24952764347459,21.25300610882228
1982-02-22,25.18167584942216,20.907337690012792
1982-02-23,25.18652417872635,20.776914334422507
1982-02-24,25.130355126337076,20.737411564142636
1982-02-25,25.199887985561517,20.74200028413127
1982-02-26,25.19177438984002,20.680308282426484
1982-02-27,25.15527337152687,20.560356584742152
1982-02-28,25.386172550253278,20.91156130132121
1982-03-01,25.645869353743755,20.75574513425203
1982-03-02,25.62355596168495,20.511758772552927
1982-03-03,25.282028678345544,20.371213240517115
1982-03-04,24.88761696112199,20.432878249751386
1982-03-05,24.901499321124657,20.18522233271771
1982-03-06,25.03823330960026,19.952176445517832
1982-03-07,25.402854112163457,20.0509134820287
1982-03-08,25.402667380037727,19.660625088791022
1982-03-09,25.11972921565053,19.81301179144765
1982-03-10,24.67778916365869,19.871338258275323
1982-03-11,24.763560494419952,20.110642136667146
1982-03-12,24.86157929595659,20.017942889615007
1982-03-13,24.825543017518296,20.04101576928542
1982-03-14,24.89351295244565,20.15117204148317
1982-03-15,25.0859950077822,20.1327404460861
1982-03-16,25.26151426466207,20.09577638869158
1982-03-17,25.174209255058415,20.562231851115214
1982-03-18,25.125121576646674,20.599340815456742
1982-03-19,25.091979666854286,21.10268361983237
1982-03-20,25.039298481637253,21.260338116209688
1982-03-21,24.846012869655898,21.178802386702657
1982-03-22,24.70661839338352,21.05900696121608
1982-03-23,24.786374453588113,20.997930103707915
1982-03-24,25.127828592244256,21.196259411848274
1982-03-25,25.20838744328903,20.903527489700245
1982-03-26,25.06532436997056,20.808244068759773
1982-03-27,24.933996651157383,20.599677511010086
1982-03-28,24.73599157201046,20.383736326182703
1982-03-29,24.744180982382417,20.83333570109391
1982-03-30,24.632419776799072,20.442108254013355
1982-03-31,24.507032900619258,20.096560590993047
1982-04-01,24.365190685332994,19.719866458303738
1982-04-02,24.19522959648306,19.672291518681632
1982-04-03,24.275702056495664,19.245374342946445
1982-04-04,24.423837239626437,19.614482170762898
1982-04-05,24.63593103205616,19.842231851115216
1982-04-06,24.673979555088206,20.105102997584883
1982-04-07,24.68602688180955,20.627195624378466
1982-04-08,24.719664018776776,20.66477340531325
1982-04-09,24.75716381180251,20.64840460292655
1982-04-10,24.847620893631845,20.7679130558318
1982-04-11,24.782550336126114,21.06170762892456
1982-04-12,24.68098027121898,20.14836624520529
1982-04-13,24.507949465178648,20.06417957096178
1982-04-14,24.26274468490245,19.710700383577215
1982-04-15,24.006642650759996,19.178447222616843
1982-04-16,23.829554570818328,18.648589288251177
1982-04-17,24.078570429181756,18.716783634038933
1982-04-18,24.270154402755196,18.63918738457167
1982-04-19,24.369384231049402,18.768218496945593
1982-04-20,24.28570182882409,18.884777667282293
1982-04-21,24.174145300029878,18.641170620826824
1982-04-22,24.12333211908468,18.474925415541986
1982-04-23,24.080185759346996,18.53709759909078
1982-04-24,23.916660719607933,18.36362551498793
1982-04-25,23.842538248832675,18.130673391106697
1982-04-26,24.154300199523124,18.78838471373775
1982-04-27,24.324758771566653,19.06599659042478
1982-04-28,24.18742203281784,18.89720556897287
1982-04-29,24.099772597443486,17.38468248330729
1982-04-30,24.084849157201035,18.117137377468392
1982-05-01,24.313186574825306,19.343382582753236
1982-05-02,24.38940606682785,19.897266657195633
1982-05-03,24.337592269099588,19.727205568972867
1982-05-04,24.2218159088652,19.577668702940763
1982-05-05,24.11004735569755,19.627408722829948
1982-05-06,23.982053722224055,19.687766728228446
1982-05-07,23.85216074858429,19.923712175024868
1982-05-08,23.97371535251839,19.998871998863475
1982-05-09,24.053038277809097,20.622521665009238
1982-05-10,23.969447233996796,20.77166785054695
1982-05-11,23.840762244593865,20.567358999857934
1982-05-12,23.753721478954944,20.4815016337548
1982-05-13,23.805942043083753,20.543446512288686
1982-05-14,23.869213042686358,20.74441966188379
1982-05-15,23.82309633407294,20.818864895581765
1982-05-16,23.665733682153807,20.710957522375345
1982-05-17,23.578347104016963,20.60089501349624
1982-05-18,23.602944477100383,20.64591703366955
1982-05-19,23.742674769016816,20.116785054695274
1982-05-20,23.84801700086105,19.81378178718568
1982-05-21,23.859024551279976,19.947283705071744
1982-05-22,23.83292851938938,20.235979542548662
1982-05-23,23.688791912276045,19.951280011365245
1982-05-24,23.557039399609224,19.6415740872283
1982-05-25,23.581361455608157,19.659343656769423
1982-05-26,23.635878398516425,19.770669129137655
1982-05-27,23.709569183197047,19.63576502344083
1982-05-28,23.71957044573962,19.568119051001563
1982-05-29,23.668316616716886,19.761245915613017
1982-05-30,23.624428709805642,19.9526026424208
1982-05-31,23.618176847037823,20.227204148316524
1982-06-01,23.483398619895983,19.421792868305157
1982-06-02,23.558489026227775,19.39754226452621
1982-06-03,23.42588394542503,19.42333001846853
1982-06-04,23.08334288174325,19.5985310413411
1982-06-05,23.17804641189524,20.015102997584894
1982-06-06,23.178525846938513,20.208396078988493
1982-06-07,23.12865934529927,20.063507600511436
1982-06-08,23.076436856310295,19.508200028413132
1982-06-09,22.94159711643539,18.26720698962921
1982-06-10,22.954390854223924,17.60558744139793
1982-06-11,23.132448691095135,17.841309845148462
1982-06-12,23.191204300096082,19.641500213098453
1982-06-13,23.139378518561458,20.239514135530612
1982-06-14,23.132652891843602,20.48743855661316
1982-06-15,23.127377450574567,20.762575649950282
1982-06-16,23.184874366658946,21.048038073589996
1982-06-17,23.14794261433255,21.123835772126725
1982-06-18,22.820725382488337,19.492712032959226
1982-06-19,22.69525437129513,17.37686887341952
1982-06-20,22.74593659966226,17.61451626651513
1982-06-21,22.547776248468427,18.877742577070613
1982-06-22,22.45080299781439,19.592632476204006
1982-06-23,22.472216590224242,19.962780224463703
1982-06-24,22.427726802331353,20.271514419661884
1982-06-25,22.34909715783026,20.428437278022447
1982-06-26,22.274918617743502,20.366105980963212
1982-06-27,22.13221710765963,19.876660036937068
1982-06-28,22.21845315759846,20.145594544679643
1982-06-29,22.429305353180816,20.05498224179571
1982-06-30,22.46980124267312,19.855159823838616
1982-07-01,22.517903537603075,20.050294075863047
1982-07-02,22.503658745074024,20.139670407728367
1982-07-03,22.64908064128886,20.11045318937349
1982-07-04,22.900443794085486,20.09274186674244
1982-07-05,22.994375993476176,20.359173178008238
1982-07-06,23.05569092128362,20.3997698536724
1982-07-07,23.048583779017765,20.600772837050716
1982-07-08,23.043043555651263,20.741916465407026
1982-07-09,22.872194775143264,20.498691575507888
1982-07-10,22.7469601905818,20.408970024151163
1982-07-11,22.66163795244561,20.360552635317518
1982-07-12,22.63160549889068,20.312001704787615
1982-07-13,22.605087757062023,20.295040488705784
1982-07-14,22.349960881875663,20.385101576928548
1982-07-15,21.892668890949395,19.785541980394942
1982-07-16,21.768081100771596,19.36820713169484
1982-07-17,21.492249147266307,18.61745276317659
1982-07-18,21.4180006292016,18.84511152152294
1982-07-19,21.4775000620922,19.311000142065637
1982-07-20,21.5890350655694,19.784048870578214
1982-07-21,21.532207918005128,19.81345503622674
1982-07-22,21.45106811107067,18.651780082398073
1982-07-23,21.475789523793757,18.40032106833357
1982-07-24,21.50516690399714,18.267974144054556
1982-07-25,21.54264622727428,18.318648955817594
1982-07-26,21.554544987912713,18.390125017758212
1982-07-27,21.614123774712677,18.409917601932097
1982-07-28,21.647568901712066,18.46783491973292
1982-07-29,21.600980167731848,18.11244779087939
1982-07-30,21.490279435871088,17.65381588293792
1982-07-31,21.529608177136772,17.47335132831368
1982-08-01,21.74875012418452,17.983099872140926
1982-08-02,22.025031480776168,18.294517687171478
1982-08-03,21.901670157631486,18.273374058815175
1982-08-04,21.747144480411965,18.388003977837762
1982-08-05,21.696290670430876,18.51077425770706
1982-08-06,21.6874552935722,18.552324193777533
1982-08-07,21.813255786998756,17.50003551640858
1982-08-08,21.74965164171938,17.871936354595828
1982-08-09,21.80916401049778,18.590876544963773
1982-08-10,21.967686193992762,18.858288109106418
1982-08-11,22.18589147928599,19.049801108111954
1982-08-12,22.221133390734177,19.02972013070039
1982-08-13,22.120087011954826,18.525563290240093
1982-08-14,22.004382554558386,18.24900554055974
1982-08-15,21.913924624134832,18.25468390396363
1982-08-16,21.887247263801044,18.183913908225605
1982-08-17,21.951591942080302,18.413533172325614
1982-08-18,21.85112608454482,19.090852393805942
1982-08-19,21.775195714806042,19.24572382440688
1982-08-20,21.786083551346163,19.19943884074442
1982-08-21,21.703180406993997,18.82796277880381
1982-08-22,21.71118637613002,18.715963915328885
1982-08-23,21.68772713349005,19.086746696974004
1982-08-24,21.708625525714417,19.077954254865755
1982-08-25,21.55961525565456,18.85928114789033
1982-08-26,21.525012749610923,18.48272908083535
1982-08-27,21.516506627313987,19.379502770279874
1982-08-28,21.547536986290034,19.47854524790453
1982-08-29,21.443612072391257,18.90451200454611
1982-08-30,21.30666322399567,17.973202159397644
1982-08-31,21.456453227969646,18.039129137661597
1982-09-01,21.56840162102191,18.11833925273476
1982-09-02,21.576093341225953,18.63659894871431
1982-09-03,21.67195066976852,18.819583747691436
1982-09-04,22.010984265821094,18.50486574797557
1982-09-05,22.262770101334578,18.400664867168636
1982-09-06,22.21764016293006,18.87615712459156
1982-09-07,22.040292061297446,18.857101861059817
1982-09-08,22.030143826373497,18.748606336127292
1982-09-09,21.967116269828146,18.32219349339395
1982-09-10,22.12722381362392,17.650196050575367
1982-09-11,22.146899526443033,18.352592697826395
1982-09-12,22.05201162367123,18.554257707060664
1982-09-13,22.000276972878083,18.62512999005541
1982-09-14,22.002165115739942,18.7757607614718
1982-09-15,21.919914995694946,19.211247336269363
1982-09-16,21.849801677318894,19.17328881943458
1982-09-17,21.69021504619663,18.917448501207563
1982-09-18,21.714821981488253,18.30276459724393
1982-09-19,21.786924735900943,17.84857934365677
1982-09-20,21.893205782031295,18.322184969455893
1982-09-21,21.866021666059556,19.025836056257997
1982-09-22,21.90150184620984,19.923170904958084
1982-09-23,21.920089081696837,20.60332859781219
1982-09-24,21.97641574494155,20.72784628498367
1982-09-25,22.095022291121584,20.367773831510153
1982-09-26,22.21754793522532,20.261937775252168
1982-09-27,22.230261449812886,20.248650376473936
1982-09-28,22.19358686293339,20.237599090779945
1982-09-29,22.300634541510792,21.522744708055118
1982-09-30,22.345495868794917,21.501466117346215
1982-10-01,22.345421089015513,21.40432021593977
1982-10-02,22.367463158591907,21.128970024151155
1982-10-03,22.282717881743153,19.723064355732355
1982-10-04,22.177838775375026,20.113888336411428
1982-10-05,22.20781304848167,20.555111521522942
1982-10-06,22.125092703745405,20.47941753089928
1982-10-07,22.281104186674174,21.033507600511438
1982-10-08,22.427777593800688,21.16205284841598
1982-10-09,22.415739415339267,21.194485012075575
1982-10-10,22.39439606997382,20.964114220769996
1982-10-11,22.350709279895366,20.7921949140503
1982-10-12,22.469980378845595,20.942148032390975
1982-10-13,22.642323451005023,21.163121181986085
1982-10-14,22.627083857668072,20.81476488137519
1982-10-15,22.667134814716693,20.909104986503763
1982-10-16,22.897862059972795,21.293287398778237
1982-10-17,22.934496700831204,21.54628924563148
1982-10-18,22.868289089147908,21.522376758062226
1982-10-19,22.74930398715105,21.647368944452335
1982-10-20,22.775231542040576,21.623561585452485
1982-10-21,22.96814695996292,21.589501349623532
1982-10-22,23.220227402556556,21.576992470521386
1982-10-23,23.308790877405087,20.878397499644837
1982-10-24,23.233275801404115,21.030265662736188
1982-10-25,23.25091408086889,21.492400909220063
1982-10-26,23.33558575769116,21.48974854382725
1982-10-27,23.36324610060599,21.64497797982668
1982-10-28,23.279604906944392,21.58986645830373
1982-10-29,23.36301259231048,21.63119477198466
1982-10-30,23.412357394774407,21.69039352180707
1982-10-31,23.605701249296256,21.78748117630345
1982-11-01,23.849834317150705,22.51333001846854
1982-11-02,23.96233377901783,22.745168347776673
1982-11-03,24.125224256548613,22.90496235260691
1982-11-04,24.125328302480405,22.809276885921292
1982-11-05,23.94387894492826,22.80297343372638
1982-11-06,23.991544255224053,22.86148458587868
1982-11-07,24.101572714176907,23.044485012075576
1982-11-08,24.1663131685267,22.884955249325195
1982-11-09,24.097622652912552,22.81478050859498
1982-11-10,24.227971176772574,22.911353885495103
1982-11-11,24.42235164089152,23.263778945872996
1982-11-12,24.55318295277679,23.62828668845007
1982-11-13,24.50630083286424,23.730220201733204
1982-11-14,24.439203708149797,23.542265946867456
1982-11-15,24.47666525234296,23.369970166216795
1982-11-16,24.55857578981364,23.305257849126296
1982-11-17,24.63233048812802,23.363044466543542
1982-11-18,24.700936641057083,23.54555192498935
1982-11-19,24.723512414312694,23.666269356442683
1982-11-20,24.76943986571516,23.77133825827533
1982-11-21,24.712405247209944,23.620870862338403
1982-11-22,24.65047442626754,23.216043472084106
1982-11-23,24.782087831572692,23.330927688592134
1982-11-24,24.9295480925258,23.835192498934507
1982-11-25,25.044146003742114,23.918410285551932
1982-11-26,25.44117248816111,24.099147606194066
1982-11-27,25.39724434546474,23.967691433442244
1982-11-28,25.22096981902182,23.772227589146194
1982-11-29,25.119896223134706,23.453031680636457
1982-11-30,25.05717567142432,23.121937775252164
1982-12-01,25.402198417889227,23.32454610029834
1982-12-02,25.58911088021986,23.470581048444384
1982-12-03,25.557034349438712,23.449104986503766
1982-12-04,25.452623066860923,24.07363261826964
1982-12-05,25.54520059939732,24.80012217644552
1982-12-06,25.51587659784083,24.840474499218644
1982-12-07,25.35316765738326,24.23478761187669
1982-12-08,25.252831945226344,23.688057962778803
1982-12-09,25.490158500844487,23.92089785480892
1982-12-10,25.740660682352654,24.165743713595678
1982-12-11,25.920486741232576,24.194762040062507
1982-12-12,25.947953790939504,24.21168916039211
1982-12-13,25.883206465046232,24.112263105554767
1982-12-14,25.569284717852796,24.132626793578638
1982-12-15,25.43943197999811,23.644671118056547
1982-12-16,25.307367991853617,22.769302457735474
1982-12-17,25.40099391081899,23.002223327177152
1982-12-18,25.55953975146542,23.398818013922433
1982-12-19,25.794791866741743,23.475350191788607
1982-12-20,25.945050232639073,24.007013780366538
1982-12-21,26.107884164817698,23.612582753231994
1982-12-22,26.41765289184356,23.904789032533035
1982-12-23,26.480594078054114,24.579758488421653
1982-12-24,26.652282345928377,25.203912487569262
1982-12-25,26.65506445176671,25.291460434720843
1982-12-26,26.419867288141173,25.17596391532889
1982-12-27,25.945763548531335,24.793565847421508
1982-12-28,25.907818429810867,24.920664867168632
1982-12-29,26.14527469616185,25.212676516550648
1982-12-30,26.150668340398077,25.28431453331439
1982-12-31,26.215504810080454,25.267984088648962
1983-01-01,26.269487945822508,25.282450632192077
1983-01-02,26.577647427724578,25.87605767864753
1983-01-03,26.710678482133932,25.87398209973008
1983-01-04,26.672716246647045,25.75573234834494
1983-01-05,26.740688375500785,25.847959937491126
1983-01-06,26.63217786535085,26.086853246199748
1983-01-07,26.3679897423585,25.767462707770996
1983-01-08,26.306881892240945,25.71858218496946
1983-01-09,26.227786183230098,25.59874271913624
1983-01-10,26.207688636288328,25.790826821991764
1983-01-11,26.229330210782546,25.958052280153435
1983-01-12,26.702019323111536,26.252382440687605
1983-01-13,26.81179947511343,26.10943742008809
1983-01-14,26.849331411232953,26.10015485154142
1983-01-15,26.7672136511906,25.877753942321352
1983-01-16,26.855983872570132,25.67723682341241
1983-01-17,27.0307131089181,25.93791163517546
1983-01-18,27.10841151438881,26.01934507742578
1983-01-19,27.060504458224315,26.132957806506614
1983-01-20,27.039523773056935,26.307981247336272
1983-01-21,27.117008498360754,26.614918312260272
1983-01-22,27.07745897771291,26.116000852393807
1983-01-23,27.119663853197373,25.927398778235546
1983-01-24,27.173136280094074,25.93926694132689
1983-01-25,27.134557841010647,25.96109248472795
1983-01-26,27.143629437526897,26.01740019889189
1983-01-27,27.46270362122061,28.174063077141646
1983-01-28,27.45372654982288,28.37767154425345
1983-01-29,27.52859917789853,28.132314249183132
1983-01-30,27.72237751266681,28.01513141071175
1983-01-31,27.828591023114843,27.95372069896293
1983-02-01,27.646931690234073,27.510877965620118
1983-02-02,27.53693674040471,26.566756641568407
1983-02-03,27.599791370003594,26.254597243926693
1983-02-04,27.559954610557376,25.399559596533592
1983-02-05,27.53164447213299,25.42114504901265
1983-02-06,27.70997702586348,26.125429748543834
1983-02-07,27.859241832797988,27.23325614433869
1983-02-08,27.948627636851327,27.533264668276736
1983-02-09,27.948744080537804,27.9617516692712
1983-02-10,28.023998141371635,27.88954112800114
1983-02-11,27.996378303308322,27.712851257280875
1983-02-12,28.12387128688279,27.897496803523232
1983-02-13,28.233023955194188,27.948505469526932
1983-02-14,28.075239945193253,27.0692015911351
1983-02-15,27.84792680150346,26.636577638869163
1983-02-16,27.596664155379653,26.599214377042202
1983-02-17,27.37766129499616,26.859369228583606
1983-02-18,27.338598039540294,26.838205711038512
1983-02-19,27.248675427194723,26.851927830657765
1983-02-20,27.233324709408286,26.829632050007106
1983-02-21,27.122097745636975,26.627876118766878
1983-02-22,27.06257126121802,26.64507742577071
1983-02-23,27.376699589363113,26.532582753231996
1983-02-24,27.425732378216374,26.503838613439413
1983-02-25,27.52651093237742,27.074735047592
1983-02-26,27.735365537139415,27.150511436283562
1983-02-27,27.92702095820772,27.03961358147465
1983-02-28,27.84799384044768,26.936476772268794
1983-03-01,27.75828238318374,27.038751243074298
1983-03-02,27.83587556296987,26.905156982525934
1983-03-03,28.023485528363697,26.492912345503626
1983-03-04,28.05759357303703,26.296502344082967
1983-03-05,28.25974674636554,26.745765023440832
1983-03-06,28.489070603040012,27.44481318369087
1983-03-07,28.57309469897678,27.385642846995317
1983-03-08,28.520741795542566,27.291116635885793
1983-03-09,28.45792243434781,27.298123312970603
1983-03-10,28.454954217306348,27.351378036652942
1983-03-11,28.350387352220388,27.49575365819008
1983-03-12,28.625433321190812,27.768461429180295
1983-03-13,28.662845522734074,27.775554766302037
1983-03-14,28.5197048961817,27.78918738457167
1983-03-15,28.58326545269398,28.47593124023299
1983-03-16,28.61299582740008,28.43549367807928
1983-03-17,28.429470373712597,27.849413268930245
1983-03-18,28.09909552273404,27.522606904389836
1983-03-19,28.00619782180346,27.69388975706777
1983-03-20,28.566771554293492,28.31127574939622
1983-03-21,28.606457926284072,28.300201733200748
1983-03-22,28.597852001026485,28.28864185253588
1983-03-23,28.536325752558138,28.12790169058105
1983-03-24,28.516404319965577,28.126275039068055
1983-03-25,28.49766934629263,28.358600653501924
1983-03-26,28.581029013643793,28.43607472652365
1983-03-27,28.279747429380365,28.312483307287973
1983-03-28,28.23271339040302,28.476878818013923
1983-03-29,28.19537195333975,28.41882795851684
1983-03-30,28.384754052554886,29.11364824548942
1983-03-31,28.233630182634048,29.116421366671407
1983-04-01,27.93469963903703,29.241761613865613
1983-04-02,27.992222695963132,29.148948714306012
1983-04-03,28.07871288952546,29.15460150589573
1983-04-04,28.10505991903165,28.98229435999432
1983-04-05,28.0101459789051,28.721386560590993
1983-04-06,28.0757616443687,28.56119761329735
1983-04-07,28.143555257972626,28.29778945872993
1983-04-08,28.102341913103952,28.139801108111953
1983-04-09,28.10628259843697,28.065725245063224
1983-04-10,27.975509715369032,27.907880380735904
1983-04-11,28.02040140576885,28.003763318653217
1983-04-12,28.227362920985513,28.138471373774678
1983-04-13,28.434068719574793,28.46290666287825
1983-04-14,28.481704329072382,28.4411663588578
1983-04-15,28.445008506639656,28.36946015058958
1983-04-16,28.196214027883613,28.14903963631198
1983-04-17,28.296863285260144,28.201682057110386
1983-04-18,28.450876225287328,28.397839181701947
1983-04-19,28.201340737490355,28.138505469526923
1983-04-20,28.11077273818596,28.15188379031113
1983-04-21,28.23748675365105,28.13536723966473
1983-04-22,28.236250662317424,27.97279585168348
1983-04-23,28.21964280392091,27.988979968745568
1983-04-24,28.281040583501632,28.06840602358289
1983-04-25,28.298291448653856,28.61072737604774
1983-04-26,28.130855879723192,28.629769853672396
1983-04-27,28.131798191873262,28.612240375053283
1983-04-28,28.088420704043468,28.304641284273348
1983-04-29,27.934174586879433,27.770346640147753
1983-04-30,27.885625206974193,27.665007813609893
1983-05-01,27.88814193048969,27.668852109674667
1983-05-02,27.825000931383926,27.716144338684472
1983-05-03,27.75344591350134,27.989185963915325
1983-05-04,27.901056023777198,29.245095894303166
1983-05-05,27.875115326025792,29.28352180707487
1983-05-06,27.963637716495025,29.150342378178717
1983-05-07,28.16480623075138,28.733794573092773
1983-05-08,28.13514159105209,28.424213666714017
1983-05-09,27.841940962678496,28.379911919306718
1983-05-10,27.596075106798654,28.305033385424064
1983-05-11,27.53865607510681,28.120826821991766
1983-05-12,27.468495545915108,28.195928398920316
1983-05-13,27.40025828310755,28.421771558460005
1983-05-14,27.33614926565553,28.394639863616998
1983-05-15,27.433603689936113,28.278475635743717
1983-05-16,27.317645730536114,28.185050433300194
1983-05-17,27.3393599115806,28.15233982099731
1983-05-18,27.779873849223428,28.190468816593267
1983-05-19,28.037854215650558,28.332486148600655
1983-05-20,28.18414527933232,28.390782781645125
1983-05-21,28.262353317382466,28.617707060662024
1983-05-22,28.170820176673224,28.267869015485154
1983-05-23,28.24060384723646,27.83356016479614
1983-05-24,28.155418791601818,27.758796704077287
1983-05-25,28.414753473027023,28.35520102287256
1983-05-26,28.539516052919197,28.450122176445525
1983-05-27,28.479099455243915,28.424938201449066
1983-05-28,28.455380522071646,28.4261088222759
1983-05-29,28.274410910024162,27.81518255434011
1983-05-30,28.19849999586048,27.82319789742862
1983-05-31,28.167336635261787,27.81425486574797
1983-06-01,28.101503543398316,27.72903963631197
1983-06-02,28.016282391462788,27.74707628924563
1983-06-03,27.82420942063786,27.597994033243367
1983-06-04,27.734531534589458,27.399532604063083
1983-06-05,27.612010443918283,27.226209688876263
1983-06-06,27.492767327880223,27.397735473788902
1983-06-07,27.51037483028113,28.28844153999148
1983-06-08,27.433750662317387,28.60579769853672
1983-06-09,27.18261000678868,28.62609461571246
1983-06-10,26.86151122214124,28.254001988918883
1983-06-11,26.924672918667444,27.768999857934375
1983-06-12,27.242154767029856,27.320970308282426
1983-06-13,27.286185879392015,27.20774825969598
1983-06-14,27.11736128588928,27.011221764455176
1983-06-15,27.014006565221703,26.963064355732357
1983-06-16,27.087931272146207,27.431149310981674
1983-06-17,27.38651850763323,27.725051853956536
1983-06-18,27.23802629400264,27.354909788322207
1983-06-19,26.99572070487137,27.095901406449777
1983-06-20,26.980753199821237,27.29528200028414
1983-06-21,27.049466047951803,27.148766870294082
1983-06-22,26.951735623571867,26.764556044892746
1983-06-23,26.953929901977055,26.724902685040494
1983-06-24,27.207644654270236,27.479900554055973
1983-06-25,27.260350634996932,27.498349197329162
1983-06-26,27.283762232175345,27.465321778661743
1983-06-27,27.14802236149292,27.24801392243216
1983-06-28,27.0690844082194,27.469508452905245
1983-06-29,26.95594427840515,27.772571387981255
1983-06-30,26.946798316057908,27.915192498934513
1983-07-01,26.932131896380422,27.875738030970314
1983-07-02,26.752860217902438,26.796458303736326
1983-07-03,26.541492739345014,26.699242790169055
1983-07-04,26.42705893797393,26.659901974712326
1983-07-05,26.4436584346127,25.995979542548664
1983-07-06,26.578505729045908,25.6186787896008
1983-07-07,26.522436769381056,26.05418383293081
1983-07-08,26.284166908136626,26.321132263105564
1983-07-09,26.19082541312052,26.656269356442674
1983-07-10,25.946330016226845,26.605290524222195
1983-07-11,25.91210935688979,26.53637874698111
1983-07-12,25.91893151637586,26.413180849552496
1983-07-13,26.134564774646506,25.805828952976274
1983-07-14,26.069045145213103,24.43896434152579
1983-07-15,25.93768184753455,23.74870862338401
1983-07-16,25.80268412425079,23.293295922716304
1983-07-17,25.699375724409776,23.617378889046744
1983-07-18,25.630511040004,23.185780650660615
1983-07-19,25.412124176242607,21.835282000284135
1983-07-20,25.119276128423337,21.44327035090212
1983-07-21,25.038046722356587,21.371353885495104
1983-07-22,25.20534906199293,21.47041341099588
1983-07-23,25.35876548167044,23.417361841170624
1983-07-24,25.35261271815082,23.498050859497095
1983-07-25,25.32482653492069,23.114405455320355
1983-07-26,25.175170484650813,22.53895723824407
1983-07-27,25.02853215965167,22.205034806080402
1983-07-28,24.99593659966222,22.416402898138934
1983-07-29,24.92486815743291,22.610663446512287
1983-07-30,24.910807427062316,22.564935360136385
1983-07-31,24.970674591018977,23.20923994885638
1983-08-01,24.919230118058152,23.133205000710337
1983-08-02,24.810365454349768,22.807724108538146
1983-08-03,24.564086126105337,21.874082966330445
1983-08-04,24.387594794184892,21.22194061656486
1983-08-05,24.32739611964768,21.119570961784348
1983-08-06,24.284863190051944,21.2021423497656
1983-08-07,24.235414051892562,20.57495666998154
1983-08-08,24.23401438884659,20.461280011365254
1983-08-09,24.143500927244435,20.581034237817878
1983-08-10,23.93508293456304,20.711768717147326
1983-08-11,23.83798709308873,20.73221622389544
1983-08-12,23.712933735139252,20.625796277880383
1983-08-13,23.6257827143425,20.52542974854383
1983-08-14,23.51801689737391,19.637806506606054
1983-08-15,23.451621870550127,19.567056400056828
1983-08-16,23.268404994701438,19.42282142349766
1983-08-17,23.249765208464485,19.646945588862057
1983-08-18,23.352621204093143,19.733916749538285
1983-08-19,23.37711660098692,19.945242221906526
1983-08-20,23.569940888167746,20.25304446654354
1983-08-21,23.547657155512184,20.521308424492116
1983-08-22,23.611242569626135,20.546796419946016
1983-08-23,23.507160458820415,20.196438414547522
1983-08-24,23.505657391462822,19.80713311549936
1983-08-25,23.45687597277876,19.354948146043476
1983-08-26,23.41743844587214,19.34356016479614
1983-08-27,23.400572863198338,19.471200454610027
1983-08-28,23.331183913137064,19.397547947151583
1983-08-29,23.211669702288383,19.349502770279866
1983-08-30,22.998489191807117,18.94523085665578
1983-08-31,22.490438661125335,19.014225031964763
1983-09-01,22.374387956585085,19.022932234692426
1983-09-02,22.235253853859653,18.85624946725387
1983-09-03,21.956542537338247,18.88997442818582
1983-09-04,21.920817072060153,19.025375763602785
1983-09-05,21.981297107328547,19.232256002273047
1983-09-06,22.056529021922792,19.363274612871145
1983-09-07,22.152409365996625,19.71246483875551
1983-09-08,22.473549793853696,20.140609461571255
1983-09-09,22.57906656704307,20.103158119051006
1983-09-10,22.679268573864935,21.46565279158971
1983-09-11,22.667514177732883,21.67835630061089
1983-09-12,22.69359859837068,21.754834493536016
1983-09-13,22.73916850183794,21.736280721693422
1983-09-14,22.60796738914466,21.672190652081255
1983-09-15,22.446678519389394,21.428032390964635
1983-09-16,22.38588431797856,21.4082483307288
1983-09-17,22.19021724012321,21.36578775394232
1983-09-18,21.949374751630927,20.02979258417389
1983-09-19,21.91261747855749,20.002908083534585
1983-09-20,21.894671490545317,19.994378462849834
1983-09-21,21.904622209987792,19.896398636169916
1983-09-22,21.889879189157888,19.887763886915756
1983-09-23,21.861855233963688,19.895267793720695
1983-09-24,21.874526981156993,19.918307998295216
1983-09-25,21.886956775507468,19.962869725813327
1983-09-26,22.02832634450443,19.88162949282569
1983-09-27,22.029167715335948,20.47147748259696
1983-09-28,21.95604662714837,20.38955817587726
1983-09-29,21.887031907143104,19.9615968177298
1983-09-30,21.81943090373219,19.822196334706636
1983-10-01,21.876167210318826,19.808309418951563
1983-10-02,21.973090994138413,19.625469526921442
1983-10-03,22.218198972580083,19.442618269640572
1983-10-04,22.28483924313679,19.479877823554478
1983-10-05,22.440891562075755,19.426289245631484
1983-10-06,22.50229722737359,20.36933655348771
1983-10-07,22.45028330628872,20.572287256712606
1983-10-08,22.528048336755234,20.580720272766026
1983-10-09,22.595126316355955,20.874128427333428
1983-10-10,22.508443471205744,21.010558317942888
1983-10-11,22.32861772278705,21.310738741298476
1983-10-12,22.351695553366195,21.320066770848136
1983-10-13,22.19382039192632,19.119448785338832
1983-10-14,22.0552846723184,18.93109106407161
1983-10-15,22.011261652647633,18.90311123739168
1983-10-16,21.967129019438996,18.911214661173464
1983-10-17,21.874762476404936,18.890026992470524
1983-10-18,21.79183956601652,18.90399062366814
1983-10-19,21.593141537238743,18.843111237391682
1983-10-20,21.560082686193997,18.301359568120475
1983-10-21,21.782690043712904,18.301382298621967
1983-10-22,21.822810419909278,18.562834209404752
1983-10-23,21.632447159486038,18.626792157976986
1983-10-24,21.597630911183213,18.571206137235404
1983-10-25,21.771575798092574,18.65634038925984
1983-10-26,21.792373911315703,18.72832504617133
1983-10-27,21.886482949465147,18.938933087086237
1983-10-28,21.77487465642277,18.695222332717716
1983-10-29,21.751324179554285,18.925497940048306
1983-10-30,21.970628394376895,19.534828810910636
1983-10-31,22.165976235221994,19.720804091490276
1983-11-01,22.179957942841963,19.867597670123594
1983-11-02,22.14885274199427,19.623639721551356
1983-11-03,22.230040235785058,19.535402756073307
1983-11-04,22.15282161721362,19.330403466401474
1983-11-05,22.160674880782814,19.199207273760482
1983-11-06,21.995734634235188,19.12994175308993
1983-11-07,21.87731782130674,20.024664014774824
1983-11-08,21.745815188594904,19.979345077425766
1983-11-09,21.709786257740806,20.159893450774263
1983-11-10,21.797749735073012,20.55492541554199
1983-11-11,21.901984282379082,20.614516266515132
1983-11-12,21.919621257906364,19.905385708197187
1983-11-13,21.956780806040335,19.69594402614008
1983-11-14,22.00608193694741,19.46321494530474
1983-11-15,22.03549001142501,19.29728086375906
1983-11-16,22.102318028280948,19.742334138371927
1983-11-17,22.161625885849617,19.95088933087087
1983-11-18,22.055522258005784,19.73886773689445
1983-11-19,21.925019165811143,19.783382582753234
1983-11-20,21.784784063814254,19.774163943742014
1983-11-21,21.727636313209903,19.284970876544968
1983-11-22,21.8145389856608,19.273283136809212
1983-11-23,22.11359079544328,19.420710328171616
1983-11-24,22.275351690565245,19.45843159539708
1983-11-25,22.134489249759913,19.176256570535593
1983-11-26,22.097592041427987,19.04224889899134
1983-11-27,22.285014570983886,18.887942889615008
1983-11-28,22.331588464913768,18.957536581900843
1983-11-29,22.315241518197183,19.007914476488136
1983-11-30,22.22398201808126,19.25821139366387
1983-12-01,22.274777337152646,20.3568944452337
1983-12-02,22.26624766119149,20.168468532462
1983-12-03,22.300848946087346,19.78464696689871
1983-12-04,22.421691413882183,19.498477056400066
1983-12-05,22.552469098751484,19.407827816451203
1983-12-06,22.457880977414977,19.38148600653502
1983-12-07,22.386835633506696,19.135698252592697
1983-12-08,22.341706150445347,18.841953402471944
1983-12-09,22.27058406050266,19.05710186105981
1983-12-10,22.239274410537416,19.25997869015485
1983-12-11,22.416687253700672,19.319001278590708
1983-12-12,22.587875678875353,19.202219065208126
1983-12-13,22.92408581564397,19.60111095326041
1983-12-14,22.969129300924,19.983315811905104
1983-12-15,22.975628911812404,20.028164512004548
1983-12-16,23.064868385104536,20.089353601363833
1983-12-17,23.126428618736956,20.27521380877966
1983-12-18,23.09461262708219,20.183408154567413
1983-12-19,23.146693214557754,20.177451342520246
1983-12-20,23.3241503088055,20.749012643841457
1983-12-21,23.54045188677679,20.752675095894308
1983-12-22,23.550315884028233,20.843715016337548
1983-12-23,23.539381498990018,20.663715016337548
1983-12-24,23.469721164354052,20.809440261400766
1983-12-25,23.398246597344038,20.88726949850831
1983-12-26,23.350661137695827,20.982533030259983
1983-12-27,23.487705525383408,21.097120329592272
1983-12-28,23.66555456667882,20.938005398494102
1983-12-29,23.705496469020108,20.884965193919598
1983-12-30,23.814332094247803,21.12897570677653
1983-12-31,23.837531377289125,21.26574797556471
1984-01-01,23.76884125492605,21.17051001562722
1984-01-02,23.799770113753098,21.196365961074015
1984-01-03,24.17324910173202,21.018356300610883
1984-01-04,24.475476392522403,21.10036084671118
1984-01-05,24.55421099364181,21.266800681915054
1984-01-06,24.652489878961543,21.63200738741299
1984-01-07,24.609786816571212,21.8158559454468
1984-01-08,24.458542301387567,22.02378604915471
1984-01-09,24.381855979070814,21.53032817161529
1984-01-10,24.32907523926218,21.322030117914483
1984-01-11,24.139586403450718,20.65203295922716
1984-01-12,23.909358856012172,20.669113510441825
1984-01-13,23.623108172997345,20.67393521807075
1984-01-14,23.616418746067502,20.70191646540702
1984-01-15,23.85736788836641,21.049387697116074
1984-01-16,23.889443280789518,20.45706066202586
1984-01-17,23.924423121502155,19.228918880522805
1984-01-18,23.94275254992225,18.86035516408581
1984-01-19,24.026358537271893,18.64556613155278
1984-01-20,24.03368840447732,19.163651086802105
1984-01-21,23.92047237722291,18.894041767296493
1984-01-22,23.833165008113365,18.901436283563005
1984-01-23,24.198081990760627,19.23000426196903
1984-01-24,24.46605109779115,19.188209973007535
1984-01-25,24.551506109878435,19.922638158829375
1984-01-26,24.63367029423454,20.836351754510584
1984-01-27,24.746155599066157,21.416003693706497
1984-01-28,24.805376734443804,21.432837050717435
1984-01-29,24.84893108172996,21.504872851257286
1984-01-30,24.760366592707904,21.66231566983946
1984-01-31,24.615568847898743,21.76384713737747
1984-02-01,24.438167036460598,21.569572382440686
1984-02-02,24.3734146810941,20.973104134109956
1984-02-03,24.488638130443412,20.978364824548947
1984-02-04,24.63670196956649,21.054398352038643
1984-02-05,24.801457553730497,21.09245205284842
1984-02-06,24.86555079974836,21.005578917459864
1984-02-07,24.858096582441966,21.143358431595395
1984-02-08,24.733789263006255,21.48090922005967
1984-02-09,24.759072983243477,21.59284841596818
1984-02-10,25.10002934894196,21.488647535161245
1984-02-11,24.97643464168624,20.877305014916896
1984-02-12,24.94777405454176,21.38734195198181
1984-02-13,24.88750184207043,22.1991490268504
1984-02-14,24.849921577474575,22.787555050433305
1984-02-15,25.172332640659683,23.9127404460861
1984-02-16,25.581157523926134,24.843381162096897
1984-02-17,25.701964288671068,24.956603210683337
1984-02-18,25.723289792860193,24.958293791731784
1984-02-19,25.709725614299494,24.897464128427334
1984-02-20,25.72551290277185,24.867447080551216
1984-02-21,25.759204846507924,24.884850120755793
1984-02-22,25.789666730138745,24.888707202727655
1984-02-23,25.529401637579785,22.656202585594546
1984-02-24,25.180358769083057,22.368523938059383
1984-02-25,25.025101955492197,22.339416110242933
1984-02-26,25.077264318475375,22.448860633612732
1984-02-27,25.13368977050703,22.55143628356301
1984-02-28,25.36060332980097,22.97240659184543
1984-02-29,25.299292106831775,23.285729507032258
1984-03-01,25.078995016061235,23.14312686461145
1984-03-02,24.939265241580273,22.391139366387264
1984-03-03,25.09060477862038,22.022432163659616
1984-03-04,25.1830557050369,21.967579201591143
1984-03-05,25.172548018015004,22.12752237533741
1984-03-06,25.19452563582475,22.214386986787904
1984-03-07,25.42208785227009,22.707259553913904
1984-03-08,25.71639421962451,24.48257422929394
1984-03-09,25.889965766466837,24.61768575081688
1984-03-10,26.233903181607424,24.491599659042485
1984-03-11,26.23292638755504,24.437003835772128
1984-03-12,26.30357382355859,24.463970734479336
1984-03-13,26.229964007186187,23.390686177013784
1984-03-14,26.039772328376987,22.58713027418667
1984-03-15,25.924577689836827,22.305405597385995
1984-03-16,25.832867130840786,22.229161812757496
1984-03-17,25.674205032784737,22.470895013496243
1984-03-18,25.395894666688754,22.606054837334852
1984-03-19,25.377918543232767,22.23964341525785
1984-03-20,25.664371791899875,22.274740730217363
1984-03-21,25.823852762691672,22.209289671828394
1984-03-22,25.809998654667687,21.794770564000572
1984-03-23,25.690437978110374,21.674604347208415
1984-03-24,25.704110383481805,21.49855377184259
1984-03-25,25.43201481107396,20.584538997016626
1984-03-26,25.166249358379964,21.158531041341103
1984-03-27,25.247289300261627,21.500170478761184
1984-03-28,25.308642973639838,21.877107543685185
1984-03-29,25.148366766566184,21.93852251740304
1984-03-30,25.142436086366164,21.55522233271772
1984-03-31,25.195805295227977,21.450539849410426
1984-04-01,25.39401943901719,21.425186816309136
1984-04-02,25.405338340729145,21.196688450063935
1984-04-03,25.449190275524064,21.1029279727234
1984-04-04,25.488346752160805,21.156260832504625
1984-04-05,25.513981003907688,21.367079130558317
1984-04-06,25.56833007004007,21.582192072737605
1984-04-07,25.683560039076696,21.56342946441256
1984-04-08,25.687293729509594,21.57113936638727
1984-04-09,25.6511254636222,21.572571387981245
1984-04-10,25.40948235751901,21.337959937491114
1984-04-11,25.336167272411153,21.270760051143633
1984-04-12,25.498172852435665,21.138477056400056
1984-04-13,25.670105577540856,21.538310839607902
1984-04-14,25.727317842004165,21.66269640573946
1984-04-15,25.69265423717585,21.774017616138654
1984-04-16,25.456007136470486,20.89163233413837
1984-04-17,25.246950918137575,20.59898565137094
1984-04-18,25.127803010232775,20.373844296064785
1984-04-19,25.065861530118912,20.0746370223043
1984-04-20,24.792891615888998,19.892676516550647
1984-04-21,24.52680719525118,19.558928825117206
1984-04-22,24.45472124714369,19.55797982667993
1984-04-23,24.361184471967416,19.559018326466823
1984-04-24,24.32528467231845,19.47284415399915
1984-04-25,24.160585943967952,20.299641994601505
1984-04-26,24.17224405570089,20.684526211109535
1984-04-27,24.290911783455307,20.781679215797702
1984-04-28,24.378862552571377,20.91050007103282
1984-04-29,24.41590369076395,20.856333285978128
1984-04-30,24.389352439811926,20.583787469811057
1984-05-01,24.25583232605891,20.37147890325331
1984-05-02,24.1786798978376,19.958334990765735
1984-05-03,24.09837769480419,19.966182696405742
1984-05-04,23.930884814716627,20.017731211819868
1984-05-05,23.76154895353846,20.081765875834638
1984-05-06,23.659452180680116,19.771217502486152
1984-05-07,23.639836407590117,19.734716579059526
1984-05-08,23.674585679040977,20.214368518255437
1984-05-09,23.641443189720853,19.98180139224322
1984-05-10,23.442705256316835,19.674229293933795
1984-05-11,23.246698326820567,19.611757351896575
1984-05-12,23.042150524058684,19.34692854098594
1984-05-13,22.790494502765217,19.458491262963495
1984-05-14,22.8985704084843,19.26323057252451
1984-05-15,23.183359915720096,19.221750248614864
1984-05-16,23.25211347567635,19.334345787753946
1984-05-17,23.222521794383592,19.26151015769286
1984-05-18,23.16537073219198,19.096887341951984
1984-05-19,23.092547231513006,18.859906236681347
1984-05-20,23.02360745686662,18.8507884642705
1984-05-21,22.851507268934014,18.969927546526495
1984-05-22,22.85285502284994,18.85958516834778
1984-05-23,22.942182460178177,18.890741582611163
1984-05-24,22.964616766566206,18.924122744708054
1984-05-25,23.05821689654603,18.66569683193636
1984-05-26,23.030740036261893,18.624583037363266
1984-05-27,22.897400052157558,18.720171899417533
1984-05-28,22.86090965162099,18.594358573661033
1984-05-29,22.625698310262617,18.496567694274756
1984-05-30,22.65560840066896,19.25136667140219
1984-05-31,22.699263854853164,20.229774115641426
1984-06-01,22.672352199721896,20.64782639579486
1984-06-02,22.746697643805682,20.74855235118624
1984-06-03,22.791338398681994,20.238433016053417
1984-06-04,22.82977334255058,20.013979258417386
1984-06-05,22.81838887141107,19.891667850546956
1984-06-06,22.767866447825952,19.981196192640997
1984-06-07,22.688546937609708,20.05337263815883
1984-06-08,22.491413902871184,19.543480608040916
1984-06-09,22.292790964334213,19.25688165932661
1984-06-10,22.22313131271317,19.163744850120757
1984-06-11,22.223971814253083,18.752162238954394
1984-06-12,22.34946461982977,19.639704503480612
1984-06-13,22.26859077474587,19.718673106975423
1984-06-14,22.299037921813436,18.924588719988638
1984-06-15,22.20614605755535,19.152111095326045
1984-06-16,22.195366572010435,19.335544821707636
1984-06-17,22.250097464151956,19.349062366813474
1984-06-18,22.20782985478689,19.919126296348914
1984-06-19,22.137042359340366,19.67792442108254
1984-06-20,22.000344115309456,18.721618127574935
1984-06-21,21.808284597807734,18.60106833357011
1984-06-22,21.787991294665012,19.370394942463424
1984-06-23,21.761877649269785,19.29833214945305
1984-06-24,21.623433060403332,19.61352748970024
1984-06-25,21.553668762625403,19.61231424918313
1984-06-26,21.49903305791965,18.07619832362552
1984-06-27,21.509676602808224,17.378862054269078
1984-06-28,21.50537267774942,17.426174172467682
1984-06-29,21.39363355631356,17.87288819434579
1984-06-30,21.269913112229677,18.105232277312115
1984-07-01,21.306238430142056,18.221167779514136
1984-07-02,21.334073459284067,18.301169200170477
1984-07-03,21.345485209623508,18.38867594828811
1984-07-04,21.390929976487687,18.462875408438695
1984-07-05,21.547948595887053,17.57866600369371
1984-07-06,21.739080579196585,17.77415541980395
1984-07-07,21.781510766798053,18.321461855377184
1984-07-08,21.721073057754083,18.305695411280016
1984-07-09,21.48035518842932,18.49679215797699
1984-07-10,21.439838539424443,18.841396505185397
1984-07-11,21.408923154617966,18.78215371501634
1984-07-12,21.392452251051413,18.916408580764312
1984-07-13,21.36183635791636,18.902744708055117
1984-07-14,21.24404023992448,18.300863759056686
1984-07-15,20.959035044871996,17.77196192641
1984-07-16,20.944363761300803,18.374610029833782
1984-07-17,20.94331491952841,18.5752578491263
1984-07-18,20.91427923303641,18.338607756783638
1984-07-19,20.997430104811688,18.599876402898136
1984-07-20,20.94349778123655,18.97348060804092
1984-07-21,20.90963520796766,18.771504475067488
1984-07-22,20.854531472497253,17.90853246199745
1984-07-23,20.911192336987153,18.67184401193352
1984-07-24,20.86976369755273,19.08263389686035
1984-07-25,20.829523255621417,18.886927120329595
1984-07-26,20.922784837897787,18.746704077283706
1984-07-27,20.99719160843789,18.911149310981678
1984-07-28,20.94799007351727,18.92462849836625
1984-07-29,20.89125186276783,18.940956101719
1984-07-30,20.868499850978534,18.91421792868305
1984-07-31,20.858777320594736,18.98242079840886
1984-08-01,20.89715433238404,19.018144622815747
1984-08-02,20.935701518362727,19.04752379599375
1984-08-03,20.8119512699937,18.67996874556045
1984-08-04,20.711915877405037,18.326236681346785
1984-08-05,20.610156513892075,17.926205426907238
1984-08-06,20.271079618836254,17.745149879244213
1984-08-07,20.0874100283141,17.627759624946723
1984-08-08,19.87814062655233,17.67248330728797
1984-08-09,19.66070977663342,17.402612587015202
1984-08-10,19.64891847700103,17.480170478761192
1984-08-11,19.755693777527572,17.346020741582613
1984-08-12,19.90171801006726,17.379948856371644
1984-08-13,19.959372950955405,17.964614291802814
1984-08-14,20.244424653111214,18.629704503480614
1984-08-15,20.428385145875424,18.75044750674812
1984-08-16,20.520048018015043,18.703464980821142
1984-08-17,20.506049938735647,18.339762750390683
1984-08-18,20.469248166208555,17.886196902969175
1984-08-19,20.430795877901787,18.13416110242933
1984-08-20,20.411830314269622,19.02584458019605
1984-08-21,20.36910477448094,18.911220343798842
1984-08-22,20.317859410703065,18.90318369086518
1984-08-23,20.29889171523659,19.017072027276605
1984-08-24,20.296865355002193,18.086787896007955
1984-08-25,20.24429779862237,17.7852578491263
1984-08-26,20.18555458737625,17.598244068759765
1984-08-27,20.27334619333048,17.748178718567978
1984-08-28,20.356111016822886,17.772719136240944
1984-08-29,20.39492362651927,18.500922005966753
1984-08-30,20.380635597079188,18.68944026140077
1984-08-31,20.55807383597706,19.307644551782925
1984-09-01,20.688193384276552,19.380977411564146
1984-09-02,20.66456407093413,19.107198465691148
1984-09-03,20.56847971238863,19.016368802386697
1984-09-04,20.465336664238137,18.75467822133826
1984-09-05,20.209537371262094,18.07422219065208
1984-09-06,20.150031667053003,17.9836937064924
1984-09-07,20.24878878696557,18.01323625514988
1984-09-08,20.246847865682017,17.978546668560874
1984-09-09,20.197552819816533,17.887930103707912
1984-09-10,20.41355718283277,17.76170336695554
1984-09-11,20.36734772907906,17.748724250603782
1984-09-12,20.230910003477142,17.52727802244637
1984-09-13,20.140710459648293,17.431892314249183
1984-09-14,20.066825408981035,17.707442818582184
1984-09-15,19.99357868745247,18.14847563574372
1984-09-16,19.90977804086494,18.143754794715164
1984-09-17,20.008556479120447,17.12281432021594
1984-09-18,20.20211302033315,17.139930387839183
1984-09-19,20.162563561777684,17.58797982667993
1984-09-20,20.118906513892128,17.7705554766302
1984-09-21,20.12560349538031,18.030367949992897
1984-09-22,20.001998874060366,17.876128711464702
1984-09-23,19.944467041427973,16.252388123312972
1984-09-24,19.99161383995102,16.47817019462992
1984-09-25,20.31370229244626,17.625095894303172
1984-09-26,20.530763362254575,18.407430032675094
1984-09-27,20.54329925158126,18.773555902827102
1984-09-28,20.555024774812065,18.656931382298627
1984-09-29,20.792949672152886,18.782487569257004
1984-09-30,20.816478044176574,19.241525784912636
1984-10-01,20.728999279729756,19.195458161670697
1984-10-02,20.47647520862991,17.6623199318085
1984-10-03,20.362676859456283,16.96023724960932
1984-10-04,20.155189588369712,17.149075152720556
1984-10-05,20.210148669569794,17.82132547236824
1984-10-06,20.15696484750145,17.54433868447223
1984-10-07,20.134823657979286,17.394526211109532
1984-10-08,20.13092254611385,17.418447222616848
1984-10-09,20.066425307149753,17.041338258275324
1984-10-10,20.16486254843204,16.504342946441255
1984-10-11,20.335696219823152,17.200842449211535
1984-10-12,20.231404630426905,17.55674101434863
1984-10-13,20.145314538695924,17.881848273902545
1984-10-14,20.252267071232286,17.362663730643558
1984-10-15,20.308754056694397,17.060291234550366
1984-10-16,20.411962260323822,17.913662452052854
1984-10-17,20.462194133523163,18.446530757209832
1984-10-18,20.480945002814828,18.506695553345644
1984-10-19,20.44218891777328,17.75440403466402
1984-10-20,20.39834368894267,17.536088933087086
1984-10-21,20.34717921068315,17.666785054695275
1984-10-22,20.468503680001326,17.59723966472511
1984-10-23,20.673747330032832,17.72605909930388
1984-10-24,20.80705550220224,17.908836482454895
1984-10-25,20.86752359505911,17.94045176871715
1984-10-26,20.922964657085107,18.21565989487143
1984-10-27,21.21780539043609,18.503673817303596
1984-10-28,21.353683292214466,18.634118482739026
1984-10-29,21.389237941682925,18.664439551072597
1984-10-30,21.33708706576817,18.793875550504335
1984-10-31,21.09811394757757,18.597802244637027
1984-11-01,20.909893470377792,18.136969740019886
1984-11-02,21.080915612478023,19.212808637590566
1984-11-03,21.11990266003246,18.871412132405176
1984-11-04,20.85272334586221,18.502966330444664
1984-11-05,20.416818599529748,17.58362977695695
1984-11-06,20.80453554988904,17.482365392811477
1984-11-07,21.28725630857366,17.74385992328456
1984-11-08,21.389817138291914,18.365953970734484
1984-11-09,21.296318570553375,18.107925841738886
1984-11-10,21.282441074444456,18.013078562295778
1984-11-11,21.31150333642419,18.077297911635178
1984-11-12,21.17488252144247,17.67349907657338
1984-11-13,21.168152631056067,17.739409006961214
1984-11-14,21.356955926913223,18.928711464696683
1984-11-15,21.327780698413704,18.834267651655068
1984-11-16,21.283503617909087,18.596229578065067
1984-11-17,21.373444299102548,18.46793578633329
1984-11-18,21.293809194621957,18.576975422645265
1984-11-19,21.408033289730767,18.569470095183977
1984-11-20,21.847769811570693,19.502204858644703
1984-11-21,21.760958373348327,19.51486574797557
1984-11-22,21.547011954829863,20.083950845290534
1984-11-23,21.471169611219633,20.39216934223611
1984-11-24,21.740584370964005,20.31427475493678
1984-11-25,21.886667135808217,20.029042477624664
1984-11-26,21.911966834453743,19.93442960647819
1984-11-27,22.079203956518874,19.77650518539565
1984-11-28,22.299390171209055,18.150358005398495
1984-11-29,22.437690519753605,18.818900411990345
1984-11-30,22.268708480974897,18.61011791447649
1984-12-01,22.2212904634566,18.074226452621115
1984-12-02,22.11616950773255,18.354381304162523
1984-12-03,22.147595559989437,19.092935076005112
1984-12-04,22.15597702172396,19.490683335701103
1984-12-05,22.12020277262645,19.577128853530333
1984-12-06,22.0828040864987,19.58061088222759
1984-12-07,22.09481850432165,19.750700383577215
1984-12-08,22.20356370252017,19.836186958374775
1984-12-09,22.01734981951851,18.1675877255292
1984-12-10,22.063243451336213,18.095318937349056
1984-12-11,22.312718068020082,18.729282568546672
1984-12-12,22.52846507931254,19.071696263673818
1984-12-13,22.537883523197685,19.096912913766165
1984-12-14,22.483487556710994,18.37223895439693
1984-12-15,22.436334072921195,18.51069185963915
1984-12-16,22.514003170844827,19.083555902827104
1984-12-17,22.52408206941088,19.560375053274615
1984-12-18,22.457798601682338,19.366367381730356
1984-12-19,22.443180613968348,19.38517829237108
1984-12-20,22.500982320263592,19.72682057110385
1984-12-21,22.70146483922247,19.54780366529336
1984-12-22,22.970334491009087,19.3888762608325
1984-12-23,23.20665635245224,19.734602926552068
1984-12-24,23.215973089214227,20.131916465407016
1984-12-25,22.997940792959604,20.38463702230431
1984-12-26,22.93976181408749,19.953903963631202
1984-12-27,23.007386122793683,20.16665719562438
1984-12-28,23.10910361542536,20.804550362267367
1984-12-29,23.148293973739168,20.459650518539565
1984-12-30,23.04891110871935,19.432818582184975
1984-12-31,23.06682576083717,19.401576928540987
1985-01-01,23.01050855631356,19.000355164085807
1985-01-02,22.996811810775935,19.096128711464697
1985-01-03,23.346782006490628,19.577293649666146
1985-01-04,23.45527355780378,19.493550220201737
1985-01-05,23.37713758817099,19.54871856797841
1985-01-06,23.186336784283206,19.68697968461429
1985-01-07,23.14249557075203,19.785192498934514
1985-01-08,23.380942850283194,19.067745418383296
1985-01-09,23.291006908798884,18.811795709617844
1985-01-10,22.991860553200674,19.381807074868593
1985-01-11,23.07807990032124,19.658711464696687
1985-01-12,23.103161034208743,19.79234692427901
1985-01-13,23.112978172500572,20.297300752947855
1985-01-14,23.048075202006828,20.504003409575226
1985-01-15,23.342087831572716,20.545851683477768
1985-01-16,23.48204502930759,20.638009660463133
1985-01-17,23.480776298142214,20.680984514845857
1985-01-18,23.466920244560725,20.23659468674528
1985-01-19,23.505253025962883,20.11762324193778
1985-01-20,23.492076303109606,20.338714306009376
1985-01-21,23.643166187866342,20.646571956243783
1985-01-22,23.705099326919903,20.69797698536724
1985-01-23,23.86157405950922,20.760828242648103
1985-01-24,23.910114146272868,20.962067054979403
1985-01-25,23.846011814087575,21.0303054411138
1985-01-26,23.665827379375454,20.74854382724819
1985-01-27,23.748876854488863,20.558182980537016
1985-01-28,23.872407275557244,20.438312260264237
1985-01-29,23.92643571795214,20.363720698962926
1985-01-30,24.04834209524124,20.733956527915904
1985-01-31,24.363537251217046,21.1659283989203
1985-02-01,24.49758045087265,21.13943457877539
1985-02-02,24.58508011971386,21.11323625514988
1985-02-03,24.66824092625097,21.087452763176593
1985-02-04,24.64132852601251,21.03284557465549
1985-02-05,24.52553662201553,20.893101292797272
1985-02-06,24.40669886495347,20.867300752947862
1985-02-07,24.124893760141696,20.79554482170763
1985-02-08,24.008851396661928,20.73895581758773
1985-02-09,24.113936007716013,20.941721835488007
1985-02-10,24.193727212140235,21.113578633328597
1985-02-11,24.140095104646168,21.356178434436718
1985-02-12,24.210742375070428,21.45244779087939
1985-02-13,24.358834755936,21.479437420088075
1985-02-14,24.44913108090209,21.486213950845286
1985-02-15,24.488796486405978,21.747256712601228
1985-02-16,24.457042918170643,21.86855235118625
1985-02-17,24.412568963804322,21.99526637306436
1985-02-18,24.292776165678774,22.079661883790315
1985-02-19,24.30339646736436,22.08537576360278
1985-02-20,24.61741435407493,22.83169200170479
1985-02-21,24.87599391081905,22.890549794004837
1985-02-22,25.09138633390738,22.908005398494108
1985-02-23,25.273474434546525,23.290100866600365
1985-02-24,25.414390067721975,23.66589572382441
1985-02-25,25.51674961502803,23.626834777667284
1985-02-26,25.503461105407805,23.417731211819863
1985-02-27,25.52751734443822,23.235931240232993
1985-02-28,25.632658190383154,23.023197897428613
1985-03-01,25.711888970758736,22.93167069185964
1985-03-02,25.654918472861578,23.022020173320076
1985-03-03,25.500253170844807,22.747354737888912
1985-03-04,25.476072188462428,22.741034237817875
1985-03-05,25.438613500513245,22.799369228583615
1985-03-06,25.392051155743946,23.164523369796843
1985-03-07,25.165332028016053,23.224605767864748
1985-03-08,24.994167943007533,23.22753089927547
1985-03-09,25.050082810378466,23.248901832646695
1985-03-10,25.071636006888102,23.214756357437135
1985-03-11,25.221922811040837,23.222422219065212
1985-03-12,25.32386491207732,23.40556613155278
1985-03-13,25.21385766798025,23.529066628782502
1985-03-14,25.275737490479155,23.33460292655207
1985-03-15,25.311757045401837,22.333572950703232
1985-03-16,25.55267007070239,22.699029691717573
1985-03-17,25.783896082392317,22.741483165222334
1985-03-18,25.821695594761017,22.795921295638593
1985-03-19,25.680482146405243,22.73391532888194
1985-03-20,25.70010675729381,23.1911564142634
1985-03-21,25.83123799549627,23.236526495240803
1985-03-22,25.964958274000754,22.303074300326756
1985-03-23,26.123881801172374,21.968670265662738
1985-03-24,26.11734151985298,21.653043045887205
1985-03-25,25.958646554293505,21.50629919022588
1985-03-26,25.784102787528557,21.702163659610743
1985-03-27,25.641028827366867,21.921397925841738
1985-03-28,25.50595481339203,21.36606051996022
1985-03-29,25.280528032585977,20.916250887910213
1985-03-30,25.166747772957503,20.88996448359142
1985-03-31,25.073282196906987,20.89140218781077
1985-04-01,24.940891913931814,20.684502059951697
1985-04-02,24.9335786874524,20.644193777525217
1985-04-03,24.96377489899661,20.229874982241796
1985-04-04,24.920326149948643,19.79723824406876
1985-04-05,24.810432410504408,19.74285267793722
1985-04-06,24.642501159055605,19.89306719704503
1985-04-07,24.656659808921454,20.074916891603927
1985-04-08,24.631377102857932,20.067383151015772
1985-04-09,24.59073095009438,20.09186390112232
1985-04-10,24.33082735867803,20.07923000426197
1985-04-11,23.91779746332419,19.57942463418099
1985-04-12,23.650214508063748,18.842088364824555
1985-04-13,23.600506362387026,19.226877397357583
1985-04-14,23.599312452395946,19.357245347350474
1985-04-15,23.571353176640027,19.613266088933088
1985-04-16,23.505361025101838,19.7426225316096
1985-04-17,23.40515454763722,19.594082966330447
1985-04-18,23.434449779779452,19.723258985651377
1985-04-19,23.52503282610858,19.71432163659611
1985-04-20,23.586575322051832,19.50082540133542
1985-04-21,23.72841627479554,19.819687455604488
1985-04-22,23.863125331158695,19.848219917601934
1985-04-23,23.89911688247173,19.72138371927831
1985-04-24,23.97351346988108,19.6895269214377
1985-04-25,23.942110640129794,19.783911066912914
1985-04-26,24.015508639103253,19.796275039068053
1985-04-27,23.939529713216498,19.838120471657906
1985-04-28,23.833009404907813,19.623727802244638
1985-04-29,23.812801540716,19.777856229578063
1985-04-30,23.735071199125755,19.681078278164517
1985-05-01,23.431638656157915,19.445203864185252
1985-05-02,23.035151815577795,18.575027702798696
1985-05-03,22.853602944828953,18.373936638727095
1985-05-04,22.75349740868298,18.52568972865464
1985-05-05,22.795025871775373,18.533967893166647
1985-05-06,22.731387161804136,18.450021309845155
1985-05-07,22.681069145941674,18.541420656343234
1985-05-08,22.522106252276725,18.536831936354595
1985-05-09,22.50072563085732,18.34278874840176
1985-05-10,22.44959582077691,18.338359141923572
1985-05-11,22.639373654667704,18.69108538144623
1985-05-12,22.724469607908155,18.665757920159116
1985-05-13,22.664470642779122,18.547921579769852
1985-05-14,22.560611650163963,18.445630061088224
1985-05-15,22.40692895817469,18.4757081971871
1985-05-16,22.4666703025135,18.751542832788747
1985-05-17,22.53041473490741,18.868775394232134
1985-05-18,22.526920265258155,18.439384855803382
1985-05-19,22.578849885750195,18.87810342378178
1985-05-20,22.440372387985533,18.931993180849556
1985-05-21,22.455795484650785,19.04097883222049
1985-05-22,22.402275846938462,18.947020883648246
1985-05-23,22.446953919263436,18.657059241369517
1985-05-24,22.339055556015484,18.50682767438557
1985-05-25,22.228042375898237,18.58339963062935
1985-05-26,22.19419356641389,18.67155419803949
1985-05-27,22.195166448653815,18.812861201875265
1985-05-28,22.111874772328353,18.632165080267086
1985-05-29,22.208998058581987,18.621358147464132
1985-05-30,22.25779760820608,18.797297911635177
1985-05-31,22.39757372421107,18.709404744992188
1985-06-01,22.31702538745571,18.493533172325613
1985-06-02,22.251733636619495,18.40356584742151
1985-06-03,22.18706353280135,18.28836766586163
1985-06-04,22.144390957711018,18.174523369796848
1985-06-05,22.136257285491922,18.361541412132414
1985-06-06,22.186245177501064,19.32852251740304
1985-06-07,22.38596199539688,19.233530331012933
1985-06-08,22.461172508858485,19.470483023156696
1985-06-09,22.425358851872655,19.181730359426055
1985-06-10,22.238645498725024,18.97468248330729
1985-06-11,22.09338450425535,18.92119761329734
1985-06-12,22.0424101111038,19.20764028981389
1985-06-13,21.98035628539264,19.79273050149169
1985-06-14,21.92251717885884,20.110710328171617
1985-06-15,21.76423162896974,19.433484870009945
1985-06-16,21.689679003708985,19.80887341951982
1985-06-17,21.69057658873396,19.784283278874835
1985-06-18,21.61532362486338,19.709068049438844
1985-06-19,21.549500923104965,19.64490694700952
1985-06-20,21.524643549028042,19.30056542122461
1985-06-21,21.37795288025298,18.904813183690866
1985-06-22,21.288250840315275,18.965559028271066
1985-06-23,21.165600307977634,18.87938769711607
1985-06-24,21.15523917938866,18.919690296917175
1985-06-25,21.20106250206975,18.945711038499788
1985-06-26,21.26905450044705,19.117638869157553
1985-06-27,21.349382368281642,19.046296348913202
1985-06-28,21.42208592740997,19.02910214519108
1985-06-29,21.388199759082084,19.02454894161103
1985-06-30,21.277746796039352,19.042267367523802
1985-07-01,21.046365160446406,18.948644693848564
1985-07-02,20.89888925224361,18.936857508168774
1985-07-03,20.84362680895454,19.049812473362696
1985-07-04,20.738364800311317,18.681333996306293
1985-07-05,20.74920848925387,18.530458871998864
1985-07-06,20.711779170944126,18.481703366955536
1985-07-07,20.611889819352953,18.52568688734195
1985-07-08,20.61748091697856,18.4279329450206
1985-07-09,20.734413621386246,18.453466401477485
1985-07-10,20.815171478126945,18.2979855093053
1985-07-11,20.810952785044876,18.159328029549656
1985-07-12,20.798080210782555,18.221477482596967
1985-07-13,20.92791436235388,18.26345361557039
1985-07-14,21.025640378183233,18.25301037079131
1985-07-15,21.043619523462556,18.58675380025572
1985-07-16,20.893750206974172,18.148370507174317
1985-07-17,20.710964003046666,17.89371075436852
1985-07-18,20.61161632364141,17.98071174882796
1985-07-19,20.53479242557211,18.42623526069044
1985-07-20,20.519215981720066,18.52784486432732
1985-07-21,20.51978054525284,18.87395226594687
1985-07-22,20.490046962446613,18.514570251456174
1985-07-23,20.364321600655664,17.81408722829948
1985-07-24,20.242156671192546,17.530825401335417
1985-07-25,20.081584946352322,17.37342378178719
1985-07-26,19.86301006722522,17.469261258701522
1985-07-27,19.75543835066395,17.271711890893595
1985-07-28,19.697741725171394,17.12609319505612
1985-07-29,19.707106479948308,17.09801676374485
1985-07-30,19.793710302347932,17.1874399772695
1985-07-31,19.740118803192413,17.09867736894445
1985-08-01,19.690319630261232,17.07911635175451
1985-08-02,19.675189505580033,16.96655632902401
1985-08-03,19.774473809484412,17.44100014206564
1985-08-04,19.828843428155118,17.5410186105981
1985-08-05,19.801349720170865,17.510951839749964
1985-08-06,19.590266727655038,17.447759624946727
1985-08-07,19.41790295807526,17.239237107543694
1985-08-08,19.367515212603937,17.238106265094473
1985-08-09,19.41513792760869,17.030647819292515
1985-08-10,19.42733340646421,17.067270919164656
1985-08-11,19.37582810378514,17.46646966898707
1985-08-12,19.310963175149883,17.41245915613014
1985-08-13,19.421482721793552,17.522828526779374
1985-08-14,19.59514643424846,17.52275749396221
1985-08-15,19.66599215153823,17.910987356158547
1985-08-16,19.698439124747484,18.127465549083677
1985-08-17,19.72209058432957,18.10423355590283
1985-08-18,19.721358413087422,18.062456314817453
1985-08-19,19.717318380137055,17.935385708197188
1985-08-20,19.69969028380304,18.01257707060662
1985-08-21,19.737054239659575,18.22939622105413
1985-08-22,19.811261776832126,18.29928540985935
1985-08-23,19.856231972546933,18.204986503764736
1985-08-24,19.914568313905402,18.102003125443957
1985-08-25,19.894398056926192,17.957671544253447
1985-08-26,19.824720129483048,17.808593550220206
1985-08-27,19.717617437162623,17.916131552777383
1985-08-28,19.65366232572776,17.880159113510448
1985-08-29,19.569576178925033,17.579833783207846
1985-08-30,19.41109400354342,17.340708907515268
1985-08-31,19.385557940358357,17.3469896292087
1985-09-01,19.362995806702703,17.155534877113226
1985-09-02,19.30149892787361,17.02967893166643
1985-09-03,19.252860031625662,17.09169484301748
1985-09-04,19.332467256681152,16.972895297627506
1985-09-05,19.41191124118288,17.07784344367098
1985-09-06,19.446614688545274,17.115814746412845
1985-09-07,19.424995446567614,17.195016337547948
1985-09-08,19.480808503328095,17.438627645972442
1985-09-09,19.43803645643606,17.28295496519392
1985-09-10,19.260939600788173,17.22884216508027
1985-09-11,19.20919487035138,17.200223043045888
1985-09-12,19.225926437228892,17.18038641852536
1985-09-13,19.2592941144816,17.237849126296346
1985-09-14,19.27469136006896,17.22639863616991
1985-09-15,19.250885145875387,17.135395652791598
1985-09-16,19.300954378746223,17.13603494814605
1985-09-17,19.4212584445475,17.43856797840603
1985-09-18,19.36868095340596,17.408684472226167
1985-09-19,19.44730244312351,17.464293223469245
1985-09-20,19.31137035549889,17.411974712317097
1985-09-21,19.355000703712285,17.57269640573945
1985-09-22,19.37204633324496,17.832446370223042
1985-09-23,19.28556561910126,17.930473078562297
1985-09-24,19.248659862734698,18.04905242221907
1985-09-25,19.204435395072345,18.069116351754506
1985-09-26,19.237625012418423,18.05222048586447
1985-09-27,19.369944137662685,17.93686603210684
1985-09-28,19.342091018975378,17.796660036937066
1985-09-29,19.346862229691713,17.695313254723683
1985-09-30,19.343933110077163,17.581025713879814
1985-10-01,19.409617284001712,17.540947577780937
1985-10-02,19.398987999635736,17.38858076431312
1985-10-03,19.369139277080503,17.511211819860776
1985-10-04,19.360832657217607,17.560889330870868
1985-10-05,19.34277128108752,17.649474357153004
1985-10-06,19.339396525317046,17.937302173604206
1985-10-07,19.337434741033817,17.772442108254015
1985-10-08,19.334623865781392,17.557788038073593
1985-10-09,19.48976771285226,17.603030259980113
1985-10-10,19.59693388416068,17.660529904816027
1985-10-11,19.599426950524887,17.578796704077284
1985-10-12,19.637842935556527,17.87556044892741
1985-10-13,19.72818611948205,18.011483165222337
1985-10-14,19.90424319882773,17.58946157124592
1985-10-15,20.012218970427487,18.134001988918882
1985-10-16,20.073210066397394,18.86282142349766
1985-10-17,20.072058441235946,18.81243074300327
1985-10-18,20.04273913799387,18.401450490126443
1985-10-19,19.94531756051929,18.1829805370081
1985-10-20,19.952755861509434,18.201615286262253
1985-10-21,19.988542529059153,17.986772268788183
1985-10-22,20.03348739113164,18.084209404744996
1985-10-23,20.03468680663644,18.00281716152863
1985-10-24,20.168798452660848,17.76245631481745
1985-10-25,20.37748149650632,17.926415684046034
1985-10-26,20.53189766367519,18.24407018042336
1985-10-27,20.497399451932246,18.10613439409007
1985-10-28,20.396299342649915,17.82881233129706
1985-10-29,20.378864042785718,17.488114789032533
1985-10-30,20.344615317746843,17.334027560733063
1985-10-31,20.39356117743483,17.242376758062225
1985-11-01,20.44213845746264,17.22570109390539
1985-11-02,20.50380288190879,17.182702088364824
1985-11-03,20.545447147067602,17.432488989913338
1985-11-04,20.480504830777914,17.644044608609175
1985-11-05,20.534168398350786,17.868991333996306
1985-11-06,20.55626345332313,18.149475777809347
1985-11-07,20.587217045567474,18.176506606052
1985-11-08,20.683979327416633,19.127474073021734
1985-11-09,20.670639053548356,18.898219917601928
1985-11-10,20.651132107494128,18.746226736752384
1985-11-11,20.623347745636977,18.6534109958801
1985-11-12,20.580529584892574,18.288619122034383
1985-11-13,20.520676826340363,18.34099161812758
1985-11-14,20.500932915521474,18.326746696974006
1985-11-15,20.662253431632216,18.641395084529055
1985-11-16,20.78759520813328,18.60485438272482
1985-11-17,20.802013548531324,18.51094047449922
1985-11-18,20.776809513362245,18.525782071316943
1985-11-19,20.83242815925425,18.46340957522375
1985-11-20,20.916369030863937,18.472977695695413
1985-11-21,21.057215348378982,19.078634749254153
1985-11-22,21.217230229824114,19.54650518539566
1985-11-23,21.43612945822432,19.824209404744998
1985-11-24,21.580916668046495,19.987508168773978
1985-11-25,21.62069100407323,20.07360704645546
1985-11-26,21.537229484717006,20.05645262111095
1985-11-27,21.408682754081468,19.49209404744992
1985-11-28,21.38091894476272,18.903420940474508
1985-11-29,21.450667967844577,18.65127717005257
1985-11-30,21.534996874689522,18.615446796419953
1985-12-01,21.536920161770933,18.8852052848416
1985-12-02,21.509659548133897,18.975706776530753
1985-12-03,21.441131238202498,18.938617701378035
1985-12-04,21.507526989436005,18.966606051996024
1985-12-05,21.75126339123089,19.243079982952125
1985-12-06,21.982547728251102,19.38599943173746
1985-12-07,21.999922819319803,19.635129990055407
1985-12-08,21.84586148872397,19.41161386560591
1985-12-09,21.940819348776355,19.60299900554056
1985-12-10,22.06515040815313,19.717786617417246
1985-12-11,22.079418837136167,20.12186958374769
1985-12-12,22.182257198562777,20.184374200880814
1985-12-13,22.27312475163097,20.34637164369939
1985-12-14,22.216876635096163,20.424234976559173
1985-12-15,22.08547254280223,20.458616280721696
1985-12-16,22.247802823956043,20.549426054837344
1985-12-17,22.312947995661812,20.521490268504053
1985-12-18,22.409777088783596,20.6365165506464
1985-12-19,22.440819348776415,20.631429180281287
1985-12-20,22.36857307845149,20.467633186532176
1985-12-21,22.23505511723019,20.469825259269786
1985-12-22,22.338918621882943,20.732005966756645
1985-12-23,22.34395318657482,20.880981673533178
1985-12-24,22.663994560717956,20.877672964909795
1985-12-25,22.889267766665682,21.085201022872567
1985-12-26,22.87191306255593,21.117851967609038
1985-12-27,23.34226419429078,21.71927404460861
1985-12-28,23.535065879888723,21.9073874129848
1985-12-29,23.41326379690039,22.070991618127575
1985-12-30,23.265466995893572,21.9703153857082
1985-12-31,23.438469736232083,21.71916465407018
1986-01-01,23.4788709350267,21.368100582469093
1986-01-02,23.45968713779514,21.344246341809917
1986-01-03,23.81043468722059,21.63550504333002
1986-01-04,23.859329776136722,21.659242790169063
1986-01-05,23.920662317448738,21.677599090779943
1986-01-06,23.86656511822366,21.70646966898707
1986-01-07,23.654077578070687,21.73437278022447
1986-01-08,23.71354161837272,21.784195198181568
1986-01-09,23.743395680862342,21.83647251029976
1986-01-10,23.723993650031474,22.15915470947578
1986-01-11,23.886895925091927,22.28307287967041
1986-01-12,24.02216956568535,21.88911066912913
1986-01-13,24.17547850365935,21.904361414973717
1986-01-14,24.25733112974802,22.104314533314394
1986-01-15,24.393591561247792,23.41913055831795
1986-01-16,24.696499279729707,23.512236113084253
1986-01-17,24.847235528363733,23.533751953402465
1986-01-18,24.92320035930723,23.58425628640432
1986-01-19,24.920882351723623,23.50597954254866
1986-01-20,24.795929790210984,23.42516124449495
1986-01-21,24.777396264529642,23.09631623810201
1986-01-22,24.76932797546117,22.804300326750962
1986-01-23,24.802838175149873,22.766589004119904
1986-01-24,25.307153670066544,22.77662025855945
1986-01-25,25.318846160214594,22.977131694843013
1986-01-26,25.102191049607555,23.008182980537015
1986-01-27,25.10516133639109,22.949035374342948
1986-01-28,25.10900424711065,22.89348629066629
1986-01-29,25.13814859505919,23.070288393237682
1986-01-30,25.275714702619503,23.168222758914617
1986-01-31,25.557157002351257,23.371403608467112
1986-02-01,25.598148657151384,23.325594544679642
1986-02-02,25.50738101053084,23.290804091490273
1986-02-03,25.658151885948897,23.387913055831795
1986-02-04,25.73794994121938,23.577358999857935
1986-02-05,25.746185506838362,23.633635459582326
1986-02-06,25.543560266748383,23.545088791021453
1986-02-07,25.34242397837532,23.465210967466977
1986-02-08,25.5204155421068,22.485159823838615
1986-02-09,25.630949970195672,22.458566557749684
1986-02-10,25.812088721561715,22.74356300610882
1986-02-11,25.914280019538417,22.73993607046456
1986-02-12,25.89687622114779,22.731745986645834
1986-02-13,26.062347563499724,23.02438840744425
1986-02-14,25.98353741679643,23.000369370649242
1986-02-15,25.86807528479647,22.916218212814325
1986-02-16,25.854255389608213,22.981156414263396
1986-02-17,25.742797484021576,23.186182696405748
1986-02-18,25.59840932046231,23.079274044608606
1986-02-19,25.53989676126769,22.729038215655628
1986-02-20,25.682249188661185,22.57848415968177
1986-02-21,25.841664548630646,22.360527063503344
1986-02-22,25.861609058846984,22.229359283989204
1986-02-23,26.052919743683105,22.189741440545532
1986-02-24,26.0260341259065,22.148184401193355
1986-02-25,26.01989338758816,22.871520102287263
1986-02-26,26.152784755108122,22.984327319221475
1986-02-27,26.259095833195303,23.17948003977838
1986-02-28,26.291833957015633,23.188958658900418
1986-03-01,26.37602501904167,23.038785338826543
1986-03-02,26.41952900950421,23.013993464980825
1986-03-03,26.314808528164942,22.866848984230717
1986-03-04,26.3160267990198,22.678427333428054
1986-03-05,26.425889864887242,22.855998011081116
1986-03-06,26.45923850051332,22.635581758772556
1986-03-07,26.47629420968969,21.867427191362413
1986-03-08,26.43974434546471,21.723797414405453
1986-03-09,26.30900880054306,21.786205426907227
1986-03-10,26.219296370500434,21.810090922005966
1986-03-11,26.240081754810085,21.817580622247476
1986-03-12,26.227507989204238,21.822267367523796
1986-03-13,26.292891015663777,21.662363972155138
1986-03-14,26.347047057654766,21.67354311692002
1986-03-15,25.97142855664467,20.960250035516413
1986-03-16,25.89352936549992,20.125925557607616
1986-03-17,25.70910181474985,19.929380593834352
1986-03-18,25.529417760870324,19.988826537860493
1986-03-19,25.373431963440108,19.76411990339537
1986-03-20,25.17892439646325,19.659754226452623
1986-03-21,25.34117894575622,19.79950277027988
1986-03-22,25.391465542934778,19.867422929393378
1986-03-23,25.341694083849355,19.886893024577365
1986-03-24,25.115917868496858,19.726841880949
1986-03-25,24.99456572672785,20.283216365961078
1986-03-26,25.021789167798094,20.600390680494392
1986-03-27,24.987188193363558,20.67936496661458
1986-03-28,24.888050282312843,20.49425344509163
1986-03-29,24.87820110441435,20.428664583037367
1986-03-30,24.859450483491713,20.343734905526354
1986-03-31,24.829284138324983,20.103976417104708
1986-04-01,25.019081117329584,20.127427191362408
1986-04-02,24.989053817432193,20.51884784770564
1986-04-03,24.86475690879883,20.57351328313681
1986-04-04,24.775632595953244,20.62864469384857
1986-04-05,24.638949461039143,20.720876544963776
1986-04-06,24.660385572242276,20.778641852535877
1986-04-07,24.734603851375965,20.68281858218497
1986-04-08,24.83441987200715,20.44200880806933
1986-04-09,24.84813077458027,20.43436283563007
1986-04-10,24.934116095969816,20.42076715442535
1986-04-11,24.93881089181039,20.565567552209124
1986-04-12,24.949226702983722,20.63828384713738
1986-04-13,24.864052472099896,20.375071743145327
1986-04-14,24.583855184289835,20.264854382724824
1986-04-15,24.517097952611213,20.324060235828952
1986-04-16,24.52434376759279,20.217893166642995
1986-04-17,24.46705525383318,20.140660605199606
1986-04-18,24.473291924694532,20.64597670123598
1986-04-19,24.53835679040963,20.833976417104708
1986-04-20,24.550515945292638,20.82106833357012
1986-04-21,24.566490855879763,20.829119193067196
1986-04-22,24.409926648342555,21.039154709475774
1986-04-23,24.247501862767784,20.9953729222901
1986-04-24,24.212126308076957,20.528685892882514
1986-04-25,24.308891259893425,20.76359141923569
1986-04-26,24.3562215203497,20.880537008097747
1986-04-27,24.346299570321584,20.88186674243501
1986-04-28,24.255658860979658,21.27451910782782
1986-04-29,24.137304202404184,21.33672538712886
1986-04-30,24.171617461999563,21.701322631055547
1986-05-01,24.090062547604102,21.550288393237675
1986-05-02,24.0157111219657,21.098221338258284
1986-05-03,24.022617913203298,21.214872851257283
1986-05-04,24.002533384938914,21.294429606478197
1986-05-05,23.91323471702487,20.886748117630347
1986-05-06,23.792470278504496,20.55848131836909
1986-05-07,23.80636433254961,20.494963773263244
1986-05-08,23.85454217306354,20.378791021451914
1986-05-09,23.823764364009662,20.25802386702656
1986-05-10,23.76584679355577,20.252074158261117
1986-05-11,23.594856815246573,20.083776104560307
1986-05-12,23.46884011656787,19.95243358431596
1986-05-13,23.348664643838827,20.103315811905105
1986-05-14,23.297913679339093,20.174232135246484
1986-05-15,23.33266065337617,20.196814888478478
1986-05-16,23.21992093585455,20.043357010939058
1986-05-17,23.104324042951298,19.80211535729507
1986-05-18,22.98720444083851,19.785821849694564
1986-05-19,22.86619912574104,19.782892456314823
1986-05-20,22.751570768619413,19.47995880096605
1986-05-21,22.78779557985893,19.234364256286405
1986-05-22,22.702981421995517,19.523330018468528
1986-05-23,22.607740193562233,19.5519093621253
1986-05-24,22.534590894790913,19.4776601790027
1986-05-25,22.424901625161418,19.44581900838188
1986-05-26,22.36597774613374,19.281177724108538
1986-05-27,22.4748640386462,19.28188094899844
1986-05-28,22.536765324370034,19.349597954254868
1986-05-29,22.325871920223896,19.236875976701235
1986-05-30,22.271104766201937,19.173689444523372
1986-05-31,22.4950104108024,19.261417815030548
1986-06-01,22.52167649104217,19.090856655774964
1986-06-02,22.461518135079643,18.792336979684613
1986-06-03,22.49957713100634,18.67901122318511
1986-06-04,22.50574262343946,18.684565989487144
1986-06-05,22.39015405089906,18.530814036084674
1986-06-06,22.23367656555288,18.459759909077995
1986-06-07,22.190865545418387,18.317221196192648
1986-06-08,22.131869039143027,18.405125728086375
1986-06-09,22.188793381792898,18.549515556186964
1986-06-10,22.20022402887709,18.63283705071743
1986-06-11,22.198451191343544,18.648656059099302
1986-06-12,22.17226452544954,18.561551356726806
1986-06-13,22.215969984601134,19.079019747123176
1986-06-14,22.197403901877653,19.245220912061377
1986-06-15,22.248856715898892,19.363452194914046
1986-06-16,22.269662156008877,19.089095041909363
1986-06-17,22.254241853495344,18.995111521522944
1986-06-18,22.21458389906283,19.15359426054838
1986-06-19,22.23057456038683,19.55926552067055
1986-06-20,22.12984704606419,19.38436567694275
1986-06-21,21.983542798125544,18.953493393948
1986-06-22,22.00789476189691,19.065334564568833
1986-06-23,21.95817769563203,19.020532746128712
1986-06-24,21.87227013445045,19.003933797414405
1986-06-25,21.798785806537083,19.107935786333293
1986-06-26,21.68982380286121,18.673172325614434
1986-06-27,21.664550845282644,18.586831936354596
1986-06-28,21.701859890883213,18.77161244494957
1986-06-29,21.597463531145465,18.768484159681773
1986-06-30,21.50445718945591,18.693126864611454
1986-07-01,21.464688338245484,18.94375905668419
1986-07-02,21.31509398698548,19.233298764028987
1986-07-03,21.295719131867358,19.46939906236681
1986-07-04,21.42843751034867,19.74474925415542
1986-07-05,21.488458766599365,20.003091348202872
1986-07-06,21.48488345282645,19.949609319505615
1986-07-07,21.506192150710376,19.935087370365114
1986-07-08,21.509787209822118,20.098791021451913
1986-07-09,21.53966194903471,20.094612871146467
1986-07-10,21.520761913435052,20.309794004830234
1986-07-11,21.495096491373296,20.499212956385854
1986-07-12,21.36045550882534,20.77185537718426
1986-07-13,21.32449268553167,20.76056542122461
1986-07-14,21.297577429049312,20.157002415115784
1986-07-15,21.508732841838533,20.07487569256997
1986-07-16,21.50921921051762,19.90201164938201
1986-07-17,21.479420389442655,19.841066912913764
1986-07-18,21.47991768635951,19.946398636169917
1986-07-19,21.38078209341992,19.672309987214092
1986-07-20,21.25246036444015,19.58079840886489
1986-07-21,21.231527697287785,19.557837761045604
1986-07-22,21.20580912425073,19.422594118482742
1986-07-23,21.11602793737793,19.132229009802533
1986-07-24,21.020675211941608,19.16975422645262
1986-07-25,21.00089036162535,19.183804517687175
1986-07-26,21.00965066894066,19.26628072169342
1986-07-27,21.081194220452367,19.28752095468106
1986-07-28,21.103366828658416,19.390403466401477
1986-07-29,21.099876705467498,19.667432873987785
1986-07-30,21.081203596383716,19.786435573234836
1986-07-31,21.061533782329374,19.881289955959648
1986-08-01,21.06903653508629,19.877509589430318
1986-08-02,20.96332497847466,19.555914192356873
1986-08-03,20.91254712802597,19.457707060662027
1986-08-04,20.882025283968662,19.28624094331581
1986-08-05,20.857658438752164,19.275924136951268
1986-08-06,20.870410636818278,19.471835487995456
1986-08-07,20.828948778024273,19.574426765165516
1986-08-08,20.827217480213303,19.63752521665009
1986-08-09,20.920946368844625,19.45595681204717
1986-08-10,20.984772411166606,19.32024151157835
1986-08-11,21.06008736381092,19.28449921863902
1986-08-12,21.173181835116107,19.000176161386566
1986-08-13,21.19124898582642,19.293746270777103
1986-08-14,21.090932315296225,19.41173746270777
1986-08-15,20.962107349239986,19.213300184685323
1986-08-16,20.917690581845864,19.24002273050149
1986-08-17,20.90445100092727,19.24595112942179
1986-08-18,20.9241496671855,19.24223895439693
1986-08-19,20.92517890850082,18.9996547805086
1986-08-20,20.942211270987237,18.943690865179715
1986-08-21,20.774253485445563,18.77959653359852
1986-08-22,20.559265800410667,18.799536866032106
1986-08-23,20.4248415819452,18.93757636027845
1986-08-24,20.491740321886326,19.00701804233556
1986-08-25,20.54468935241915,19.0499275465265
1986-08-26,20.589567403218858,19.15730075294787
1986-08-27,20.593647258005774,19.10699104986503
1986-08-28,20.512763623042026,18.947140218781076
1986-08-29,20.527009781600817,18.889522659468675
1986-08-30,20.672286568202168,18.48012359710186
1986-08-31,20.853662491307038,18.801829805370087
1986-09-01,20.959864535384327,18.94982667992613
1986-09-02,21.028273007252412,18.994439551072603
1986-09-03,20.96840389773817,19.15004404034664
1986-09-04,20.76774454002056,19.041636596107406
1986-09-05,20.592410525052205,19.020339536866036
1986-09-06,20.56483408947911,19.032764597243926
1986-09-07,20.718418841275604,19.023567268077855
1986-09-08,20.599377959731108,18.968680210257144
1986-09-09,20.633225361790913,18.875215229436
1986-09-10,20.444638250488488,18.158923142491833
1986-09-11,20.458789200914016,18.125804801818443
1986-09-12,20.36711210964668,18.183436567694276
1986-09-13,20.206567415637316,18.17666571956244
1986-09-14,20.011259893366905,17.820316806364538
1986-09-15,19.969293017518318,17.451201875266374
1986-09-16,19.918991973540386,17.316172751811337
1986-09-17,19.889969036659302,17.173585736610317
1986-09-18,20.094923460939818,17.196451200454607
1986-09-19,20.221055692618485,17.31516976843302
1986-09-20,20.303171279431737,17.540596675664162
1986-09-21,20.437649021425983,18.084901264384143
1986-09-22,20.492896521177627,18.483759056684193
1986-09-23,20.586065130642115,18.647948572240377
1986-09-24,20.711181760605335,18.804610029833785
1986-09-25,20.81035930721597,18.895912771700523
1986-09-26,20.871298494055726,18.98918454325899
1986-09-27,20.871019596317616,19.000068191504475
1986-09-28,21.210979857270583,18.99049580906378
1986-09-29,21.33954235934032,18.923703651086804
1986-09-30,21.23042603569893,18.853410995880104
1986-10-01,21.196023942775767,18.55501633754795
1986-10-02,21.181580268735274,18.443776104560314
1986-10-03,21.10432402225384,18.574486432731927
1986-10-04,21.032941869225393,18.621024293223467
1986-10-05,20.97698620723909,18.772737604773404
1986-10-06,20.881017340298715,18.926400056826253
1986-10-07,20.91450415190254,18.48812189231425
1986-10-08,20.92969438189224,18.044180991618127
1986-10-09,20.92487200715302,18.210224463702236
1986-10-10,20.919007372421074,18.302784486432735
1986-10-11,20.921545372884694,18.52791873845717
1986-10-12,20.961862374573617,18.639357863332858
1986-10-13,21.068755609000835,19.13850973149595
1986-10-14,21.10870614216644,19.21770990197471
1986-10-15,21.147642853594732,19.91479187384572
1986-10-16,21.152280172699292,20.021041341099586
1986-10-17,21.071280756366562,19.196411422077002
1986-10-18,21.098375542272414,19.076523653928113
1986-10-19,21.050364315991626,19.02915470947578
1986-10-20,20.98112244179883,19.218323625514987
1986-10-21,20.949292375898356,19.309998579343656
1986-10-22,20.9965119465509,19.420095183975
1986-10-23,21.095589359042318,19.91336695553346
1986-10-24,21.146878187402738,20.14566841880949
1986-10-25,21.146460244395133,20.077724108538142
1986-10-26,21.36625981057722,20.298175877255296
1986-10-27,21.390837562506206,20.423361272908085
1986-10-28,21.490624875815527,20.359974428185822
1986-10-29,21.516857779746275,20.084645546242363
1986-10-30,21.595905677716356,20.647743997726952
1986-10-31,21.6726637372918,21.086714021878116
1986-11-01,21.686624064476575,21.22429606478194
1986-11-02,21.70372456287045,21.288430174740725
1986-11-03,21.741422782064504,21.444835914192357
1986-11-04,21.67394381064344,20.988967182838472
1986-11-05,21.594751568864446,20.56349481460435
1986-11-06,21.517412636189018,20.584985083108403
1986-11-07,21.437231885617816,20.480930529904825
1986-11-08,21.410060581349153,20.307383151015777
1986-11-09,21.48431317680569,20.389937491120904
1986-11-10,21.403782267278174,20.438114789032536
1986-11-11,21.398988082425397,20.393563006108824
1986-11-12,21.44366644451434,19.95982952123881
1986-11-13,21.643160640957728,19.5674499218639
1986-11-14,21.681836502798266,19.430328171615287
1986-11-15,21.67882658045502,19.75059383435147
1986-11-16,21.771081626486104,19.86397641710471
1986-11-17,21.739254230552675,19.55367239664726
1986-11-18,21.70186928751195,19.421240232987646
1986-11-19,21.72372042338646,19.368011081119473
1986-11-20,21.765387083153936,19.350464554624235
1986-11-21,21.85177410007615,19.712910924847275
1986-11-22,21.897115917971966,19.98436567694276
1986-11-23,21.81016899443652,19.924432447790885
1986-11-24,21.957433623373262,20.15838045176872
1986-11-25,21.947058917276546,20.15268361983236
1986-11-26,21.856725709507575,20.059441682057113
1986-11-27,21.84233462761203,19.607415826111662
1986-11-28,21.89986792976123,19.354851541412135
1986-11-29,22.058641607609985,19.379308140360852
1986-11-30,22.127628344703094,19.930285551924992
1986-12-01,22.149595468920747,19.94675380025572
1986-12-02,22.305109592840314,20.16159113510442
1986-12-03,22.357760746100638,20.20085807643131
1986-12-04,22.49448751117655,20.22903253303026
1986-12-05,22.498395370401024,20.43001136525075
1986-12-06,22.569260605358142,20.54573376900128
1986-12-07,22.732640059442996,20.77155703935218
1986-12-08,22.94938656985795,21.06294786191221
1986-12-09,23.08230962512831,21.147009518397507
1986-12-10,23.106402333013214,21.17915897144481
1986-12-11,22.979244668344553,21.11263105554767
1986-12-12,22.775361811603823,21.22646966898707
1986-12-13,22.617073881511427,21.495793436567695
1986-12-14,22.823386056561866,21.576164227873278
1986-12-15,22.84260758519059,21.194742150873704
1986-12-16,22.818606711759465,21.595745134252027
1986-12-17,22.758739071762122,21.57072737604774
1986-12-18,22.762970555849883,21.42583747691434
1986-12-19,22.8118102998642,21.230355164085818
1986-12-20,22.858868120177483,21.194729364966616
1986-12-21,22.89107783885815,21.40961926410002
1986-12-22,23.216644058184635,21.37985367239665
1986-12-23,23.513944576448004,21.66229151868163
1986-12-24,23.472139533728583,21.705674101434866
1986-12-25,23.32250689224098,21.527209830941896
1986-12-26,23.27011582276394,21.389862196334708
1986-12-27,23.291691848528128,21.637908793862767
1986-12-28,23.710960215418837,21.852645262111096
1986-12-29,24.025789958439578,21.791136525074574
1986-12-30,24.10597238550187,21.67261400767154
1986-12-31,24.404626825512473,22.525685466685612
1987-01-01,24.53184451269994,22.435595965335985
1987-01-02,24.50687326141669,22.134127006677083
1987-01-03,24.43286835198861,22.19576360278449
1987-01-04,24.394608694572337,22.41120329592271
1987-01-05,24.444709159850376,22.641497371785768
1987-01-06,24.509493927376855,22.76306719704504
1987-01-07,24.805880095704886,23.042443528910358
1987-01-08,24.87650437129514,22.875297627503908
1987-01-09,24.95471543116872,23.182912345503624
1987-01-10,25.068931785442267,23.143003267509588
1987-01-11,24.85470762824121,23.043001846853247
1987-01-12,24.868202863695085,22.833742008808073
1987-01-13,24.95289616932145,22.644026140076715
1987-01-14,24.995398156273797,22.479197329166077
1987-01-15,24.961537528562427,22.3437462707771
1987-01-16,24.932753833162305,22.56974712317091
1987-01-17,24.817464069278426,22.622761755931247
1987-01-18,24.832370454846533,22.56473930956101
1987-01-19,24.945840460145085,22.72113936638727
1987-01-20,25.107197134649173,22.830744423923854
1987-01-21,24.881820959035704,22.926530757209832
1987-01-22,25.0458674081862,23.07100724534735
1987-01-23,25.457572068417406,23.498906094615712
1987-01-24,25.754725593602018,23.75261542832789
1987-01-25,25.845901269165758,23.799921863901137
1987-01-26,25.812147336656015,23.796255149879244
1987-01-27,25.71085596251282,23.83278164512004
1987-01-28,25.75870543845415,24.76715868731354
1987-01-29,25.697773330132087,24.755928398920304
1987-01-30,25.800042719475485,24.648896150021315
1987-01-31,25.872180928569126,24.377725529194496
1987-02-01,25.92370074013973,24.344840176161394
1987-02-02,25.937259640858386,24.378292371075442
1987-02-03,26.081734692187915,24.490772837050717
1987-02-04,26.26776631370665,24.48566131552778
1987-02-05,26.361873323509002,24.84130558317943
1987-02-06,26.479636656787132,25.856941326893022
1987-02-07,26.52558851044806,25.900109390538432
1987-02-08,26.584742255025333,25.63139934649809
1987-02-09,26.552071232241644,25.48196476772269
1987-02-10,26.55995487962387,25.487072027276607
1987-02-11,26.721271111368708,25.277658758346362
1987-02-12,26.81633036808294,25.27631055547663
1987-02-13,26.793547910388458,25.740637874698116
1987-02-14,26.75174971851507,25.941076857508175
1987-02-15,26.82700338609796,26.487005256428468
1987-02-16,26.82507415885682,26.41500781360989
1987-02-17,26.84734528678337,26.299161812757497
1987-02-18,26.962413608967758,26.395287682909505
1987-02-19,27.05567055502201,26.5588236965478
1987-02-20,27.31829753369536,26.614092910924853
1987-02-21,27.315829035169074,26.347880380735905
1987-02-22,27.146811562406892,26.153693706492405
1987-02-23,27.041398234923996,26.33469953118341
1987-02-24,27.007964657085136,26.29175308992755
1987-02-25,27.122987610524266,26.333742008808077
1987-02-26,27.194763076630068,26.502354027560738
1987-02-27,27.255619618670767,26.400724534735048
1987-02-28,27.108924148094157,26.35485296206847
1987-03-01,27.146387141106707,26.391532888194348
1987-03-02,27.17040972613169,26.492967751101016
1987-03-03,27.306472310991154,26.18338542406592
1987-03-04,27.376550029804317,25.714458019605058
1987-03-05,27.50524462281021,25.66225031964768
1987-03-06,27.59068498112396,26.1041341099588
1987-03-07,27.450301623505688,26.51705782071317
1987-03-08,27.376686674172987,26.6621295638585
1987-03-09,27.59990955227342,26.241586873135383
1987-03-10,27.909722820147724,26.144249183122607
1987-03-11,27.944407991687875,26.154506321920735
1987-03-12,27.96939025399876,26.046005114362835
1987-03-13,27.865670555022,26.057941468958667
1987-03-14,27.909232063615594,26.06199602216224
1987-03-15,27.854078468059708,25.987526637306438
1987-03-16,27.82272255936024,26.07296917175735
1987-03-17,27.690083721064994,25.930676232419383
1987-03-18,27.572152987051687,25.770825401335422
1987-03-19,27.67319545401862,25.67447648813751
1987-03-20,27.76028639020436,25.654463702230434
1987-03-21,27.806558805510463,25.371268646114515
1987-03-22,27.714296432592636,25.353339963062936
1987-03-23,27.566141235056445,25.383491973291665
1987-03-24,27.35784467413981,25.50345645688309
1987-03-25,27.241682845150137,25.009866458303737
1987-03-26,27.278065970957375,24.943112658048033
1987-03-27,27.228092877603714,25.015120045461
1987-03-28,27.189349190316896,25.09408864895582
1987-03-29,27.072536634433927,25.087498224179576
1987-03-30,26.976408997582578,25.110245773547376
1987-03-31,26.861739949332737,24.76551782923711
1987-04-01,26.85315124432894,24.555759340815456
1987-04-02,26.854267725270745,24.149052422219075
1987-04-03,27.083343916614186,24.474544679642
1987-04-04,27.12741733450336,24.506260832504612
1987-04-05,27.12024741696198,24.141118056542123
1987-04-06,27.06225163095668,24.042855519249898
1987-04-07,26.98360640129808,23.999579485722403
1987-04-08,26.925980064244822,24.11616991049865
1987-04-09,26.910479766201913,24.160393521807077
1987-04-10,26.594758626684673,23.534983662452056
1987-04-11,26.61659626784123,23.735404176729652
1987-04-12,26.61856390949432,23.78803381162097
1987-04-13,26.67189716693711,23.734243500497236
1987-04-14,26.661184016624137,23.57311123739168
1987-04-15,26.662456783786457,23.48287967040773
1987-04-16,26.58118072573438,23.575220912061376
1987-04-17,26.622039689373103,23.62827674385566
1987-04-18,26.583869610391737,23.615912771700533
1987-04-19,26.522030499718444,23.515058957238242
1987-04-20,26.467936053250327,23.44966614575934
1987-04-21,26.27825375865151,23.418965762182136
1987-04-22,26.017801023280484,23.00729933229152
1987-04-23,25.820200081961808,22.846927120329596
1987-04-24,25.892430270391095,22.71652933655349
1987-04-25,26.080144944034178,23.10272766017901
1987-04-26,26.137758262410184,23.580926267935787
1987-04-27,26.15997089942709,23.654652649524074
1987-04-28,26.09820400205319,23.45334706634465
1987-04-29,26.031039051892613,22.857205568972866
1987-04-30,26.256413675199504,22.781976132973433
1987-05-01,26.295363612279406,22.646020741582614
1987-05-02,26.32527053598039,22.80948146043472
1987-05-03,26.381311574825347,22.906971160676243
1987-05-04,26.356114721661076,23.115709617843446
1987-05-05,26.294734721164403,23.329515556186962
1987-05-06,26.259313694241204,23.284923994885634
1987-05-07,26.282928208928116,23.19549651939196
1987-05-08,26.190929127893483,22.848754084386993
1987-05-09,25.904935900089434,22.271433442250316
1987-05-10,25.53213924396466,22.013675237959934
1987-05-11,25.474540537967282,22.10544821707629
1987-05-12,25.32439451766733,21.74244352891036
1987-05-13,25.310888291883252,21.733669555334565
1987-05-14,25.211567105176023,21.491758772552917
1987-05-15,25.103205906215845,21.35972155135673
1987-05-16,24.930907333509985,21.33294217928683
1987-05-17,24.98628806255589,21.38172041483166
1987-05-18,24.969078819915953,21.314007671544257
1987-05-19,24.74240441931323,21.119968745560453
1987-05-20,24.641963543564017,20.968498366245207
1987-05-21,24.6624160512634,21.338116209688884
1987-05-22,24.76866019389343,21.40256712601222
1987-05-23,24.943659386694094,21.542781645120048
1987-05-24,24.910394844686643,21.588086375905668
1987-05-25,24.972353545054176,21.515387128853536
1987-05-26,24.903255248865758,21.452442108254015
1987-05-27,24.813946045964798,21.344421082540133
1987-05-28,24.726791775673124,21.231500213098457
1987-05-29,24.699874118289976,21.384283278874847
1987-05-30,24.636732601748502,21.494561727518118
1987-05-31,24.462872367288163,21.37810910640716
1987-06-01,24.45449020184125,21.55931240232988
1987-06-02,24.422288637944188,21.695846000852395
1987-06-03,24.411648922078317,21.726370223043048
1987-06-04,24.557810544093766,21.691595397073446
1987-06-05,24.564269732920526,21.7815115783492
1987-06-06,24.411552285823085,21.700721693422363
1987-06-07,24.271614626452987,21.492685040488706
1987-06-08,24.23183414329243,21.366895865890047
1987-06-09,24.24246324138158,21.279597954254868
1987-06-10,24.179275176342006,21.166098877681492
1987-06-11,24.128437096400262,21.298336411422078
1987-06-12,24.02526801089509,21.164428185821848
1987-06-13,23.877730569261836,21.039958800966055
1987-06-14,23.81735805709179,20.786546384429606
1987-06-15,23.827501821372984,20.929717289387703
1987-06-16,23.744629661059072,20.993230572524514
1987-06-17,23.630264761400223,20.86166358857793
1987-06-18,23.49292545617123,20.701285693990624
1987-06-19,23.38685674487534,20.669141923568688
1987-06-20,23.239016562075747,20.62915044750675
1987-06-21,23.201358019836505,20.439764171047027
1987-06-22,23.15688843262572,20.568553771842588
1987-06-23,23.14523400503369,20.64817871856798
1987-06-24,23.21940203083089,20.66661031396505
1987-06-25,23.295735027486206,20.55120471657906
1987-06-26,23.332718978706488,20.541443386844733
1987-06-27,23.468013709971217,20.73012927972723
1987-06-28,23.467418638440837,20.840761471799972
1987-06-29,23.429086498658798,21.13299758488422
1987-06-30,23.506248447693515,21.505877255291946
1987-07-01,23.422712252044935,21.48873277454184
1987-07-02,23.23363988972411,21.343072879670416
1987-07-03,23.124185121866454,21.152106833357024
1987-07-04,23.153420641951193,21.520291234550367
1987-07-05,23.187330198364112,21.840808353459295
1987-07-06,23.13420877901776,21.68667140218781
1987-07-07,22.96896444597151,21.41414689586589
1987-07-08,22.93716004487204,21.079015485154144
1987-07-09,22.859252698943596,21.0040616564853
1987-07-10,22.806862954101437,20.976321920727376
1987-07-11,22.81008550104316,20.85569399062367
1987-07-12,22.83148040368244,20.518813751953402
1987-07-13,22.938995595589013,20.85191362409434
1987-07-14,22.835978222174422,20.682727660179005
1987-07-15,22.82318336672517,20.533592839892027
1987-07-16,22.760063106434394,20.424378462849837
1987-07-17,22.742656658774038,20.592846995311838
1987-07-18,22.704023847567672,20.587508168773976
1987-07-19,22.623643366890764,20.530808353459307
1987-07-20,22.377911216346025,20.46717573518966
1987-07-21,22.284452822300246,20.379312402329884
1987-07-22,22.07204246282744,20.258921721835492
1987-07-23,21.961128775209424,20.060720272766023
1987-07-24,21.906540778057472,19.40364540417673
1987-07-25,21.81671250455338,19.39917459866458
1987-07-26,21.808036642712818,19.47525500781361
1987-07-27,21.79209855283636,19.38416252308566
1987-07-28,21.804566016491705,19.208373348487
1987-07-29,21.848968709640015,19.101190510015634
1987-07-30,21.837957744146735,18.94281147890325
1987-07-31,21.90335420323203,18.90719988634749
1987-08-01,22.039802670795062,19.91067054979401
1987-08-02,21.948991311222983,19.896535019178867
1987-08-03,21.822846578302475,19.73174456598949
1987-08-04,21.65042057157994,19.750590993038784
1987-08-05,21.58459869771839,19.91737462707771
1987-08-06,21.607266139848317,19.940534166785056
1987-08-07,21.65049226744378,19.949122034379883
1987-08-08,21.661202830579132,19.65693706492399
1987-08-09,21.791821290194367,19.586576218212812
1987-08-10,21.85871247557704,19.70266799261259
1987-08-11,21.76543640510648,19.493483449353608
1987-08-12,21.73608448273005,19.366816309134823
1987-08-13,21.662793385932403,19.113057252450634
1987-08-14,21.633361840580196,19.148897570677654
1987-08-15,21.60945590621582,19.244811763034523
1987-08-16,21.754984559724452,19.319678931666427
1987-08-17,21.802263511275896,19.3564639863617
1987-08-18,21.931815598403794,19.367826395794857
1987-08-19,21.951641408914668,19.524783349907665
1987-08-20,21.96334039805276,19.48170478761188
1987-08-21,21.90481266764907,19.247901690581045
1987-08-22,21.793015593436447,19.159606478192927
1987-08-23,21.65274006937772,18.95864327319222
1987-08-24,21.482030458323614,18.639156130132122
1987-08-25,21.410168911646842,18.613568688734198
1987-08-26,21.34082135642614,18.64146895865891
1987-08-27,21.28149042123385,18.596310555476627
1987-08-28,21.169769575620023,18.38119477198466
1987-08-29,21.040242656555304,18.427360420514283
1987-08-30,20.932311177434897,18.40981957664441
1987-08-31,20.934315432824437,18.269502770279864
1987-09-01,20.999530479021114,18.26307287967041
1987-09-02,21.022300870119544,18.225828952976272
1987-09-03,21.079042827102082,18.301470379315248
1987-09-04,21.06193349090971,18.32778377610456
1987-09-05,21.052270651885973,18.327422929393382
1987-09-06,21.267699730105665,19.15743145333144
1987-09-07,21.262733942941363,19.520322488989912
1987-09-08,21.431081874855128,18.713824406875982
1987-09-09,21.57264068036559,18.617938627645977
1987-09-10,21.57017441716067,18.71537434294644
1987-09-11,21.507799781435263,18.94147179997159
1987-09-12,21.42930940987518,18.902572808637593
1987-09-13,21.37688739775467,18.772220485864473
1987-09-14,21.305467844487858,18.356553487711327
1987-09-15,21.205634769182318,18.15385566131553
1987-09-16,21.148037677583837,18.054442392385283
1987-09-17,21.101306669536758,18.270717431453335
1987-09-18,21.181122317614268,18.68205995169769
1987-09-19,21.18019823989136,18.660140644977982
1987-09-20,21.2002421184223,18.29360136383009
1987-09-21,21.366938623869917,18.210936212530193
1987-09-22,21.52929674305389,18.276030686177016
1987-09-23,21.59277090853393,18.368191504475067
1987-09-24,21.664723172003907,18.55378889046739
1987-09-25,21.991639877305676,18.89171899417531
1987-09-26,21.965214735735337,19.798235544821704
1987-09-27,21.78637540566946,19.900242932234693
1987-09-28,21.716749345961517,20.079112089785486
1987-09-29,21.753035483657232,20.335125728086375
1987-09-30,21.797167868496853,20.69275181133684
1987-10-01,21.81971495512799,20.785931240232983
1987-10-02,22.019751113521217,20.81433300184686
1987-10-03,22.07600440441106,20.86681772979117
1987-10-04,22.107460260953047,20.999163233413835
1987-10-05,21.93782995827399,20.465625799119195
1987-10-06,22.023638213233124,20.622460576786477
1987-10-07,22.13041359654937,20.81203011791448
1987-10-08,22.39607763188397,21.85121750248615
1987-10-09,22.463426996059194,22.320679073732062
1987-10-10,22.4854557985892,22.082565705355876
1987-10-11,22.561413012882113,21.679835203864187
1987-10-12,22.611734174752435,21.42684614291803
1987-10-13,22.532054446633733,21.506155703935217
1987-10-14,22.456128112891918,21.432038641852547
1987-10-15,22.25893464168631,21.339292513141075
1987-10-16,22.237558532304536,21.068529620684753
1987-10-17,22.21255052240283,20.488431595397078
1987-10-18,22.203322805245513,20.55065492257423
1987-10-19,22.17447236066498,20.78010086660037
1987-10-20,22.19938884657417,20.814644125586025
1987-10-21,22.2337901529953,20.863921011507323
1987-10-22,22.314250194555797,20.982696405739453
1987-10-23,22.252697598271343,19.96034521949141
1987-10-24,22.215210161605434,19.897805085949706
1987-10-25,22.240836072291874,19.921079698820858
1987-10-26,22.25267656969233,20.043884074442392
1987-10-27,22.355552186475503,20.02538854950988
1987-10-28,22.312342968672326,20.057942889615003
1987-10-29,22.488724397291115,20.98014490694701
1987-10-30,22.634245723913086,21.032030117914484
1987-10-31,22.797532805411088,21.054131268646117
1987-11-01,22.762494349604278,20.71677226878818
1987-11-02,22.725138755505547,20.575792015911354
1987-11-03,22.710344032519785,20.59428327887484
1987-11-04,22.68814137165944,20.252199176019325
1987-11-05,22.540608607643204,19.638688734195203
1987-11-06,22.51479439182692,19.59569114931098
1987-11-07,22.23506919147593,19.63511152152294
1987-11-08,22.16362486339701,19.763476346071883
1987-11-09,22.186020631188494,19.775953970734477
1987-11-10,22.16826754313346,19.533618411706215
1987-11-11,22.108941430440044,19.771893734905532
1987-11-12,22.25186647266288,19.842940758630487
1987-11-13,22.33451803987149,19.77172325614434
1987-11-14,22.413881532105844,19.828612018752665
1987-11-15,22.504450235122743,19.910647819292507
1987-11-16,22.57689364837567,19.957154425344513
1987-11-17,22.58780143722887,20.25509305299049
1987-11-18,22.63264250173851,20.365924136951268
1987-11-19,22.69711043315561,20.474841596817733
1987-11-20,22.855937013610657,20.82946583321495
1987-11-21,23.074158484286514,20.9161159255576
1987-11-22,22.99295161771039,20.954361414973715
1987-11-23,22.80842432609202,20.509772694985084
1987-11-24,22.65522040682849,20.33734763460719
1987-11-25,22.70687847716658,20.32222190652081
1987-11-26,22.84631559012478,20.359319505611598
1987-11-27,22.926724653939146,20.340751527205565
1987-11-28,22.963470212272696,20.24236823412416
1987-11-29,22.9345516731795,20.2709134820287
1987-11-30,22.873142634202125,20.211059809632054
1987-12-01,22.825066397324232,20.368673106975425
1987-12-02,23.06966114183528,20.43672254581617
1987-12-03,23.221808644070634,20.702180707486857
1987-12-04,23.30192537752098,21.1052052848416
1987-12-05,23.181247557704435,20.7546696974002
1987-12-06,23.107004855614743,20.38985367239665
1987-12-07,23.104009856111592,20.172011649382018
1987-12-08,23.21223505232308,20.152902400909223
1987-12-09,23.228199303738855,20.262756073305862
1987-12-10,23.192229567506754,20.675809063787472
1987-12-11,23.056806905487306,20.708647535161248
1987-12-12,23.06710347882243,20.727509589430323
1987-12-13,23.097379706593312,20.730615144196616
1987-12-14,23.23843941451142,20.74930387839182
1987-12-15,23.288546254594877,20.674033243358426
1987-12-16,23.352948471702483,20.56807927262395
1987-12-17,23.280415210948128,20.76975990907799
1987-12-18,23.076350692949667,20.885756499502776
1987-12-19,23.046131403781843,20.98579059525501
1987-12-20,23.352026753485426,21.107022304304593
1987-12-21,23.54000544342157,21.11809774115642
1987-12-22,23.517854733086075,20.832578491262964
1987-12-23,23.531641967745223,20.724769143344226
1987-12-24,23.575691024770666,21.030579627788036
1987-12-25,23.518252765175312,20.910034095752234
1987-12-26,23.49446679305898,20.903834351470387
1987-12-27,23.50216848941946,20.822194914050296
1987-12-28,23.506760336291652,20.798575081687748
1987-12-29,23.612283525681313,20.758950134962348
1987-12-30,23.624467579560932,20.964955249325186
1987-12-31,23.568156377289107,21.065216650092342
1988-01-01,23.56288406133059,20.993642562864043
1988-01-02,23.785231955989104,20.855127148742717
1988-01-03,23.88672972480715,20.656802102571387
1988-01-04,23.84916924694505,20.63239664725103
1988-01-05,23.778515850084478,21.03208126154283
1988-01-06,24.03925996373813,20.952953544537575
1988-01-07,24.014094053217224,20.98075010654923
1988-01-08,23.84714549458553,20.924875692569973
1988-01-09,23.82179446633778,20.8896022162239
1988-01-10,23.90243695565784,20.868725671260123
1988-01-11,23.943829892042316,20.883487711322633
1988-01-12,23.934829908600168,21.00916607472653
1988-01-13,23.87341586084713,20.99667282284416
1988-01-14,24.04335142977783,21.04756073305867
1988-01-15,24.33515295393581,21.396665719562446
1988-01-16,24.59492691740903,21.469265520670554
1988-01-17,24.69041131983307,21.53509021167779
1988-01-18,24.659981496506298,21.581221764455186
1988-01-19,24.632080339106565,21.589865037647403
1988-01-20,24.67335047769648,21.643994885637163
1988-01-21,24.592981484087826,21.739139082256003
1988-01-22,24.491313478988026,21.652709191646544
1988-01-23,24.387685924926352,21.534350049722974
1988-01-24,24.52441151024941,21.373369796846145
1988-01-25,24.558864560221238,21.60018894729365
1988-01-26,24.52617281931977,21.664011933513283
1988-01-27,24.514095750405684,21.70172041483165
1988-01-28,24.673168195516077,21.738447222616852
1988-01-29,24.75560475792293,21.796964057394515
1988-01-30,24.912700392423133,22.41933655348772
1988-01-31,24.978605594098823,22.50374769143345
1988-02-01,24.996514761400167,22.55502912345504
1988-02-02,25.172189745670096,23.128332149453048
1988-02-03,25.31229658575357,23.154847279443107
1988-02-04,25.570422931085865,23.283062935075996
1988-02-05,25.700745107129787,23.355208126154285
1988-02-06,25.552263366393976,23.30930387839182
1988-02-07,25.47801375136597,23.226648671686327
1988-02-08,25.444124085174014,23.0459710186106
1988-02-09,25.532927588005478,22.970059667566424
1988-02-10,25.651069456402958,23.19705782071317
1988-02-11,25.779309575454466,22.518075010654925
1988-02-12,25.83982910140076,22.448512572808642
1988-02-13,25.94709048084246,22.551302741866746
1988-02-14,26.07895372470771,22.541329734337275
1988-02-15,25.954163637944163,22.27238528200029
1988-02-16,25.823603586448996,22.207968461429182
1988-02-17,25.780361252773403,22.093125443955113
1988-02-18,25.68544689869852,21.89426338968604
1988-02-19,25.565125343577165,22.05994033243358
1988-02-20,25.428834528264346,21.9484784770564
1988-02-21,25.34904856028743,21.988036652933655
1988-02-22,25.293808283935473,21.986020741582617
1988-02-23,25.293083377487875,22.260193209262685
1988-02-24,25.401468254296816,22.157455604489275
1988-02-25,25.39315792959572,22.089913339963065
1988-02-26,25.561007964367292,22.078080693280306
1988-02-27,25.572338435937336,22.393989203011802
1988-02-28,25.60555702967176,22.389328029549652
1988-02-29,25.684206585091275,22.075084529052425
1988-03-01,25.531870239593307,22.046773689444525
1988-03-02,25.56302234079545,22.033871288535305
1988-03-03,25.70298707239126,21.60300752947863
1988-03-04,25.590917537338164,21.412112515982383
1988-03-05,25.55715944464686,21.378235544821706
1988-03-06,25.831092989369825,22.776550646398636
1988-03-07,25.881800137430883,22.971079698820844
1988-03-08,25.952991667218615,22.687168631907937
1988-03-09,26.009457230850707,22.273801676374486
1988-03-10,25.692430705036905,21.929333712175026
1988-03-11,25.266647742325407,21.566790737320648
1988-03-12,25.285165393085336,21.49010228725671
1988-03-13,25.37140036675828,21.56113510441825
1988-03-14,25.715093986985426,21.659286830515704
1988-03-15,25.803398164552792,21.603510441824127
1988-03-16,25.761422512998028,21.289521238812338
1988-03-17,25.92938450011587,21.181427759624953
1988-03-18,25.946733967778226,21.002008808069334
1988-03-19,25.781650867635904,20.89719278306578
1988-03-20,25.498100494254462,20.730183264668277
1988-03-21,25.51271040997447,20.868363403892605
1988-03-22,25.533795844785878,21.06541128001136
1988-03-23,25.506960563135408,21.08589998579344
1988-03-24,25.31597404129548,21.0598423071459
1988-03-25,25.205383440407978,20.96801250177582
1988-03-26,25.109571998046146,20.885017758204285
1988-03-27,24.98412917673939,20.830924847279448
1988-03-28,24.975348730834153,20.931265804801818
1988-03-29,24.96953809567178,20.957258133257568
1988-03-30,24.966663844918394,21.097644551782928
1988-03-31,24.957752860383565,21.066154283278873
1988-04-01,24.970401654137813,21.051687739735755
1988-04-02,24.99050340265588,21.049731495951132
1988-04-03,24.888858288902824,20.964759198749825
1988-04-04,24.889685771765514,21.355938343514705
1988-04-05,24.899120959863517,21.322140929109253
1988-04-06,24.943794230387056,21.41884500639296
1988-04-07,24.87898781335897,21.465924136951273
1988-04-08,24.85076957148064,21.44769285409859
1988-04-09,24.692857651422326,21.380406307714164
1988-04-10,24.619190089247297,21.163403892598375
1988-04-11,24.629705724078537,21.088209973007533
1988-04-12,24.622729617180465,21.08866032106834
1988-04-13,24.762702896810968,21.17908935928399
1988-04-14,24.918671556777177,21.25430743003268
1988-04-15,24.970091730966722,21.656786475351613
1988-04-16,24.906885783355953,21.591491689160392
1988-04-17,24.561952946484833,21.05176019320927
1988-04-18,24.347850634996806,20.469079414689592
1988-04-19,24.228484679769558,20.325865890041204
1988-04-20,24.216090091730983,20.27712317090496
1988-04-21,24.092435610325523,20.07762892456315
1988-04-22,23.97907180349038,19.706417104702375
1988-04-23,23.79406397986552,19.655537718425915
1988-04-24,23.641898284597797,19.597891745986644
1988-04-25,23.571483611782647,19.17677368944452
1988-04-26,23.58523373596719,19.088377610456035
1988-04-27,23.612371655296794,19.16504617133116
1988-04-28,23.49257039192632,19.131933513283137
1988-04-29,23.427085906712573,19.033814462281573
1988-04-30,23.510138362254533,18.991912203437987
1988-05-01,23.398940085107817,18.929350760051143
1988-05-02,23.240664573467647,18.928728512572814
1988-05-03,23.20174328161738,19.386762324193786
1988-05-04,23.447387281849156,19.64250177582044
1988-05-05,23.634491940424564,19.78392385282001
1988-05-06,23.726306338377963,19.94349197329166
1988-05-07,23.834084201245137,20.123676658616276
1988-05-08,23.870227816504947,20.23846142918029
1988-05-09,23.917372007152995,20.47464128427334
1988-05-10,23.925110813988137,20.59622957806507
1988-05-11,23.786039693512624,20.44448501207558
1988-05-12,23.61060846276117,20.168542406591847
1988-05-13,23.618587939199315,19.749808211393663
1988-05-14,23.594260812332376,19.62056684188095
1988-05-15,23.540180005464126,19.67600085239381
1988-05-16,23.434129839056844,19.831875266373064
1988-05-17,23.41737012368782,19.901649382014494
1988-05-18,23.35504168460439,19.880568262537288
1988-05-19,23.320300236778465,19.470448927404465
1988-05-20,23.340348254793533,18.932170762892458
1988-05-21,23.250775056296984,18.574328739877824
1988-05-22,23.11941403533463,18.49345645688308
1988-05-23,22.869314956783793,18.493851399346497
1988-05-24,22.703770842302216,18.494588719988634
1988-05-25,22.751618455475775,18.628566557749682
1988-05-26,22.67262472265459,18.62029833783208
1988-05-27,22.622586639401312,18.773483449353602
1988-05-28,22.58992762112134,18.643504759198755
1988-05-29,22.593138908666457,18.475640005682624
1988-05-30,22.524469897671928,18.40325046171331
1988-05-31,22.464586424148163,18.485422645262112
1988-06-01,22.428118149153914,18.569289671828386
1988-06-02,22.30691030979894,18.491635175451055
1988-06-03,22.320583894923345,18.63333285978122
1988-06-04,22.25062791833626,18.89453757636028
1988-06-05,22.17656333824551,18.981436283563006
1988-06-06,22.27793038215711,19.27643273192215
1988-06-07,22.23781946468195,19.29491831226027
1988-06-08,22.082429049243306,18.939329450205996
1988-06-09,21.87670107957745,18.49227589146186
1988-06-10,21.72671209060505,18.480039778377613
1988-06-11,21.852727236977188,18.3799474357153
1988-06-12,21.957841279762967,18.479377752521668
1988-06-13,21.91422128025961,18.610298337832084
1988-06-14,21.827758055435954,18.59459014064498
1988-06-15,21.676489862403624,18.49572524506322
1988-06-16,21.465080243898385,18.189467253871292
1988-06-17,21.281401277444743,18.053878391817022
1988-06-18,21.08227665413785,17.940852393805944
1988-06-19,21.00568113140375,17.803874129847994
1988-06-20,20.969903115375654,17.829079414689588
1988-06-21,20.95143265473388,17.87886063361273
1988-06-22,20.891225287280175,17.991021451910783
1988-06-23,20.847486236215513,18.217205568972865
1988-06-24,20.820063313408593,18.214570251456177
1988-06-25,20.844597724939582,18.273057252450634
1988-06-26,20.888799570321584,18.56719136240943
1988-06-27,20.811107870815,18.44836056257991
1988-06-28,20.66337937129516,18.386032106833355
1988-06-29,20.58996274464348,18.24855519249893
1988-06-30,20.590903111236248,18.171731780082396
1988-07-01,20.61772657465974,17.8575550504333
1988-07-02,20.737252707222574,17.975415541980396
1988-07-03,20.707718337086447,18.14686887341952
1988-07-04,20.633024182865903,18.51349623526069
1988-07-05,20.598645519422455,18.247587725529197
1988-07-06,20.44952547024542,17.942169342236113
1988-07-07,20.279575268238514,18.185952550078134
1988-07-08,20.342816504950875,18.091720414831656
1988-07-09,20.478766288869767,18.084196618837904
1988-07-10,20.578841461900208,18.042346924279023
1988-07-11,20.583138432625763,18.0869043898281
1988-07-12,20.605780603205627,18.229188805228013
1988-07-13,20.520706713415283,18.13693990623668
1988-07-14,20.40893203381131,18.053594260548376
1988-07-15,20.36034005861513,17.874040346640147
1988-07-16,20.09803138556809,17.706792157976984
1988-07-17,19.752887973143043,17.802855519249896
1988-07-18,19.653646823359935,17.795397073447933
1988-07-19,19.694856670364597,17.771639437420088
1988-07-20,19.70619862900284,17.715310413410993
1988-07-21,19.781118592078666,17.570292655206707
1988-07-22,19.82149905205812,17.77055831794289
1988-07-23,19.940095601384236,18.026445517829245
1988-07-24,20.116658774050386,18.12961074016196
1988-07-25,20.14193980362289,18.088482739025427
1988-07-26,20.128574775639947,17.974841596817733
1988-07-27,20.127624598470064,18.217238244068763
1988-07-28,20.108686169155888,18.494816025003555
1988-07-29,20.047791067821354,18.366222474783353
1988-07-30,20.007322747292857,18.03148458587868
1988-07-31,19.967726595357135,17.726922858360563
1988-08-01,19.98260520498727,18.228420230146327
1988-08-02,19.893022092426442,18.244077283705067
1988-08-03,19.53519803291717,17.71827958516835
1988-08-04,19.384187936715595,17.5548898991334
1988-08-05,19.370820632016436,17.433930956101726
1988-08-06,19.45212605970793,17.302023014632763
1988-08-07,19.50259491836944,17.252807216934226
1988-08-08,19.370330392919815,16.938789600795563
1988-08-09,19.270862978938226,16.838039494246342
1988-08-10,19.277186827333804,16.825229435999436
1988-08-11,19.046385733682143,17.32856229578065
1988-08-12,18.992348846739763,17.334851541412135
1988-08-13,18.98986830231482,17.15600085239381
1988-08-14,18.981780495579105,17.222514561727518
1988-08-15,19.009357158823757,17.29440403466402
1988-08-16,18.992003634467025,17.240686177013785
1988-08-17,19.023766785607837,17.563977837761048
1988-08-18,19.035341610921634,17.546893024577354
1988-08-19,19.117289176077144,17.40709901974713
1988-08-20,19.329545981388875,17.72732206279301
1988-08-21,19.4183350581184,17.729369228583607
1988-08-22,19.450541796370537,18.023071459014066
1988-08-23,19.486611708116733,17.696152862622533
1988-08-24,19.336024232539696,17.21153288819435
1988-08-25,19.213128477166595,17.37623952265947
1988-08-26,19.217823335099496,17.366347492541554
1988-08-27,19.347358408947958,17.32109674669698
1988-08-28,19.340379363016197,17.74577780934792
1988-08-29,19.220847166109255,17.64741582611167
1988-08-30,19.18242811785943,17.3185210967467
1988-08-31,19.412335165744963,16.836361699104984
1988-09-01,19.695584350266593,16.867027986929966
1988-09-02,19.668526550650743,17.303368376189802
1988-09-03,19.543566662251255,17.58784912629635
1988-09-04,19.23501722025368,17.529076573376905
1988-09-05,19.22182135228665,17.55719562437847
1988-09-06,19.52632227539164,17.80901974712317
1988-09-07,19.662477936549998,17.65297201307004
1988-09-08,19.557229733086107,17.5864313112658
1988-09-09,19.4816631412061,17.411020031254438
1988-09-10,19.517954991389878,17.22610740161955
1988-09-11,19.55761106235719,17.05243642562864
1988-09-12,19.51646935126007,16.942913766159965
1988-09-13,19.54876316355929,16.992578491262968
1988-09-14,19.51752231181906,17.028810910640715
1988-09-15,19.284735590456012,17.212950703224895
1988-09-16,19.10884957528896,17.491382298621964
1988-09-17,18.962697598271312,17.358003977837765
1988-09-18,18.957396906149654,17.021157834919734
1988-09-19,19.1130204780276,16.758840744423924
1988-09-20,18.99685995297548,16.758898991334
1988-09-21,18.89472787031827,16.68941468958659
1988-09-22,18.742381734940587,16.601815598806652
1988-09-23,18.762567390800434,16.94542974854383
1988-09-24,18.705057911381918,16.858144622815743
1988-09-25,18.58143197171904,16.82402187810768
1988-09-26,18.54473198910486,16.90975280579628
1988-09-27,18.519048353313256,16.925804801818444
1988-09-28,18.524850585323033,16.898069328029546
1988-09-29,18.629168274166314,16.82900127859071
1988-09-30,18.756100461138526,17.077609035374344
1988-10-01,18.84903641090173,17.440403466401474
1988-10-02,18.937024663046074,17.48585452479046
1988-10-03,18.952668683975222,17.476840460292657
1988-10-04,19.00541947461664,18.00908793862764
1988-10-05,19.207017936384442,18.148746981105273
1988-10-06,19.297311094645167,18.423064355732354
1988-10-07,19.224823285425735,18.284929677511006
1988-10-08,19.147476922376406,17.9039664725103
1988-10-09,19.08786874523961,17.548663162381022
1988-10-10,19.0906545145213,17.658379031112375
1988-10-11,19.043933006590084,17.671113794573092
1988-10-12,19.200177004338155,17.614588719988635
1988-10-13,19.527724318640942,17.77935644267652
1988-10-14,19.509388329138655,17.990681915044753
1988-10-15,19.35324554177569,17.601697684330166
1988-10-16,19.055544652614522,17.560826821991768
1988-10-17,18.910085521740594,17.470656343230573
1988-10-18,18.983598826042286,17.683263247620403
1988-10-19,19.07097337897801,17.61905668418809
1988-10-20,19.16534624714375,17.60174314533315
1988-10-21,19.405427960559024,17.74512288677369
1988-10-22,19.504450214425287,17.83176729649098
1988-10-23,19.703489129714853,17.84505611592556
1988-10-24,19.829545277676566,18.26241511578349
1988-10-25,20.166585236116138,18.18231709049581
1988-10-26,20.330261097956736,18.00190367949993
1988-10-27,20.344068160744452,17.943875550504334
1988-10-28,20.36190844703118,17.845057536581905
1988-10-29,20.422131047786205,18.04818724250604
1988-10-30,20.45994434463689,17.79564852962069
1988-10-31,20.3341181450144,17.829738599232844
1988-11-01,20.175987308341913,18.120002841312687
1988-11-02,20.148100059608595,17.582247478334992
1988-11-03,20.325354877968046,18.754997869015483
1988-11-04,20.4130286121138,18.853827248188665
1988-11-05,20.502339201741894,18.641244494956673
1988-11-06,20.43829155214092,18.321980394942464
1988-11-07,20.389436554127837,18.45269498508311
1988-11-08,20.35249103801702,18.238678789600797
1988-11-09,20.334658347683522,17.962477624662593
1988-11-10,20.377702586349656,17.920960363688028
1988-11-11,20.420918199655585,17.962057110385
1988-11-12,20.455397431864107,18.393180849552493
1988-11-13,20.55113947577573,19.099029691717572
1988-11-14,20.52503762791007,18.681961926410004
1988-11-15,20.547490996622173,18.564993607046464
1988-11-16,20.662176747690182,18.67913339963063
1988-11-17,20.71957808308778,18.463709333712174
1988-11-18,20.7191742764182,18.453105554766303
1988-11-19,20.788754719011813,18.527032248898994
1988-11-20,20.75138993525847,18.505640005682626
1988-11-21,20.7054347286154,18.379647677226874
1988-11-22,20.388106537901166,18.627067765307576
1988-11-23,20.29559006275463,18.798255434010514
1988-11-24,20.401293299003154,18.267336269356438
1988-11-25,20.46442997234825,18.207805085949712
1988-11-26,20.527194775143215,18.304774825969595
1988-11-27,20.667674334370957,18.283216365961074
1988-11-28,20.71347058482639,18.423462139508448
1988-11-29,20.666466950359343,18.583787469811057
1988-11-30,20.661422947643782,18.707726949850834
1988-12-01,20.690625103487136,19.08825259269782
1988-12-02,20.743767137463994,19.142831368092057
1988-12-03,20.868826787429185,18.717072027276604
1988-12-04,21.059100572904587,18.930796988208552
1988-12-05,21.247862639500543,19.15982241795709
1988-12-06,21.29153127794151,19.3210384997869
1988-12-07,21.32259231049444,19.396732490410574
1988-12-08,21.493562626254224,19.397361841170625
1988-12-09,21.53478035897604,19.31932660889331
1988-12-10,21.512329577441434,19.296770848131843
1988-12-11,21.472866178759467,19.248521096746696
1988-12-12,21.40836912607214,19.08211251598239
1988-12-13,21.35571497168588,18.694077283705074
1988-12-14,21.417954618836305,19.19145617275182
1988-12-15,21.54313478987971,19.44377042193494
1988-12-16,21.69031176524152,19.509907657337692
1988-12-17,21.774461184057973,19.39151299900555
1988-12-18,21.7802317904096,19.313970734479334
1988-12-19,21.691567125873487,19.16739309561017
1988-12-20,21.79731742805579,18.867709901974713
1988-12-21,21.941604257045405,18.903122602642423
1988-12-22,22.16327126866906,18.982719136240938
1988-12-23,22.30322320925914,19.69117062082683
1988-12-24,21.998650880054292,20.178219917601936
1988-12-25,21.76381552803257,19.65400056826254
1988-12-26,21.977195872106517,19.34160250035516
1988-12-27,22.168153107096717,19.410612302883933
1988-12-28,22.26916926764253,19.533881233129705
1988-12-29,22.43837196161873,19.61053274612872
1988-12-30,22.58922030748092,19.67339536866032
1988-12-31,22.614102704738865,19.813355590282708
1989-01-01,22.746234642514175,19.743990623668136
1989-01-02,22.89668758485944,19.756989629208693
1989-01-03,23.040297918667445,21.047059241369524
1989-01-04,23.445929169288334,21.09187526637306
1989-01-05,23.45152430291088,21.10700525642848
1989-01-06,23.362452230354034,21.210105128569406
1989-01-07,23.73745427939862,22.52671118056542
1989-01-08,23.903522121402798,22.581372354027557
1989-01-09,23.875933267377548,22.388836482454906
1989-01-10,23.94850018213726,22.32768006819151
1989-01-11,23.938095030135486,22.26853814462282
1989-01-12,23.964734948836004,22.263436567694278
1989-01-13,23.963843945590572,21.907851967609037
1989-01-14,23.970177252707227,21.63076289245631
1989-01-15,23.812663530317593,21.379073732064224
1989-01-16,23.760850312117103,21.266422787327745
1989-01-17,23.72870401033223,21.26923568688734
1989-01-18,23.88340102079678,21.440734479329446
1989-01-19,23.94071213613928,21.41242079840887
1989-01-20,23.973351015829433,21.320737320642134
1989-01-21,23.991186127761004,21.390193209262684
1989-01-22,24.140536166672202,21.49176019320926
1989-01-23,24.336891992582068,21.957390254297493
1989-01-24,24.382516847700078,22.336573376900134
1989-01-25,24.369485482829393,22.30626225316097
1989-01-26,24.399990003146044,22.422883932376763
1989-01-27,24.541456912110412,23.194388407444244
1989-01-28,24.737399514024602,23.396728228441546
1989-01-29,24.957378878696623,23.399930387839184
1989-01-30,25.101207466801423,23.459495666998162
1989-01-31,25.159087616319493,23.48999289671828
1989-02-01,25.290729128721427,23.504933939480043
1989-02-02,25.414574109183075,23.67995169768433
1989-02-03,25.757525830380544,24.49900554055974
1989-02-04,26.146912276053886,24.83758204290383
1989-02-05,25.869069402589638,24.584431027134546
1989-02-06,25.63967302215451,24.07068191504476
1989-02-07,25.5529120235454,24.016503764739316
1989-02-08,25.537257778090485,24.01407870436142
1989-02-09,25.60336103338077,24.12678363403892
1989-02-10,25.657840555353218,24.08493962210542
1989-02-11,25.713795741298824,24.18158971444808
1989-02-12,25.72801965013084,24.162452052848415
1989-02-13,25.674016686260245,24.20557749680352
1989-02-14,25.73059064228237,24.187555050433307
1989-02-15,25.614939190979175,24.35531751669271
1989-02-16,25.732491100109304,24.949056684188093
1989-02-17,25.80469847998145,24.932913766159967
1989-02-18,25.780952143424823,24.894058815172613
1989-02-19,25.714840733351007,25.24805654212247
1989-02-20,25.80145736745371,24.908504048870576
1989-02-21,25.906591259065458,25.015169768433015
1989-02-22,26.032654382057803,25.318593550220207
1989-02-23,26.26221901182235,25.40734337263816
1989-02-24,26.257757848461793,25.831790026992472
1989-02-25,25.985909423949433,26.00364398352039
1989-02-26,25.82399507815342,25.264101434862912
1989-02-27,25.747992598602472,25.030883648245492
1989-02-28,25.925758332781356,24.99773689444524
1989-03-01,25.983476359406634,24.83975280579628
1989-03-02,26.02343695151837,24.678344935360137
1989-03-03,26.18664113984837,24.873795993749113
1989-03-04,26.236301246812623,24.91196476772269
1989-03-05,26.149142692154882,24.912094047449923
1989-03-06,26.063389285359435,25.02291660747265
1989-03-07,26.177592517468643,25.035816167069182
1989-03-08,26.25072480296059,24.83678789600796
1989-03-09,26.134642224393087,24.861419235686885
1989-03-10,26.078572478226324,24.892376758062234
1989-03-11,25.992426337881206,24.719467253871294
1989-03-12,25.864832288803527,24.693433726381592
1989-03-13,25.721804897837533,24.83816309134821
1989-03-14,25.658076568036478,24.806850404887054
1989-03-15,25.695269087160895,24.860450348060812
1989-03-16,26.027710078815815,24.808388975706794
1989-03-17,26.393795368745238,25.7615215229436
1989-03-18,26.5919239493989,26.080890751527207
1989-03-19,26.675043712951574,26.103879812473366
1989-03-20,26.77783718167366,26.413311549936076
1989-03-21,26.83004015299528,26.34828952976276
1989-03-22,26.94542398665429,26.230913482028708
1989-03-23,26.987412760373473,26.233692285836053
1989-03-24,26.930336829817556,26.24321494530473
1989-03-25,27.145801279928474,26.603706492399496
1989-03-26,27.452637658542216,26.698217076289257
1989-03-27,27.625035951419022,26.672793010370793
1989-03-28,27.493142075371665,26.775560448927404
1989-03-29,27.21384264165318,26.217961358147466
1989-03-30,26.936727799946997,25.357995453899704
1989-03-31,26.749182596781157,24.864256286404316
1989-04-01,26.75465313193367,24.773338542406595
1989-04-02,26.726996514554433,24.54109816735332
1989-04-03,26.56302068500176,24.1447421508737
1989-04-04,26.464150909030682,23.90072169342237
1989-04-05,26.4198412507865,23.700977411564157
1989-04-06,26.306542661522627,23.095050433300187
1989-04-07,26.0807379458224,22.545230856655774
1989-04-08,26.039916651488614,22.509887768148882
1989-04-09,26.158404601450513,22.569823838613445
1989-04-10,26.21201795708185,22.60117630345219
1989-04-11,26.09601992747621,22.691829805370084
1989-04-12,25.93337825363443,22.21332291518682
1989-04-13,25.57246812597279,21.605819008381868
1989-04-14,25.429942916514907,21.685952550078138
1989-04-15,25.428205264595825,21.554681062650943
1989-04-16,25.46683054194124,21.461862480465975
1989-04-17,25.31011522253865,21.75998295212388
1989-04-18,25.263816148955144,21.813919590850972
1989-04-19,25.17032668808158,21.844693848558045
1989-04-20,24.997262207338537,21.501609603636883
1989-04-21,25.008440966817865,21.406367381730362
1989-04-22,24.95180460807366,21.428968603494813
1989-04-23,24.70806872371425,21.383406733911063
1989-04-24,24.584788907010616,21.089428896150025
1989-04-25,24.47528552091265,20.877782355448222
1989-04-26,24.439761462231395,19.93922290098025
1989-04-27,24.424107382355825,19.54974428185822
1989-04-28,24.355759222770406,19.718256854666862
1989-04-29,24.382970990495725,19.78578917459867
1989-04-30,24.259570466437136,19.85032817161529
1989-05-01,24.006626134218667,19.724206563432308
1989-05-02,23.88104155628041,19.540228725671263
1989-05-03,23.763421324966043,19.33079556755221
1989-05-04,23.46547496440041,18.546466827674394
1989-05-05,23.44606945640294,18.39341383719278
1989-05-06,23.392759276583785,18.32529336553488
1989-05-07,23.40118285756872,18.410356584742157
1989-05-08,23.466494995363824,18.517251029975856
1989-05-09,23.39494635228663,18.553861343940902
1989-05-10,23.360155416928823,18.697853388265376
1989-05-11,23.344760448057738,19.087924421082537
1989-05-12,23.356410446401924,19.396993891177726
1989-05-13,23.358202491141512,19.23586731069754
1989-05-14,23.335818500182214,19.22307430032675
1989-05-15,23.294099103387822,19.51760477340531
1989-05-16,23.10901726578794,19.671782923710754
1989-05-17,23.053421180084147,19.702618269640585
1989-05-18,23.277452706394723,19.570169058104838
1989-05-19,23.184428378646903,19.450875124307434
1989-05-20,23.068929612213225,19.58100014206564
1989-05-21,23.105933267377566,19.875134252024438
1989-05-22,23.13138091118325,19.87571956243785
1989-05-23,22.973990938669388,19.70128427333428
1989-05-24,22.88968351574663,19.600241511578346
1989-05-25,22.877562816670537,19.81726097457026
1989-05-26,22.873879979799383,19.725783491973292
1989-05-27,22.94761758204459,19.545580338116213
1989-05-28,22.91207394360366,19.507800823980673
1989-05-29,22.729661410901755,19.430684756357444
1989-05-30,22.62459718680663,19.580095183975
1989-05-31,22.50490926250957,19.479060946157126
1989-06-01,22.478716366692087,19.169610740161957
1989-06-02,22.3923720278505,19.043945162665153
1989-06-03,22.306500604364718,18.94561017189942
1989-06-04,22.250118306454244,19.278235544821708
1989-06-05,22.221141607610086,19.22562721977554
1989-06-06,22.215766839421217,19.167253871288537
1989-06-07,22.167573413749718,19.051596817729795
1989-06-08,22.157499544656698,19.112916607472652
1989-06-09,22.006027792495974,19.053007529478624
1989-06-10,21.87442158989303,19.058442960647817
1989-06-11,21.87882807066924,18.85640289813894
1989-06-12,21.86512857237476,18.699400483023155
1989-06-13,21.672932265622443,18.488462849836623
1989-06-14,21.503051192999333,18.29723398209973
1989-06-15,21.481880629698264,18.558512572808638
1989-06-16,21.496394881941892,18.696897286546385
1989-06-17,21.54384102725442,18.72807785196761
1989-06-18,21.708694944862145,18.870994459440265
1989-06-19,21.862412470609637,19.047045034806082
1989-06-20,21.926913145345594,19.19811478903254
1989-06-21,21.945808172169432,19.372005966756646
1989-06-22,21.976382049541417,19.37572098309419
1989-06-23,22.002710927409943,19.43540275607331
1989-06-24,22.058829519488707,19.5157081971871
1989-06-25,22.066100999271477,19.465628640431877
1989-06-26,22.12853501589556,19.132085523511865
1989-06-27,22.060487382852617,18.98977269498509
1989-06-28,22.02936092575423,19.824644125586026
1989-06-29,21.971046875517388,20.01822133825827
1989-06-30,21.955926623505626,20.070250035516406
1989-07-01,21.92393882256519,20.08265662736185
1989-07-02,21.829573736629513,19.995706776530763
1989-07-03,21.711724467662364,19.542288677368944
1989-07-04,21.624801263370497,19.448745560448927
1989-07-05,21.562546051760123,19.412057110384993
1989-07-06,21.534431607444436,18.955686887341958
1989-07-07,21.485832036295015,18.97827532319932
1989-07-08,21.41223873646387,19.05273476346072
1989-07-09,21.399915595920046,18.92824406875977
1989-07-10,21.353733959499245,18.858094899843728
1989-07-11,21.29160729956622,19.051682057110387
1989-07-12,21.202232154684232,19.054054553203585
1989-07-13,21.180321534423918,19.04314533314391
1989-07-14,21.196231537901053,19.033551640858075
1989-07-15,21.16939567672282,19.08306009376332
1989-07-16,21.13454035169055,18.950636454041774
1989-07-17,21.16480612726429,18.853713595681207
1989-07-18,21.14151010448059,18.77626225316096
1989-07-19,21.107506085041663,19.001298479897716
1989-07-20,21.102389041129907,18.891169200170477
1989-07-21,21.063168133423822,18.75086660036937
1989-07-22,21.024334308871744,18.534688165932664
1989-07-23,20.995299760737783,18.46814604347209
1989-07-24,20.955725672252147,18.51817303594261
1989-07-25,20.918882297910343,18.490751527205575
1989-07-26,20.813871680133758,18.448452905242224
1989-07-27,20.76662576166507,18.24054127006677
1989-07-28,20.65729325346887,17.86721693422361
1989-07-29,20.49783674702784,17.841069754226456
1989-07-30,20.481549015630687,17.72984798977128
1989-07-31,20.456052401728666,17.523253303026
1989-08-01,20.46577727092099,17.470795567552212
1989-08-02,20.42322931499821,17.4542193493394
1989-08-03,20.43727011375301,17.6968617701378
1989-08-04,20.357637244593832,17.72447506748118
1989-08-05,20.391671689240674,17.715340247194202
1989-08-06,20.347767969500264,17.756760903537437
1989-08-07,20.336266019803254,18.045081687739735
1989-08-08,20.338220663476537,18.151942037221197
1989-08-09,20.39823869092959,18.228862054269076
1989-08-10,20.473307261482873,18.201797130274187
1989-08-11,20.48596164354071,18.17396505185396
1989-08-12,20.440097008808777,18.33852535871573
1989-08-13,20.4727761035864,18.46838471373775
1989-08-14,20.54003967695467,18.51357721267226
1989-08-15,20.592674996688405,18.45865037647393
1989-08-16,20.62520883697062,18.19119051001563
1989-08-17,20.613128704838264,18.078781076857513
1989-08-18,20.550114187667628,17.912976275039075
1989-08-19,20.665997263801057,17.96542974854383
1989-08-20,20.654096971553486,18.27312118198608
1989-08-21,20.639103056595047,18.336833357010946
1989-08-22,20.522966437063303,18.274236397215514
1989-08-23,20.43757881577641,18.4025600227305
1989-08-24,20.419431855813485,18.291863901122323
1989-08-25,20.446011855482315,18.226252308566565
1989-08-26,20.48159005861511,18.378033811620973
1989-08-27,20.362631056065158,18.36420940474499
1989-08-28,20.225052509355276,17.899082256002277
1989-08-29,20.183927232009843,17.968870578207135
1989-08-30,20.131558743418267,17.95774115641427
1989-08-31,20.128927066430396,17.72084671118057
1989-09-01,20.076434041461127,17.903945162665153
1989-09-02,19.981434683081066,18.336238102003133
1989-09-03,19.928267418948906,18.204152578491268
1989-09-04,20.041121489717508,18.23493251882369
1989-09-05,20.04022390469254,18.091301321210405
1989-09-06,20.06923783819589,17.93823412416536
1989-09-07,19.997181197635523,17.64530331012928
1989-09-08,19.983007583534835,17.57576218212815
1989-09-09,19.97567993095341,17.679187384571676
1989-09-10,19.97465588469055,17.70733342804376
1989-09-11,19.871062377885202,17.61293223469243
1989-09-12,19.81390140162934,17.418106265094476
1989-09-13,19.70150435059778,17.477496803523227
1989-09-14,19.670582756565206,17.61135104418241
1989-09-15,19.68643975394908,17.774692427901694
1989-09-16,19.67085486554956,18.021217502486152
1989-09-17,19.739552873629773,18.17687171473221
1989-09-18,19.783800770771897,17.889386276459728
1989-09-19,19.813751159055577,17.911047023724965
1989-09-20,19.87976121386235,18.23817729791164
1989-09-21,19.940629801801492,18.44797698536724
1989-09-22,19.975601508427996,18.454425344509165
1989-09-23,19.963716987614685,18.425699673249042
1989-09-24,19.85944059012486,18.41319363545958
1989-09-25,19.70979308788951,18.492169342236117
1989-09-26,19.61471526558932,18.060971728938767
1989-09-27,19.628364696824132,17.863214945304726
1989-09-28,19.677988127959747,18.186992470521382
1989-09-29,19.70465298705173,18.54263673817304
1989-09-30,19.68384651207076,18.462452052848416
1989-10-01,19.752688284432242,18.463158119051002
1989-10-02,19.92293683975233,18.311362409433166
1989-10-03,20.27763763784478,18.768036652933656
1989-10-04,20.386168679835794,19.555262111095328
1989-10-05,20.38523164552773,19.6137036510868
1989-10-06,20.25262296337381,19.4769668987072
1989-10-07,20.131289883928964,19.136731069754234
1989-10-08,20.12171267013276,19.065029123455037
1989-10-09,20.12410653376154,19.218146043472082
1989-10-10,20.27374621237203,19.85962636738174
1989-10-11,20.23732941186212,19.640622247478337
1989-10-12,20.241064406232386,19.311014348629065
1989-10-13,20.124505600721932,18.318741298479896
1989-10-14,19.935765804550115,18.13836056257991
1989-10-15,19.89527862867175,18.120294075863054
1989-10-16,19.90894720502041,18.30399630629351
1989-10-17,20.05578381130569,18.611667850546954
1989-10-18,20.182932244925045,18.62856371643699
1989-10-19,20.33115359141637,18.77795993749112
1989-10-20,20.349919362850585,18.71163517545106
1989-10-21,20.467513204954123,18.93771700525643
1989-10-22,20.67451340364937,19.373097030828248
1989-10-23,20.862976330430207,19.34494530473079
1989-10-24,20.944943164883924,19.205132831368097
1989-10-25,20.83796654055041,18.874350049722974
1989-10-26,20.76839948918767,18.602562864043186
1989-10-27,20.713131416200284,18.158704361414976
1989-10-28,20.675508577010955,18.312908083534595
1989-10-29,20.567073446865564,18.23885921295639
1989-10-30,20.66336076431434,18.12250461713312
1989-10-31,20.76945238765443,18.101934933939482
1989-11-01,20.817639003874525,18.562876829095043
1989-11-02,20.83491799682089,19.049718710044047
1989-11-03,20.92732152614498,19.13410427617559
1989-11-04,20.9608120218896,19.110291234550363
1989-11-05,20.826849045434965,19.037066344651233
1989-11-06,20.771663637944197,18.926657195624383
1989-11-07,20.7430454598139,18.77832788748402
1989-11-08,21.156708468556495,20.15459866458304
1989-11-09,21.366404133688757,20.063608467111806
1989-11-10,21.372843556479143,20.16325046171331
1989-11-11,21.439864473292022,19.952088364824554
1989-11-12,21.539185246050906,19.729389117772417
1989-11-13,21.610107047057635,19.675375763602784
1989-11-14,21.683839474947824,19.817037931524364
1989-11-15,21.76898423270521,19.89323483449354
1989-11-16,21.756460037420858,19.963470663446508
1989-11-17,21.654280661158428,19.966846142918033
1989-11-18,21.45251146637088,19.81751527205569
1989-11-19,21.417706477464638,19.829629208694417
1989-11-20,21.339002943173124,19.90712317090496
1989-11-21,21.36076563897073,19.69653359852252
1989-11-22,21.338146214855758,19.584044608609187
1989-11-23,21.240810593767556,19.63748970024151
1989-11-24,21.085563218200466,19.40673533172326
1989-11-25,21.018674268139193,19.38921579769854
1989-11-26,21.148181110706336,19.793133967893166
1989-11-27,21.301916746696673,19.891020031254442
1989-11-28,21.33292371758788,19.570384997869017
1989-11-29,21.382973287909323,19.34596959795425
1989-11-30,21.398226044805778,19.246262253160964
1989-12-01,21.446893648375678,19.142726239522666
1989-12-02,21.513912516143986,19.07447364682484
1989-12-03,21.477250430506313,19.1794118482739
1989-12-04,21.49410475378343,19.17393521807075
1989-12-05,21.57718740686157,19.0168944452337
1989-12-06,21.641064219955602,19.006914334422508
1989-12-07,21.818283749213435,18.920011365250748
1989-12-08,21.87396283157267,18.976549225742293
1989-12-09,21.93404622147896,19.069413268930244
1989-12-10,21.806487171738862,19.811944878533886
1989-12-11,21.702234990230803,20.210639295354458
1989-12-12,22.073151182236654,20.01641568404603
1989-12-13,22.148379226413212,20.09654780508595
1989-12-14,22.207028409279086,20.012200596675676
1989-12-15,22.37135626055573,20.336512288677373
1989-12-16,22.38494467579561,20.47401193351328
1989-12-17,22.49162578236253,20.430946157124602
1989-12-18,22.471722687684224,20.544834493536015
1989-12-19,22.595565350034807,20.960821139366388
1989-12-20,22.7148004768685,21.147323483449355
1989-12-21,22.561643250985174,21.18104418241228
1989-12-22,22.444726214524632,21.147957096178434
1989-12-23,22.544301813921898,21.084736468248334
1989-12-24,22.65609470725579,21.07822560022731
1989-12-25,22.810962098883977,20.337543685182553
1989-12-26,22.771366609265833,20.08033953686603
1989-12-27,22.792172318442272,20.42611024293224
1989-12-28,23.069718494386883,20.380727376047734
1989-12-29,23.1651110209624,20.131504475067484
1989-12-30,23.215060126005856,20.362851257280866
1989-12-31,23.26272928602179,20.63903111237392
1990-01-01,23.199597186806646,20.92434862906663
1990-01-02,23.33540869126073,20.814222190652075
1990-01-03,23.330794035831346,20.65252592697827
1990-01-04,23.158526260886905,20.393831510157682
1990-01-05,23.096781903003645,20.484681062650946
1990-01-06,23.115415914660428,20.605409859355024
1990-01-07,22.930746638738963,20.687896007955676
1990-01-08,23.157035736165803,20.82165648529621
1990-01-09,23.642644633572935,21.00267367523796
1990-01-10,23.649637422591677,21.08837618979969
1990-01-11,23.581748725038935,21.039382014490695
1990-01-12,23.64556965509826,21.014186674243508
1990-01-13,23.92372861956489,20.853283136809207
1990-01-14,24.15880166076106,20.692572808637586
1990-01-15,24.14639407474248,21.0358658900412
1990-01-16,23.93644449365825,21.640214519107833
1990-01-17,23.770402751101102,21.56629066628783
1990-01-18,23.759221052587996,21.855720983094187
1990-01-19,23.854701688081615,22.324757778093478
1990-01-20,24.082264670331504,22.536794999289675
1990-01-21,24.192970866311242,22.557913055831794
1990-01-22,24.248659034837893,22.061274328739884
1990-01-23,24.259208447859088,21.728565137093334
1990-01-24,24.20387116269826,21.52873419519819
1990-01-25,24.217782043746023,21.38710186105981
1990-01-26,24.379970547570956,21.408749822417953
1990-01-27,24.464712637016948,21.847761045603068
1990-01-28,24.511520204821636,22.316348913197892
1990-01-29,24.55397067589496,22.46913055831794
1990-01-30,24.70654653194026,22.872081261542835
1990-01-31,24.83158608471046,23.082694985083112
1990-02-01,24.883891115011462,23.10273902542975
1990-02-02,25.013785599562993,23.153499076573386
1990-02-03,25.137437038447533,23.608997016621682
1990-02-04,25.250827503559968,23.632635317516694
1990-02-05,25.307619962247916,23.42514703793152
1990-02-06,25.24010410802398,23.29803097030829
1990-02-07,25.317835857038776,23.48652791589715
1990-02-08,25.50034606086697,23.746307714163944
1990-02-09,25.765402999470115,23.708121892314253
1990-02-10,25.887650656522247,23.25512572808638
1990-02-11,25.86235536642716,23.21703224889899
1990-02-12,25.837087355531978,23.245392811478904
1990-02-13,25.83650292247569,22.641586873135395
1990-02-14,25.724775081133878,22.38674527631766
1990-02-15,25.70801675249189,22.231450490126438
1990-02-16,25.859937286816592,22.359143344225032
1990-02-17,25.95600237606389,22.7456556329024
1990-02-18,25.94757331026262,22.77375763602785
1990-02-19,25.85003541328608,22.782237533740602
1990-02-20,25.802984940557007,22.7794445233698
1990-02-21,25.7395600970296,22.78610313965052
1990-02-22,25.814852944828974,22.58887484017616
1990-02-23,25.62851340778889,21.95648955817588
1990-02-24,25.395480676888372,21.98733769001279
1990-02-25,25.369251622677716,22.006051996022162
1990-02-26,25.4162986803325,21.76435857366103
1990-02-27,25.70923177385167,21.799036794999296
1990-02-28,25.74639448869094,22.189082256002266
1990-03-01,25.89181369424109,22.46810200312544
1990-03-02,26.169494900155645,22.54640005682626
1990-03-03,26.343241567870976,22.63342236113084
1990-03-04,26.46563948819427,22.686057678647533
1990-03-05,26.37965131056061,22.823635459582324
1990-03-06,26.320583563764636,23.007680068191505
1990-03-07,26.302533281451815,22.918410285551932
1990-03-08,26.2471645362121,22.732614007671547
1990-03-09,26.17598273421202,22.712113936638723
1990-03-10,26.07637230105639,22.715003551640866
1990-03-11,26.085747735702174,22.86474215087371
1990-03-12,26.0571346077425,22.8345120045461
1990-03-13,26.016731566877557,22.708935928398926
1990-03-14,26.053245500380807,22.635145617275185
1990-03-15,26.102265291254028,22.83769143344225
1990-03-16,26.094475734344453,23.039904816025008
1990-03-17,25.8635910645097,23.28267083392528
1990-03-18,25.895008858495874,23.144146895865887
1990-03-19,25.819193773388026,22.77177013780366
1990-03-20,25.722180638805156,22.74442108254013
1990-03-21,25.714598097493162,22.91480750106549
1990-03-22,25.758162876279105,22.938511152152294
1990-03-23,25.729878899393988,22.747192783065774
1990-03-24,25.72605194638537,22.57797414405456
1990-03-25,25.7311689489022,22.656557749680353
1990-03-26,25.603424160512642,22.442665151299902
1990-03-27,25.504457127363693,22.285872993322922
1990-03-28,25.621521902010112,22.43435999431738
1990-03-29,25.753332760704698,22.568925983804515
1990-03-30,25.794492975295537,22.64130274186675
1990-03-31,25.6668373720899,22.26304730785623
1990-04-01,25.74845524803787,22.037795141355307
1990-04-02,25.68582721379605,21.931831226026432
1990-04-03,25.53823895999597,21.499272623952272
1990-04-04,25.466727799946963,21.370026992470525
1990-04-05,25.24852752342944,21.337586304872854
1990-04-06,24.828346938437566,21.26279016905811
1990-04-07,24.708413459946375,21.11422503196477
1990-04-08,24.809681446004582,21.072406591845432
1990-04-09,24.893522990694493,20.572959227162954
1990-04-10,24.872862453223895,20.249593692285835
1990-04-11,24.663222567639178,20.181879528342094
1990-04-12,24.489265717620988,20.060265662736185
1990-04-13,24.426036526807316,20.016290666287826
1990-04-14,24.389414801139182,20.033830089501357
1990-04-15,24.276015125674714,19.8552677937207
1990-04-16,24.313444775143232,19.594682483307295
1990-04-17,24.482949692850323,20.766672822844157
1990-04-18,24.68054887488823,21.38050007103282
1990-04-19,24.888037491307166,21.57054411137946
1990-04-20,24.904734431400527,21.38619832362552
1990-04-21,24.95941068235261,21.28813041625232
1990-04-22,24.927303146835776,21.39974570251456
1990-04-23,24.7481651943902,21.387857650234412
1990-04-24,24.818059016624147,21.361333996306296
1990-04-25,24.987916990926266,21.23984514845859
1990-04-26,24.987968341225898,21.2113766159966
1990-04-27,24.88066734692188,21.280487285125734
1990-04-28,24.714098358280673,21.734574513425205
1990-04-29,24.501010303175843,21.763759056684194
1990-04-30,24.478766661423336,21.585827532319936
1990-05-01,24.641271670199018,21.4705980963205
1990-05-02,24.546943632645657,21.429916181275765
1990-05-03,24.308906927840468,21.503345645688317
1990-05-04,24.287603342219363,21.295070322488993
1990-05-05,24.274177753584766,21.215185395652792
1990-05-06,24.19230047686855,21.196375905668422
1990-05-07,24.100458240884844,21.026333285978122
1990-05-08,24.118213833327765,21.01956385850263
1990-05-09,23.990441786435724,21.021399346498082
1990-05-10,23.928075595257813,20.75401619548232
1990-05-11,23.967488533629147,20.657815030544114
1990-05-12,23.82761820296725,20.71683903963631
1990-05-13,23.74210790807035,20.725287682909507
1990-05-14,23.75501906232409,20.477905952550074
1990-05-15,23.700674321952523,20.496661457593415
1990-05-16,23.746250455343265,20.90303878391817
1990-05-17,23.86401474070279,21.236995311834068
1990-05-18,24.014113281120625,21.315239380593834
1990-05-19,23.995943077954827,21.280497229720137
1990-05-20,23.93524174586881,21.2852351186248
1990-05-21,23.937226524985956,21.45826964057395
1990-05-22,23.866412164287873,21.337967040772842
1990-05-23,23.81753849720175,21.235591703366953
1990-05-24,23.70585505182633,21.195012075578916
1990-05-25,23.603436599662214,21.30948430174741
1990-05-26,23.686993368546556,21.263732064213677
1990-05-27,23.7334636304931,20.93278590708908
1990-05-28,23.67854848991629,20.781626651513005
1990-05-29,23.581159096930197,20.784016195482316
1990-05-30,23.530336809120158,20.806954112800106
1990-05-31,23.511250372553587,20.754038925983814
1990-06-01,23.468233640759117,20.671200454610027
1990-06-02,23.27346137447436,20.383514703793153
1990-06-03,23.173292359340333,20.293670975990906
1990-06-04,23.006991588568425,20.13468674527632
1990-06-05,22.810290985031603,19.991770137803673
1990-06-06,22.759027531708437,19.95058531041341
1990-06-07,22.76301228184922,19.943852820002842
1990-06-08,22.712943462926827,19.861633754794717
1990-06-09,22.70968246017821,19.92341099588009
1990-06-10,22.726620338940958,20.07668845006393
1990-06-11,22.7726882430374,20.15171899417531
1990-06-12,22.93801058466081,20.55302031538571
1990-06-13,22.953209300592786,20.643942321352462
1990-06-14,22.970371001258417,20.635242221906523
1990-06-15,23.016639877305735,20.778036652933658
1990-06-16,23.066781965095895,20.930887910214516
1990-06-17,23.05448604165978,21.25616138656059
1990-06-18,22.963450446236283,21.28047591987499
1990-06-19,22.987246787760416,21.49678931666431
1990-06-20,22.916783144848853,21.45112231851115
1990-06-21,22.78486072705897,21.118519676090354
1990-06-22,22.632129992217756,20.752305725245062
1990-06-23,22.506081626486086,20.489903395368668
1990-06-24,22.391058838626293,20.33724534735048
1990-06-25,22.329531410405075,20.097511010086656
1990-06-26,22.294468366062837,19.799309561017193
1990-06-27,22.278974132364155,19.718714306009375
1990-06-28,22.285579403583064,19.741943457877543
1990-06-29,22.199679728118713,20.021977553629778
1990-06-30,22.113641276451347,19.64618979968745
1990-07-01,22.056175903235395,19.41726239522659
1990-07-02,21.8809533231778,19.219613581474643
1990-07-03,21.79950137844819,19.13978406023583
1990-07-04,21.819173096665292,19.065372922290102
1990-07-05,21.850403827366947,19.479397641710467
1990-07-06,21.779293141702805,19.716569114931104
1990-07-07,21.677390924595134,19.6049097883222
1990-07-08,21.550178246183386,19.45356016479613
1990-07-09,21.495845841474313,19.29338542406591
1990-07-10,21.42425516193664,19.09976701235971
1990-07-11,21.398002388482336,18.864619974428187
1990-07-12,21.345219123588443,18.51154993607047
1990-07-13,21.317046892075364,18.126695553345648
1990-07-14,21.19260383895749,18.071797130274188
1990-07-15,21.09471199539687,18.186628782497515
1990-07-16,21.032848896413512,18.23172751811337
1990-07-17,20.970039759744367,18.127905952550083
1990-07-18,20.794959391661443,18.087091916465415
1990-07-19,20.567508258270703,17.868350617985513
1990-07-20,20.34811593452997,17.704560306861772
1990-07-21,20.235484278239596,17.667279443102718
1990-07-22,20.120762161804176,17.596384429606477
1990-07-23,20.081800654866345,17.63611024293223
1990-07-24,20.076453807497366,17.582864043187957
1990-07-25,20.109566451137553,17.745077425770706
1990-07-26,20.16696534423951,18.207199886347496
1990-07-27,20.434653069841406,18.532710612302882
1990-07-28,20.604627322250533,18.27124591561301
1990-07-29,20.658009632579414,18.377924421082536
1990-07-30,20.675071757956115,18.283921011507317
1990-07-31,20.681301019140935,18.15569967324904
1990-08-01,20.659218217041424,18.042338400340956
1990-08-02,20.674611592211164,18.12817871856798
1990-08-03,20.679188495545947,18.182199176019324
1990-08-04,20.599464205881358,18.003368376189798
1990-08-05,20.52406766400639,18.018495524932522
1990-08-06,20.417271127926618,17.923963631197616
1990-08-07,20.470606910454656,18.286057678647534
1990-08-08,20.452016259893366,18.207036510868022
1990-08-09,20.47075965741628,18.154506321920735
1990-08-10,20.62448738699205,18.24232277312118
1990-08-11,20.626529373778872,18.190288393237672
1990-08-12,20.72726597426891,18.12551356726808
1990-08-13,20.676152246084065,18.287617559312398
1990-08-14,20.71299410951422,18.21194061656486
1990-08-15,20.66337877106992,18.34906520812616
1990-08-16,20.605924781435245,18.58576502344083
1990-08-17,20.512615056959245,18.67392669413269
1990-08-18,20.461426259231057,18.545426907231143
1990-08-19,20.396070843130083,18.556179855093056
1990-08-20,20.36797196327449,18.804247762466257
1990-08-21,20.352389972513787,18.864996448359136
1990-08-22,20.394450524886643,18.809157550788456
1990-08-23,20.398621117163977,18.374965193919593
1990-08-24,20.412926325462767,18.28447222616849
1990-08-25,20.28687827019238,17.869649097883222
1990-08-26,20.278414163658656,17.788614860065348
1990-08-27,20.344591639898017,17.703524648387553
1990-08-28,20.425719607908064,17.659684614291805
1990-08-29,20.40004033927209,17.94615854524791
1990-08-30,20.425163137066633,18.09228725671261
1990-08-31,20.368875902407567,18.257591987498227
1990-09-01,20.252062746299313,18.002976275039067
1990-09-02,20.12785477448093,17.79402187810769
1990-09-03,19.950417280690154,17.64880238670266
1990-09-04,19.89028748716758,17.635107259553912
1990-09-05,19.868855908699505,17.597850546952696
1990-09-06,19.768116493360296,17.349539707344796
1990-09-07,19.667559111832283,17.11718994175309
1990-09-08,19.594693057257363,17.29669555334565
1990-09-09,19.61818936897707,17.644166785054693
1990-09-10,19.761291601814722,17.754639863616994
1990-09-11,19.947677501076246,17.672872567126014
1990-09-12,20.05620914329243,18.09530615144197
1990-09-13,20.183401972878105,18.311589714448075
1990-09-14,20.345298705169423,18.24596675664157
1990-09-15,20.38090424959429,18.569024009092207
1990-09-16,20.351353052455554,19.497512430743004
1990-09-17,20.30799096350634,19.34272623952266
1990-09-18,20.300243256780522,18.680669129137662
1990-09-19,20.375791200284834,18.88977695695412
1990-09-20,20.121846478954833,18.78264952408012
1990-09-21,20.05644242391635,18.632865463844297
1990-09-22,20.12282550832865,18.41585878675948
1990-09-23,20.158575789813607,18.622646682767446
1990-09-24,20.12386859621817,18.59030828242648
1990-09-25,20.115812725601877,18.553849978690156
1990-09-26,20.151406182733435,18.689454467964204
1990-09-27,20.119596276120166,18.71572098309419
1990-09-28,20.164839698479994,18.665384287540846
1990-09-29,20.275698165380692,18.674879954538994
1990-09-30,20.214917665662146,18.679005540559736
1990-10-01,20.26645720187428,18.845902827106126
1990-10-02,20.355825620094695,18.616956954112805
1990-10-03,20.419712616319458,18.460420514277597
1990-10-04,20.458740106633044,18.543940900696125
1990-10-05,20.407957661357116,18.676621679215796
1990-10-06,20.432409738550177,18.80859497087655
1990-10-07,20.371847617312984,18.738356300610878
1990-10-08,20.306620939166166,18.67095752237534
1990-10-09,20.236925667284797,18.278207131694842
1990-10-10,20.202093171507066,18.022044324477907
1990-10-11,20.179667661522682,17.901781503054416
1990-10-12,20.202437949134026,17.728654638442965
1990-10-13,20.148344641023915,17.773952265946868
1990-10-14,20.07394196857305,17.947785196760904
1990-10-15,20.033175191244197,17.986793578633335
1990-10-16,20.170444849653936,18.42634891319789
1990-10-17,20.196885886843056,18.775323199318084
1990-10-18,20.138480167731903,19.042567126012216
1990-10-19,20.127896997218294,18.91439977269499
1990-10-20,20.103937787694132,18.555374342946443
1990-10-21,20.102586018478636,18.148269640573943
1990-10-22,20.095180647084078,18.008979968745564
1990-10-23,20.005653769414245,17.856641568404605
1990-10-24,20.08386985876082,17.675293365534877
1990-10-25,20.14061742474422,17.980423355590283
1990-10-26,20.176901120144397,18.26716436993891
1990-10-27,20.183759955459177,18.221390822560025
1990-10-28,20.31515800410634,18.077641710470235
1990-10-29,20.249460832201873,17.97400340957523
1990-10-30,20.132014790376484,17.838255434010517
1990-10-31,20.042218887637855,17.47757351896577
1990-11-01,20.073990855879703,17.35778803807359
1990-11-02,20.306619366162202,17.678748401761617
1990-11-03,20.369494982945366,18.031214661173465
1990-11-04,20.600888395370497,18.178839323767583
1990-11-05,20.59453449432063,18.119149026850405
1990-11-06,20.628715000662332,18.050258559454466
1990-11-07,20.559242039772215,17.886410001420657
1990-11-08,20.53575319982117,17.812996164227876
1990-11-09,20.546083634135883,17.8211237391675
1990-11-10,20.63294625707851,17.8345020599517
1990-11-11,20.69126587492136,18.028562295780656
1990-11-12,20.77664685233624,18.090517118908938
1990-11-13,20.828825938834985,18.342268788180135
1990-11-14,20.912561285061425,18.758209973007535
1990-11-15,20.78011484998512,18.869274044608616
1990-11-16,20.763887741331974,19.047526637306436
1990-11-17,20.72203600523233,18.9773348487001
1990-11-18,20.708625028976424,18.897638869157554
1990-11-19,20.74991362966515,18.93646824833073
1990-11-20,20.848117321257103,19.002595539139083
1990-11-21,21.038579598138938,19.187053558744143
1990-11-22,21.25306605374708,19.282327035090212
1990-11-23,21.2738910322217,19.1493166642989
1990-11-24,21.227811454780266,19.322447790879387
1990-11-25,21.099657292115165,19.43071743145333
1990-11-26,21.159677078848908,19.485142775962498
1990-11-27,21.22871015746599,19.688494104276177
1990-11-28,21.285885580521217,19.883761897996877
1990-11-29,21.531373542901587,20.09218496945589
1990-11-30,21.581407797132183,20.89605483733485
1990-12-01,21.64053268950553,20.195510725955398
1990-12-02,21.60962260323871,19.705401335416962
1990-12-03,21.61265872851604,19.512202017332
1990-12-04,21.83400248782987,19.88
1990-12-05,22.08404125409815,19.991393663872714
1990-12-06,22.0248422649601,19.94665435431169
1990-12-07,21.995050605192585,19.74431737462708
1990-12-08,21.90484079544321,19.692442108254014
1990-12-09,21.774291754975625,19.65203580053985
1990-12-10,21.76811539639701,19.657930103707915
1990-12-11,21.786298121502117,19.474399772694984
1990-12-12,21.646603863794375,19.509666145759343
1990-12-13,21.548838150312896,19.69637732632476
1990-12-14,21.81192138291881,19.827353317232564
1990-12-15,21.692691430440096,19.831778661741726
1990-12-16,21.654052182335988,19.956958374769144
1990-12-17,21.686280445905187,19.97379031112374
1990-12-18,21.80018058499183,19.584301747407306
1990-12-19,21.930363529489714,19.510076715442533
1990-12-20,21.959213187568285,19.573913908225602
1990-12-21,22.096636565718416,19.87108964341526
1990-12-22,22.117618120177475,19.609561017189936
1990-12-23,22.351325649071065,19.795800539849413
1990-12-24,22.621329291817023,19.96145191078278
1990-12-25,22.85726618124323,19.977766728228442
1990-12-26,22.91986116170482,20.383803097030825
1990-12-27,23.07254640361629,20.900838187242506
1990-12-28,23.074950429678456,20.867583463560162
1990-12-29,23.01061142249234,20.870991618127576
1990-12-30,23.01131668708814,20.766844722261684
1990-12-31,23.14215776815576,20.91525358715727
1991-01-01,23.304410703050014,20.895752237533742
1991-01-02,23.52574759082026,20.890822560022734
1991-01-03,23.541958224326983,20.9373973575792
1991-01-04,23.47456914180212,20.754750674811763
1991-01-05,23.42246584925653,20.621285693990625
1991-01-06,23.356726351127616,20.486786475351614
1991-01-07,23.25964017534855,20.408597812189235
1991-01-08,23.161924239162897,20.31277880380736
1991-01-09,22.862528769414222,20.252677937206993
1991-01-10,22.748242871808515,20.17326040630772
1991-01-11,22.930396417690517,20.490461713311554
1991-01-12,23.362686214690225,20.85722687881801
1991-01-13,23.590870430009566,20.89642420798409
1991-01-14,23.730897709209472,20.94444523369797
1991-01-15,23.86425706609929,20.696221054127015
1991-01-16,23.923685900089424,20.756912913766165
1991-01-17,23.830609394145178,20.74195340247194
1991-01-18,23.832388730668644,20.661069754226457
1991-01-19,23.886654199920525,20.542240375053275
1991-01-20,23.990247189290358,20.711369512714874
1991-01-21,24.104479356392993,20.693724960931952
1991-01-22,24.15090224194457,20.669474357153007
1991-01-23,24.145490673742465,20.65661599659043
1991-01-24,24.125100734344425,20.820568262537293
1991-01-25,24.07858104695836,21.368903253303028
1991-01-26,23.962402204689223,22.00958232703509
1991-01-27,23.936988049309583,22.349818155988068
1991-01-28,23.91374350101007,22.18031112373917
1991-01-29,23.884829370467255,22.08256286404319
1991-01-30,24.08033418054772,22.085129990055407
1991-01-31,24.278482133986827,22.13101008666004
1991-02-01,24.43616046295988,22.225276317658764
1991-02-02,24.86122071315042,22.58182128143202
1991-02-03,25.192585480345723,23.25680352322773
1991-02-04,25.34596857717655,23.248117630345217
1991-02-05,25.19611604629601,22.91737604773406
1991-02-06,24.86803413832497,22.408977127432873
1991-02-07,24.807608495877098,22.54122176445518
1991-02-08,25.03794896844061,22.666061940616572
1991-02-09,25.302631118157418,23.229916181275748
1991-02-10,25.379092769977113,23.27193919590851
1991-02-11,25.3887071149452,23.43392385282
1991-02-12,25.49296362221412,23.676469668987068
1991-02-13,25.701338688445897,23.96585878675949
1991-02-14,25.729071720700684,23.919650518539562
1991-02-15,25.775419578103804,23.913332859781217
1991-02-16,25.882125376693118,24.08134820286972
1991-02-17,26.106497416961968,24.28160107969882
1991-02-18,26.23990737904432,24.32543258985652
1991-02-19,26.248477601251818,24.251417815030546
1991-02-20,26.2823473358281,24.133692285836055
1991-02-21,26.25551795294233,23.97634038925984
1991-02-22,26.215859584561397,23.900633612729077
1991-02-23,26.024265469251915,23.602406591845437
1991-02-24,25.909673353313273,23.322793010370795
1991-02-25,26.008513614763054,23.346140076715447
1991-02-26,26.085801569692396,23.820437562153717
1991-02-27,26.28283544309038,23.84606336127291
1991-02-28,26.441656145478017,23.70965904247763
1991-03-01,26.367570909361874,23.433670975990903
1991-03-02,26.37302970907708,23.78607188521097
1991-03-03,26.316130058449506,23.741947719846564
1991-03-04,26.1375046362221,23.5081630913482
1991-03-05,26.134926234394175,23.430804091490263
1991-03-06,26.225355457495763,23.439269782639585
1991-03-07,26.061479037652767,23.01693848558034
1991-03-08,26.036244287512034,22.61527631765876
1991-03-09,26.192948430307577,22.809241369512712
1991-03-10,26.356674959433132,22.81850973149595
1991-03-11,26.460664594164985,23.039573803097035
1991-03-12,26.462540691128236,23.050055405597394
1991-03-13,26.46054469400933,22.977620400625085
1991-03-14,26.458582495777808,23.04407302173605
1991-03-15,26.43231279183366,23.002690723114075
1991-03-16,26.455785694770963,23.080527063503336
1991-03-17,26.434563387919315,22.936682767438562
1991-03-18,26.38107680398716,22.96025855945446
1991-03-19,26.270378866278147,22.99890467395937
1991-03-20,26.1470909361857,23.056405739451638
1991-03-21,25.990531530450117,22.868782497513855
1991-03-22,25.96214406646352,22.7176729649098
1991-03-23,26.052470671755557,22.74561159255576
1991-03-24,26.170298746564235,22.731137945730932
1991-03-25,26.26645339354906,22.81803239096463
1991-03-26,26.33857831489882,23.034392669413272
1991-03-27,26.2915737076531,22.700147748259695
1991-03-28,26.238338017849458,22.107278022446373
1991-03-29,26.243867830413635,22.34217360420515
1991-03-30,26.39239187667648,22.426051996022167
1991-03-31,26.29057393946414,22.376101718994175
1991-04-01,26.23017205765469,22.139987214092912
1991-04-02,26.216282826108532,21.849615002130985
1991-04-03,25.97797891760769,21.61983662452053
1991-04-04,25.67386164188501,21.233658190083826
1991-04-05,25.332270776070438,21.223003267509593
1991-04-06,24.910047541974336,21.080670549794004
1991-04-07,24.74408254545154,21.00864043187953
1991-04-08,24.858036373646424,21.046118766870297
1991-04-09,24.97242281931983,21.074459440261403
1991-04-10,24.85838013709969,21.2686063361273
1991-04-11,24.71988788207436,21.309515556186962
1991-04-12,24.70831525068712,21.31503906804944
1991-04-13,24.72935409560549,21.275672680778523
1991-04-14,24.822497537007006,21.36933513283137
1991-04-15,25.06461535914167,21.48066060519961
1991-04-16,25.073364551942237,21.55453047307856
1991-04-17,24.921373211742875,21.2366742435005
1991-04-18,24.899333563764632,21.04171473220628
1991-04-19,24.95265330579199,21.078881943457876
1991-04-20,24.899202797463317,21.08865321778662
1991-04-21,24.758418344537603,20.82786617417247
1991-04-22,24.58294741613411,20.66929961642279
1991-04-23,24.58584766284738,20.798881943457875
1991-04-24,24.559891193661684,20.962977695695415
1991-04-25,24.656279638705772,20.995648529620684
1991-04-26,24.79487813358947,20.844236397215514
1991-04-27,24.777751618538268,20.724038925983805
1991-04-28,24.717849972679364,20.470904958090642
1991-04-29,24.62540945706532,20.34595681204717
1991-04-30,24.56316055816797,20.364064497797983
1991-05-01,24.44765115326026,19.984898423071467
1991-05-02,24.39570425042224,20.142153715016338
1991-05-03,24.363072221578225,20.394399772694996
1991-05-04,24.42294422873129,20.3281957664441
1991-05-05,24.408507695300884,20.194242079840887
1991-05-06,24.468112747127194,20.412534450916326
1991-05-07,24.512961117826247,20.842351186248045
1991-05-08,24.466145188263763,20.93992896718284
1991-05-09,24.538833596880472,20.855837476914335
1991-05-10,24.762410504354726,20.758484159681775
1991-05-11,24.727903641090254,20.539632050007107
1991-05-12,24.61709209524128,20.23706066202585
1991-05-13,24.659559952147607,20.265774968035227
1991-05-14,24.563127297413722,20.592937917317805
1991-05-15,24.42754385783361,20.600927688592133
1991-05-16,24.218308524025474,20.50482028697258
1991-05-17,24.17157766086032,20.500734479329452
1991-05-18,24.70463082011465,21.38729080835346
1991-05-19,24.73713930605691,21.510537008097742
1991-05-20,24.81990046610594,21.574914050291234
1991-05-21,24.80630021194165,21.59384855803382
1991-05-22,24.76357436169164,21.574611450490128
1991-05-23,24.729805568433953,21.19122318511152
1991-05-24,24.662667442130072,20.94511720414831
1991-05-25,24.653133651521696,21.05438698678789
1991-05-26,24.55722600755038,20.959825259269785
1991-05-27,24.290567150710334,20.836130132121042
1991-05-28,24.233661394343827,20.8586162807217
1991-05-29,24.22209979468164,21.025679784060234
1991-05-30,24.272121796039347,21.301923568688732
1991-05-31,24.337352530880562,21.294735047591995
1991-06-01,23.997190056131362,21.001872425060387
1991-06-02,23.839488815114148,20.79034095752238
1991-06-03,23.794306802000204,20.48586731069754
1991-06-04,23.563085405834983,20.31636596107402
1991-06-05,23.403202325562148,19.85024293223469
1991-06-06,23.399479087326547,19.832703509021172
1991-06-07,23.36533658144851,19.89875408438699
1991-06-08,23.30294211759446,19.906230998721412
1991-06-09,23.323145883697084,19.922051427759634
1991-06-10,23.209258783985263,19.894054553203585
1991-06-11,23.10883519058181,19.687388833641144
1991-06-12,23.116256478292502,19.431493109816735
1991-06-13,23.14604356393019,19.262942179286828
1991-06-14,23.134619188164336,19.40391674953829
1991-06-15,23.206373604993857,19.57934365676943
1991-06-16,23.19790577292445,19.95831368092059
1991-06-17,23.031530222373046,19.85724534735048
1991-06-18,22.96724140643112,19.434494956669983
1991-06-19,22.814391350962033,19.246060519960224
1991-06-20,22.669171772030364,19.240785622957805
1991-06-21,22.49319139732428,18.760717431453333
1991-06-22,22.39283047570949,18.94970734479329
1991-06-23,22.28197906662907,19.10906947009519
1991-06-24,22.24916138192531,19.212435004972285
1991-06-25,22.372450305493928,19.49426907231141
1991-06-26,22.507209635890966,19.589032533030263
1991-06-27,22.812109708745865,19.689876402898136
1991-06-28,22.85918145842302,19.705784912629635
1991-06-29,22.816449212670143,19.830927688592134
1991-06-30,22.541897663675215,19.199227162949285
1991-07-01,22.201416386561576,19.218144622815746
1991-07-02,22.172316062025995,19.393281716152863
1991-07-03,22.21647444282544,19.588062224747837
1991-07-04,22.2741791610094,19.498134678221334
1991-07-05,22.493275283968632,19.81732774541839
1991-07-06,22.642785976255922,19.92862764597244
1991-07-07,22.557662495446614,19.724405455320362
1991-07-08,22.55554485958874,19.520149168916046
1991-07-09,22.46104538530317,19.466306293507596
1991-07-10,22.35304341076929,19.414635601647962
1991-07-11,22.411191964433556,19.45460718852109
1991-07-12,22.713592202867858,19.469876402898144
1991-07-13,22.785199419644318,19.44216508026709
1991-07-14,22.720750343577226,19.074872851257275
1991-07-15,22.5315610408319,18.93911208978548
1991-07-16,22.469019273437766,18.973442250319653
1991-07-17,22.22947418203797,18.880617985509307
1991-07-18,21.97366524406399,18.766620258559456
1991-07-19,21.893798783819477,18.79333143912488
1991-07-20,21.696886590555376,18.737354737888904
1991-07-21,21.627688387919317,18.672393805938352
1991-07-22,21.63974811239534,18.93350617985509
1991-07-23,21.688250343577177,19.03047307856229
1991-07-24,21.708473544557414,18.984436709759912
1991-07-25,21.689043054773638,18.82960363688024
1991-07-26,21.669704978971495,18.786955533456453
1991-07-27,21.655332214292876,19.0100625088791
1991-07-28,21.647240454349774,18.954493536013636
1991-07-29,21.57127117346099,18.81261969029692
1991-07-30,21.56926443438085,19.018908935928398
1991-07-31,21.652096234725263,19.18466259411849
1991-08-01,21.706664217471914,19.31977553629777
1991-08-02,21.663156191012312,19.367752521665015
1991-08-03,21.57517319601286,19.30373774683904
1991-08-04,21.430842612676702,19.211628072169347
1991-08-05,21.3212283504984,19.314580196050585
1991-08-06,21.241536183230114,19.51438414547521
1991-08-07,21.256575736000237,19.654548941611026
1991-08-08,21.261007860880223,19.989194487853386
1991-08-09,21.332694824817057,20.042145191078284
1991-08-10,21.32605445077323,20.00269356442677
1991-08-11,21.2932538207438,19.646938485580336
1991-08-12,21.335498455972438,19.85184827390255
1991-08-13,21.288634901645846,19.839781218923147
1991-08-14,21.29987767824621,19.823695127148742
1991-08-15,21.325709238500473,20.18667850546953
1991-08-16,21.35381240272214,20.317746839039643
1991-08-17,21.305029431731576,20.36606904389828
1991-08-18,21.18225728135247,20.360524222190655
1991-08-19,21.09176760108619,20.06521949140503
1991-08-20,20.996407465973476,19.7547748259696
1991-08-21,20.870060581349144,19.392625372922296
1991-08-22,20.809293514256378,19.215662736184118
1991-08-23,20.798230287776928,19.26222332717716
1991-08-24,20.672490872437695,18.905509305299052
1991-08-25,20.599675402357835,18.67469100724535
1991-08-26,20.587284643342066,18.66049580906379
1991-08-27,20.571521239692665,18.61072027276602
1991-08-28,20.576963564261305,18.49553487711323
1991-08-29,20.692523677848754,18.692210541270075
1991-08-30,20.74585298208433,18.775773547378886
1991-08-31,20.897392808060395,18.77948998437278
1991-09-01,20.954201928171692,18.731900838187247
1991-09-02,20.9875163923569,18.781008666003693
1991-09-03,20.945186732125613,18.835263531751664
1991-09-04,20.896086345497878,18.927077709901976
1991-09-05,20.82103741679637,18.852001704787614
1991-09-06,20.77838781584258,18.58161812757494
1991-09-07,20.735513378812467,18.444797556471094
1991-09-08,20.664459652448894,18.300735899985796
1991-09-09,20.583821095638616,18.345463844296066
1991-09-10,20.609905102328046,18.407103281716154
1991-09-11,20.707802120243723,18.322903821565568
1991-09-12,20.835400143226124,18.078113368376194
1991-09-13,20.927583886644335,18.537833499076573
1991-09-14,20.86485095787661,18.70453899701662
1991-09-15,20.897155822598297,18.693210683335703
1991-09-16,20.939669420803366,18.818334990765734
1991-09-17,20.790996560088743,18.873429464412556
1991-09-18,20.75625616783124,18.786779372069898
1991-09-19,20.743326986124465,18.81283136809206
1991-09-20,20.84372654982282,19.275684046029266
1991-09-21,20.85286849687057,19.425367239664727
1991-09-22,20.76447403715605,19.25588577923001
1991-09-23,20.740452031658826,19.03100724534735
1991-09-24,20.71979681342515,18.84805228015343
1991-09-25,20.833975001655723,18.6081432021594
1991-09-26,20.882185585488617,18.552832788748404
1991-09-27,21.042885365268074,18.768538144622816
1991-09-28,21.250450665629046,19.180007103281714
1991-09-29,21.317994213001356,19.72180139224322
1991-09-30,21.196851073782213,20.117961358147472
1991-10-01,21.111218850382482,20.307029407586313
1991-10-02,21.079144161671696,20.329187384571668
1991-10-03,21.01990371560095,20.067162949282576
1991-10-04,21.024487676755967,19.3649225742293
1991-10-05,21.085449899824464,19.4300426196903
1991-10-06,21.1888759438023,19.2459085097315
1991-10-07,21.110182427062306,18.959462991902264
1991-10-08,21.050630070867925,19.21062650944737
1991-10-09,20.973521707454303,19.72740588151726
1991-10-10,20.889720232970156,19.711633754794722
1991-10-11,20.915037814186885,19.73763460718852
1991-10-12,20.95484812233003,19.724041767296494
1991-10-13,20.918854149418802,19.829782639579484
1991-10-14,20.76010452197235,19.283348487000996
1991-10-15,20.702401687253722,19.02193067197045
1991-10-16,20.61404096433421,19.180663446512284
1991-10-17,20.60265672086629,19.240623668134685
1991-10-18,20.63426751829652,19.15812331297059
1991-10-19,20.658447196741413,19.09875692569967
1991-10-20,20.857694638540227,19.03082256002273
1991-10-21,20.885797823459306,19.16282852677937
1991-10-22,21.43865532999972,19.66619548231283
1991-10-23,21.70553997499753,19.670515698252593
1991-10-24,21.731698864953504,19.838548089217223
1991-10-25,21.801634040633143,20.17910072453474
1991-10-26,21.8689603892771,20.406375905668423
1991-10-27,21.902664565188537,20.735841738883362
1991-10-28,22.054669400105922,20.792307145901404
1991-10-29,22.201446025267373,20.891230288393245
1991-10-30,22.263299665529633,20.945276317658763
1991-10-31,22.270906588402816,20.876804943884075
1991-11-01,22.27757206841742,20.927695695411284
1991-11-02,22.243412342285684,20.593280295496523
1991-11-03,22.20284703364572,20.295024861486006
1991-11-04,22.180862337318253,20.264989345077424
1991-11-05,22.148836059873492,20.32317374627078
1991-11-06,22.146198194357066,20.314722261684903
1991-11-07,21.930578720568306,20.511152152294354
1991-11-08,21.76786011441534,20.60108396078989
1991-11-09,21.811669743683115,20.76836482454894
1991-11-10,21.797183846905323,20.83657337690013
1991-11-11,21.692695197370615,21.06232135246484
1991-11-12,21.678872570122845,21.388231282852683
1991-11-13,21.654990272212455,21.57796704077284
1991-11-14,21.793260402523448,21.579575223753377
1991-11-15,21.891485950591182,21.643541696263675
1991-11-16,21.99257618720404,21.675496519391963
1991-11-17,22.12821043895093,21.76175735189658
1991-11-18,22.209974086829874,21.676246625941193
1991-11-19,22.01337901943903,21.643804517687176
1991-11-20,22.06756842567142,21.55172609745703
1991-11-21,22.099086105407856,21.4933058673107
1991-11-22,22.155521471503782,21.64610313965052
1991-11-23,22.174968105275347,21.658140360846712
1991-11-24,22.126208667251706,21.46094047449922
1991-11-25,22.055640460972935,21.590109390538426
1991-11-26,22.147459039805298,22.002591277170062
1991-11-27,22.2103266052919,22.110923426623096
1991-11-28,22.329504420968977,21.928887626083252
1991-11-29,22.52000521574989,21.79689160392101
1991-11-30,22.51732148475017,21.665125728086377
1991-12-01,22.505731715898904,21.874695269214385
1991-12-02,22.790974144782584,21.993124023298762
1991-12-03,22.90353468473682,22.12430600937633
1991-12-04,22.936764310196445,22.076499502770275
1991-12-05,22.945473991621697,21.687266657195625
1991-12-06,22.871685473722604,21.737091916465406
1991-12-07,22.892742842832043,21.720821139366386
1991-12-08,23.013457690333446,21.745253587157265
1991-12-09,23.084166038844906,21.83689160392102
1991-12-10,23.192772253866277,21.9116692712033
1991-12-11,23.244466627479493,21.965678363403892
1991-12-12,23.16892025697925,21.651676374485007
1991-12-13,23.149121456601705,21.753152436425633
1991-12-14,23.351597323409646,21.775409859355026
1991-12-15,23.504134889227466,21.718332149453055
1991-12-16,23.46723116120804,21.71749396221054
1991-12-17,23.27256414130543,21.61392811478904
1991-12-18,23.250802418286575,21.574744992186393
1991-12-19,23.216362262807554,21.526272197755365
1991-12-20,23.305177438984042,22.145877255291953
1991-12-21,23.46160599562869,22.158779656201165
1991-12-22,23.54665384806438,22.086745276317657
1991-12-23,23.48323428237906,21.839016905810485
1991-12-24,23.318580798589274,21.717671544253445
1991-12-25,23.155503982183617,21.895773547378887
1991-12-26,23.156637145246133,22.082003125443965
1991-12-27,23.20471768718748,22.203548799545395
1991-12-28,23.394433428817358,22.343307287967043
1991-12-29,23.622634160678228,22.03128143202159
1991-12-30,23.676396620525306,22.19365250745844
1991-12-31,23.744474595986336,22.234899843727803
1992-01-01,23.787201232738397,22.139011223185108
1992-01-02,23.7834198761466,21.927607614718003
1992-01-03,23.62518693909999,21.756388691575506
1992-01-04,23.54896096880486,21.62872282994744
1992-01-05,23.626215952743646,21.603578633328606
1992-01-06,24.047430580852403,21.767448501207557
1992-01-07,24.359302289962553,21.827366103139656
1992-01-08,24.444811094645214,21.994661173462145
1992-01-09,24.340189174421287,22.04605483733485
1992-01-10,24.221869763552696,21.802128143202157
1992-01-11,24.261185237771965,21.828374769143338
1992-01-12,24.32489142133327,21.9471047023725
1992-01-13,24.31210008444553,22.133351328313687
1992-01-14,24.34940078898569,22.47129279727234
1992-01-15,24.420648802033313,22.43376189799687
1992-01-16,24.58778897738198,22.51479755647109
1992-01-17,24.621425741795544,22.51889046739594
1992-01-18,24.534225606020485,22.443368376189802
1992-01-19,24.39529775308809,22.83371359568121
1992-01-20,24.39571577888529,22.754715158403187
1992-01-21,24.743685444746152,22.81745276317659
1992-01-22,24.931912524422977,22.845225174030407
1992-01-23,25.07632678742926,22.92007103281716
1992-01-24,25.16668131354111,23.845647108964343
1992-01-25,25.202145287611433,24.049448785338825
1992-01-26,25.320997946815925,24.465522091206136
1992-01-27,25.371349865052814,24.650946157124597
1992-01-28,25.706014463357302,24.918413126864607
1992-01-29,25.98936220899426,24.996006535019184
1992-01-30,26.110290757359998,25.138194345787756
1992-01-31,26.17325230983209,24.87592413695128
1992-02-01,26.064133419710597,24.74006392953545
1992-02-02,25.779934327085474,24.54769995738031
1992-02-03,25.55246282743316,24.526669981531477
1992-02-04,25.17837293439748,24.47319931808496
1992-02-05,25.17469189820186,24.36127717005257
1992-02-06,25.58658689190981,24.424317374627083
1992-02-07,25.763601454614633,24.451179144764886
1992-02-08,25.897150068715458,24.77186816309135
1992-02-09,26.24881590058613,24.870443244779093
1992-02-10,26.432512211477942,24.80473646824834
1992-02-11,26.556226032387293,25.46517971302741
1992-02-12,26.44588820909361,25.464622815740874
1992-02-13,26.338377591316988,25.082187810768573
1992-02-14,26.19955548150483,24.805806222474786
1992-02-15,26.073078265225046,24.789694558886207
1992-02-16,26.142591813756365,24.994384145475212
1992-02-17,26.295344094612034,24.530235828952982
1992-02-18,26.27487674686233,24.445547663020317
1992-02-19,26.26913830430171,24.43379883506179
1992-02-20,26.368314195118728,24.455848842165086
1992-02-21,26.5428356914594,24.661025713879816
1992-02-22,26.746351168990284,25.079668987072026
1992-02-23,26.769441107560326,25.23227162949283
1992-02-24,26.720035123522255,25.50502059951698
1992-02-25,26.775986873696095,25.69148742719138
1992-02-26,26.915465464284516,25.68841880948998
1992-02-27,27.015651823856654,25.660649239948864
1992-02-28,26.9310051288207,25.475313254723684
1992-02-29,26.948304964069308,25.38681062650945
1992-03-01,26.846128899393975,25.542383861343946
1992-03-02,26.855793290724186,25.506398636169916
1992-03-03,26.937054136172474,25.493659610740167
1992-03-04,26.963542301387612,25.356958374769153
1992-03-05,26.9100132670464,25.661585452479052
1992-03-06,26.860193727853712,25.749025429748546
1992-03-07,26.900804363844085,25.74645972439267
1992-03-08,27.05273773056919,26.200603778945872
1992-03-09,27.151279783587764,26.289251314107116
1992-03-10,27.1766037810047,26.266846142918034
1992-03-11,27.26208379557576,26.28849410427618
1992-03-12,27.33228685796605,26.308705782071325
1992-03-13,27.36707088038552,26.315401335416965
1992-03-14,27.54128077706397,26.57466685608753
1992-03-15,27.664850150677168,27.144473646824835
1992-03-16,27.640263229791085,27.139863616991047
1992-03-17,27.524465178660115,26.853048728512576
1992-03-18,27.47189677368613,26.54098735615854
1992-03-19,27.47765053233765,26.655317516692712
1992-03-20,27.505132711858774,26.748533882653792
1992-03-21,27.476458754180932,26.26197329166076
1992-03-22,27.713972228201506,26.6047023724961
1992-03-23,27.802744395138596,26.70342520244353
1992-03-24,27.752872553564945,26.767441397925847
1992-03-25,27.685129565850872,26.850775678363412
1992-03-26,27.745560341259026,26.78713879812473
1992-03-27,27.690466540550407,27.148508310839606
1992-03-28,27.600026906646338,26.967296490978832
1992-03-29,27.701728462264438,26.891794288961503
1992-03-30,27.932653036725597,26.797670123597104
1992-03-31,28.069317254197394,27.422000284131272
1992-04-01,27.966326663244764,27.35881091064073
1992-04-02,27.89787843163229,27.11645972439267
1992-04-03,27.66788989800311,26.61909362125302
1992-04-04,27.63989951402455,26.45671970450348
1992-04-05,27.656497520449058,26.449950277027984
1992-04-06,27.708290579362234,26.785331723256142
1992-04-07,27.639973424512373,26.52399062366814
1992-04-08,27.583465058615104,26.357258133257577
1992-04-09,27.60778746647015,26.287584884216518
1992-04-10,27.5083588394542,25.71050433300185
1992-04-11,27.462827557373245,25.867697116067625
1992-04-12,27.402587591482618,25.762521665009235
1992-04-13,27.461297707553662,25.68248330728797
1992-04-14,27.317916990926214,25.50322062793011
1992-04-15,27.019300178825702,25.467842023014637
1992-04-16,26.99559430572571,25.777471231709054
1992-04-17,27.131559529920235,25.58137661599659
1992-04-18,27.28033502914195,26.008468532461993
1992-04-19,27.224841975196217,25.933737746839036
1992-04-20,27.077663447527854,25.565608751243083
1992-04-21,26.987224972679346,25.45966756641569
1992-04-22,26.920646111368658,25.246837618979967
1992-04-23,26.92687133655654,25.076226736752382
1992-04-24,26.750997408683,24.954635601647958
1992-04-25,26.52148773056927,24.838204290382166
1992-04-26,26.321502342948015,24.384791873845725
1992-04-27,26.3790256068483,24.317718425912773
1992-04-28,26.583177095406825,24.493423781787186
1992-04-29,26.753589698480017,24.701748827958525
1992-04-30,26.66127593386754,24.625726665719558
1992-05-01,26.5626304144451,24.59468674527632
1992-05-02,26.589352460509293,24.548948714306018
1992-05-03,26.685485147531182,24.496404318795285
1992-05-04,26.76409370136107,24.457155846000855
1992-05-05,26.90850390767293,24.505985225174026
1992-05-06,26.91671128340563,24.43323341383719
1992-05-07,26.951363359770742,24.45320642136667
1992-05-08,26.923165773917894,24.47654212246058
1992-05-09,26.845620115408806,24.491395084529053
1992-05-10,26.722518130940095,24.41069754226453
1992-05-11,26.458947453389385,23.97848273902543
1992-05-12,26.220376527469583,23.914098593550225
1992-05-13,26.001522564327615,23.86853388265379
1992-05-14,25.930513813458315,23.79112658048019
1992-05-15,25.887505526211182,24.027824975138515
1992-05-16,25.77740336374473,24.167562153715014
1992-05-17,25.82183755836677,24.29563006108823
1992-05-18,25.651215518097857,24.291978974286128
1992-05-19,25.460493302314756,23.279445944026143
1992-05-20,25.72518664933598,23.13491120897855
1992-05-21,25.810064575951245,23.40628356300611
1992-05-22,25.912951721197526,23.70639579485723
1992-05-23,26.066171349802907,23.825014916891607
1992-05-24,26.04957001109383,23.76019605057536
1992-05-25,25.94756234062986,23.696566273618412
1992-05-26,25.879095915984973,23.542778803807362
1992-05-27,25.64334915306155,23.31688734195199
1992-05-28,25.34905288604831,21.86364540417673
1992-05-29,25.308945983872615,21.76487711322632
1992-05-30,24.919422272907877,21.449472936496658
1992-05-31,24.502525933867553,21.209673249041057
1992-06-01,24.39387791005735,21.40450490126438
1992-06-02,24.427394484551417,21.386921437704224
1992-06-03,24.411603180779544,21.473903963631205
1992-06-04,24.28193601599498,21.271234550362273
1992-06-05,24.02470872520452,20.54187526637307
1992-06-06,23.946659581249783,20.657343372638156
1992-06-07,23.860167442130052,20.480671970450352
1992-06-08,23.858763060072253,20.38036084671118
1992-06-09,23.766688950889154,20.330850973149595
1992-06-10,23.76097091598508,20.33375763602785
1992-06-11,23.804896595688334,20.308528200028416
1992-06-12,23.934923005596605,20.680887910214523
1992-06-13,23.939000873431088,20.852926552067057
1992-06-14,23.942546010365316,20.616755220912065
1992-06-15,23.977115441931353,20.453416678505477
1992-06-16,23.986693462926798,20.619021167779525
1992-06-17,23.98771183809652,20.800149168916043
1992-06-18,23.996752512666877,21.057785196760904
1992-06-19,23.949153910156635,21.04807785196761
1992-06-20,23.825140183627518,20.893028839323772
1992-06-21,23.62838551842899,20.579536866032107
1992-06-22,23.470760340431198,20.45388265378605
1992-06-23,23.403661208067028,20.582430743003275
1992-06-24,23.232118484452165,20.555149879244215
1992-06-25,22.938594624466052,20.332081261542836
1992-06-26,22.703505108123295,20.079001278590713
1992-06-27,22.56231753154287,19.873848558033814
1992-06-28,22.4048105772097,19.747013780366537
1992-06-29,22.13098343792434,19.582977695695416
1992-06-30,21.82427813607316,19.25111663588579
1992-07-01,21.64082479219794,19.096131552777383
1992-07-02,21.60891241265694,18.882237533740593
1992-07-03,21.703712951617756,18.759232845574655
1992-07-04,21.820993227804077,18.845134252024437
1992-07-05,21.83961612494615,18.866250887910212
1992-07-06,21.732284374275558,18.831483165222334
1992-07-07,21.655875811338834,18.79521238812331
1992-07-08,21.65077989949337,18.91894303168064
1992-07-09,21.916914449283045,19.069643415257854
1992-07-10,22.22630741464387,19.62315243642563
1992-07-11,22.250730825909855,19.613957948572246
1992-07-12,22.17521096880478,19.374543258985657
1992-07-13,22.01406000596088,19.178871998863475
1992-07-14,21.793042313805987,18.982527347634612
1992-07-15,21.324843693082123,18.817248188663164
1992-07-16,21.16349931284566,18.758985651370935
1992-07-17,21.011294313176794,18.815293365534878
1992-07-18,20.81238543977875,18.54324619974429
1992-07-19,20.75368395453191,18.418715726665724
1992-07-20,20.844208716925554,18.581268646114502
1992-07-21,21.00630097774606,18.857111805654217
1992-07-22,21.05190279663543,18.820590993038792
1992-07-23,21.072328107924598,18.777341951981814
1992-07-24,21.121228288406094,18.895792015911347
1992-07-25,21.100340265589306,19.071927830657764
1992-07-26,21.114282482531326,19.20933797414406
1992-07-27,21.21614051064677,19.295183974996455
1992-07-28,21.299620678378663,19.30614007671544
1992-07-29,21.263659883432137,19.323253303026004
1992-07-30,21.238848147166898,19.419911919306717
1992-07-31,21.2012690002318,19.490100866600372
1992-08-01,20.977195768619353,19.296550646398643
1992-08-02,20.78079155214097,19.13814746412843
1992-08-03,20.65445940407985,19.101959085097313
1992-08-04,20.636186852170727,19.147927262395232
1992-08-05,20.626694808259042,18.940541270066774
1992-08-06,20.598715311123605,18.77924563148175
1992-08-07,20.558330256316857,18.66337121750249
1992-08-08,20.569994411696538,18.594145475209544
1992-08-09,20.63099399360861,18.54642846995312
1992-08-10,20.662047347418635,18.63300610882227
1992-08-11,20.73598865367418,18.940328171615292
1992-08-12,21.086264239825116,18.854391248756926
1992-08-13,21.211086117826337,18.841348202869725
1992-08-14,21.207563872238953,18.87671970450348
1992-08-15,21.129906489055262,18.675961074016193
1992-08-16,21.039006254760423,18.367422929393385
1992-08-17,20.949249014802813,18.24684330160534
1992-08-18,20.84889960095373,18.31865463844296
1992-08-19,20.822486753651035,18.777073447932946
1992-08-20,20.587887745471416,18.635483733484868
1992-08-21,20.437844115309478,18.596154283278878
1992-08-22,20.487301822200877,18.559640573945163
1992-08-23,20.475327184819687,18.785357295070327
1992-08-24,20.43195679620495,18.719387697116066
1992-08-25,20.244257542139938,18.507256712601226
1992-08-26,20.260779175083652,18.541549936070467
1992-08-27,20.39245059525779,18.240470237249614
1992-08-28,20.61621448322678,18.17184259127717
1992-08-29,20.77024396049279,18.187680068191508
1992-08-30,20.780699117462024,18.125183974996453
1992-08-31,20.803645850581162,18.34681630913482
1992-09-01,20.814149646488083,18.534879954538997
1992-09-02,20.851141773189443,18.43849410427618
1992-09-03,20.767146467364253,18.566641568404602
1992-09-04,20.532606177766034,18.528761187668703
1992-09-05,20.34819644749476,18.31640289813894
1992-09-06,20.20758529406896,18.284429606478195
1992-09-07,20.028554347286114,18.222209120613726
1992-09-08,19.969631047786176,17.929646256570535
1992-09-09,20.098935987018617,17.866597528057966
1992-09-10,20.084355647912076,18.011497371785765
1992-09-11,20.024963758817105,18.01204858644694
1992-09-12,20.069120421730645,17.96465691149311
1992-09-13,20.08691871295159,17.973514703793157
1992-09-14,20.148613024472656,18.84248472794431
1992-09-15,20.217952507699405,18.877310697542264
1992-09-16,20.292583472695938,18.62399772694985
1992-09-17,20.29001773768923,18.416097457025145
1992-09-18,20.255728776865215,18.426985367239663
1992-09-19,20.243020664304378,18.128082113936642
1992-09-20,20.35937895320727,17.89965051853957
1992-09-21,20.41694657167923,17.776105980963205
1992-09-22,20.54535465029639,18.018427333428047
1992-09-23,20.618518727025855,18.101866742435003
1992-09-24,20.67513031095809,18.1779656201165
1992-09-25,20.683211949862557,18.28075152720557
1992-09-26,20.65911036278434,18.709021167779518
1992-09-27,20.63163716594362,18.719859355022027
1992-09-28,20.731773499850938,18.512503196476775
1992-09-29,20.904027221247155,18.647604773405316
1992-09-30,20.992298717587857,18.630394942463422
1992-10-01,21.03907641901518,18.857502486148604
1992-10-02,21.0769657581879,19.111088222758916
1992-10-03,21.090708969434036,19.061125159823842
1992-10-04,21.105237916846047,19.148413126864618
1992-10-05,21.12008773636453,19.113393948003978
1992-10-06,21.173548489916225,19.11823128285268
1992-10-07,21.184127872801888,19.700176161386562
1992-10-08,20.865833692088678,19.666375905668424
1992-10-09,20.808605325032282,18.595790595255018
1992-10-10,20.788215613305976,18.555380025571814
1992-10-11,20.79632475908208,18.527388833641147
1992-10-12,20.74016549657247,18.619086517971304
1992-10-13,20.709666254098096,18.791237391674954
1992-10-14,20.65834886329766,18.80379315243643
1992-10-15,20.683236538397846,18.91600795567552
1992-10-16,20.888688425174646,18.628948714306013
1992-10-17,20.96351767145742,18.70736752379599
1992-10-18,20.993613376328778,18.95013638300895
1992-10-19,20.954847708381628,19.08050007103282
1992-10-20,21.027602162466426,19.268808069328028
1992-10-21,21.03538488922738,19.23356584742151
1992-10-22,21.11852969665861,19.192159397641717
1992-10-23,21.207279882935378,19.37350475919875
1992-10-24,21.364405052654295,19.475813325756505
1992-10-25,21.451806574328568,19.635942605483734
1992-10-26,21.47075605606522,19.695100156272204
1992-10-27,21.473878096334094,19.724925415541982
1992-10-28,21.473975788157762,19.654790453189374
1992-10-29,21.481129541013935,19.60544253445092
1992-10-30,21.463506681127274,19.544350049722972
1992-10-31,21.453326096135324,19.499582327035093
1992-11-01,21.334100034771623,19.326708339252733
1992-11-02,21.219789465840897,18.526871714732206
1992-11-03,21.039299557903078,18.77047876118767
1992-11-04,20.97882037122898,18.90531467538003
1992-11-05,20.993736795045898,18.875904247762467
1992-11-06,20.960591056230687,18.681913624094335
1992-11-07,21.03260398383944,18.693518965762188
1992-11-08,20.974935879392014,18.58629492825686
1992-11-09,20.974747801933937,18.429487143060094
1992-11-10,21.168943562274393,18.49798977127433
1992-11-11,21.19313029853961,18.719732916607473
1992-11-12,21.351626713746366,19.2237888904674
1992-11-13,21.3748108462761,19.541801392243226
1992-11-14,21.363131022949272,19.514634180991624
1992-11-15,21.38928581481607,19.45614433868447
1992-11-16,21.41115303258595,19.408550930529906
1992-11-17,21.33514678610462,19.201142207699963
1992-11-18,21.30144383134082,18.99999431737463
1992-11-19,21.31749925489284,19.028818013922432
1992-11-20,21.390747425240903,19.231532888194344
1992-11-21,21.452764823492377,19.12016195482313
1992-11-22,21.7210694977978,19.325480892172187
1992-11-23,21.91695458158097,19.686679926125873
1992-11-24,21.93753775209453,19.76067197045035
1992-11-25,22.04914445143563,19.426495240801255
1992-11-26,22.061295451534946,19.38207699957381
1992-11-27,21.98813062969832,19.504135530615144
1992-11-28,22.117579395304148,19.807968461429184
1992-11-29,22.374299330231405,19.928272481886633
1992-11-30,22.269593481968382,19.59834209404745
1992-12-01,22.259623182766454,19.699562437846282
1992-12-02,22.2083309393317,19.88594828810911
1992-12-03,22.128047115607536,19.744037505327462
1992-12-04,22.17896177600425,19.46192498934508
1992-12-05,22.26385340431169,19.633420940474497
1992-12-06,22.26388968688946,19.726188379031118
1992-12-07,22.068923444381895,19.93555050433301
1992-12-08,21.911782482531375,19.455233697968463
1992-12-09,22.118195143557305,19.377491120897854
1992-12-10,22.198674516508266,19.660551214661183
1992-12-11,22.17784101069642,19.70643557323483
1992-12-12,22.026320329834075,19.192190652081262
1992-12-13,21.89725552207174,19.339960221622388
1992-12-14,21.90077567721958,19.69959369228584
1992-12-15,21.929809997681932,19.826306293507603
1992-12-16,21.754325615955267,19.30189799687456
1992-12-17,22.015292744312408,19.344050291234552
1992-12-18,22.12688638358115,19.53962778803808
1992-12-19,22.119362892009153,19.5269470095184
1992-12-20,22.25304982696962,19.31053842875409
1992-12-21,22.51760417011624,19.400899275465264
1992-12-22,22.698121771202498,19.967339110669126
1992-12-23,22.767054343146697,20.28939622105413
1992-12-24,22.748557224227632,19.765529194487858
1992-12-25,22.838233019836377,19.823753374058814
1992-12-26,22.906910992813877,19.851807074868592
1992-12-27,23.022307679570833,19.833649666145757
1992-12-28,23.11009022005504,19.815134252024436
1992-12-29,23.159370053316525,20.022260264242078
1992-12-30,23.352583990131542,20.283251882369658
1992-12-31,23.539139008014097,20.32421792868305
1993-01-01,23.60821927674936,20.19550646398637
1993-01-02,23.45646036857964,20.239815314675383
1993-01-03,23.32616348478322,20.27816877397358
1993-01-04,23.46982701096129,20.33000568262538
1993-01-05,23.59270877487827,20.34745844580196
1993-01-06,23.670823757326914,20.267988350617994
1993-01-07,23.812721959134986,20.375769285409856
1993-01-08,23.97630737324903,21.11364824548941
1993-01-09,23.828181400470303,21.153974996448362
1993-01-10,23.783914937742136,21.092667992612583
1993-01-11,23.77209426847039,21.07895013496236
1993-01-12,23.86075086101261,21.06947577780935
1993-01-13,24.092761677484532,21.12620258559455
1993-01-14,24.217618699705305,21.864138371927833
1993-01-15,24.167802058151437,21.90039210115073
1993-01-16,24.25101603636131,22.361873845716723
1993-01-17,24.294374586051607,22.447854808921722
1993-01-18,24.288676731132202,22.560326750958946
1993-01-19,24.301942784051427,23.167343372638154
1993-01-20,24.211791713580862,23.321650802670835
1993-01-21,24.39544888565097,23.25572382440688
1993-01-22,24.525803411762784,22.96988776814889
1993-01-23,24.61595926333737,22.9494445233698
1993-01-24,24.720941277279234,22.940653501917883
1993-01-25,24.781647473258978,23.014911208978543
1993-01-26,24.789385597079175,23.197844864327326
1993-01-27,24.8209509429744,23.174600085239383
1993-01-28,24.90815536311556,23.24997300752948
1993-01-29,25.04913964963409,23.248488421650798
1993-01-30,25.02308617163959,23.17302457735474
1993-01-31,25.030045844785967,23.184063077141644
1993-02-01,25.037055936848066,23.334384145475212
1993-02-02,25.130986211378662,23.825892882511727
1993-02-03,25.45234052637678,23.984881375195343
1993-02-04,25.65518743583803,24.181866742435012
1993-02-05,25.821135212107126,24.263889757067773
1993-02-06,25.89041496257905,24.275212388123318
1993-02-07,26.022961428287548,24.484865747975572
1993-02-08,26.10380350283139,24.502950703224897
1993-02-09,26.129508912309177,24.652142349765594
1993-02-10,26.081871688412704,24.665578917459868
1993-02-11,26.149401120144358,24.340180423355594
1993-02-12,26.067167330363898,24.35219065208126
1993-02-13,26.205865959366815,24.487380309703088
1993-02-14,26.298552422426102,24.512720556897285
1993-02-15,26.217759959598677,24.521541412132407
1993-02-16,26.163090290426172,24.62148174456599
1993-02-17,26.362689236513603,24.401639437420094
1993-02-18,26.584273106599973,24.44074016195483
1993-02-19,26.717844384375915,24.482845574655485
1993-02-20,26.501397779580714,24.135046171331158
1993-02-21,26.399853006921244,23.842244637022304
1993-02-22,26.068697469947285,24.045890041199034
1993-02-23,26.112822031162015,24.130995880096602
1993-02-24,26.44175118803188,24.04788890467396
1993-02-25,26.258097803589678,24.037002415115786
1993-02-26,26.17496589065143,24.150018468532465
1993-02-27,26.51547960062264,25.272672254581625
1993-02-28,26.647347563499686,25.39675522091207
1993-03-01,26.65692976537408,25.489847989771278
1993-03-02,26.470235971288503,25.494918312260264
1993-03-03,26.388151389210833,25.513491973291657
1993-03-04,26.377994130211587,25.407519534024726
1993-03-05,26.45272436003576,24.853459298195762
1993-03-06,26.66361296238033,24.84355590282711
1993-03-07,26.697830351524942,24.771181986077575
1993-03-08,26.625243463754632,24.4651101008666
1993-03-09,26.637636458091883,24.06341525784914
1993-03-10,26.708148263900437,23.874068759767024
1993-03-11,26.743529531079258,23.84329876402898
1993-03-12,26.61522491886616,23.308540985935515
1993-03-13,26.54273381875682,23.152950703224885
1993-03-14,26.538629561711456,23.148381872425055
1993-03-15,26.531163257111626,23.22744281858219
1993-03-16,26.44379230552713,23.199845148458586
1993-03-17,26.57422237722287,23.335424065918453
1993-03-18,26.560740884856138,23.24864327319221
1993-03-19,26.622957847633888,23.108252592697827
1993-03-20,26.706733160578874,23.115736610313974
1993-03-21,26.75813665264766,23.151331154993606
1993-03-22,26.78496721528634,23.54122034379884
1993-03-23,26.95454577441461,23.852865463844296
1993-03-24,27.117868331291223,23.9241241653644
1993-03-25,27.289702909229412,24.543362693564436
1993-03-26,27.292104451601183,24.915827532319934
1993-03-27,27.327432691989287,25.213135388549503
1993-03-28,27.35789229890393,25.289016905810485
1993-03-29,27.359348817763376,25.038732774541845
1993-03-30,27.376573666258246,24.804469384855814
1993-03-31,27.328230681027907,24.088727091916475
1993-04-01,27.311008109249343,23.65185537718426
1993-04-02,27.0666497706726,23.29286972581332
1993-04-03,26.856621125442945,23.019774115641436
1993-04-04,26.422566852667504,22.600340957522377
1993-04-05,26.250478213895466,22.654740730217362
1993-04-06,26.112330819286722,22.673038783918173
1993-04-07,26.031913993939806,22.6534308850689
1993-04-08,26.146262625426356,22.60078136098878
1993-04-09,26.082128874557043,22.50165506463986
1993-04-10,25.96866861774348,22.346009376331864
1993-04-11,25.79624542587011,22.188474215087375
1993-04-12,25.811146761267704,22.144102855519254
1993-04-13,25.814270705699272,22.043689444523373
1993-04-14,25.794894070602997,22.00986929961642
1993-04-15,25.85085712156832,21.954117062082688
1993-04-16,25.939280247210018,23.151601079698818
1993-04-17,26.030662048382318,23.195111521522943
1993-04-18,26.097193367718628,23.192936496661464
1993-04-19,26.126958038050123,23.217641710470232
1993-04-20,26.239943164883897,23.004590140644975
1993-04-21,26.227202371096414,22.987047876118766
1993-04-22,26.144494506904724,22.65001136525075
1993-04-23,26.049192324568658,22.635932660889328
1993-04-24,25.926310312282652,22.639502770279876
1993-04-25,25.904709801470357,22.730495809063786
1993-04-26,26.06024959019104,22.76752947861913
1993-04-27,26.25152128108759,23.063051569825262
1993-04-28,26.279258163062583,23.4869043898281
1993-04-29,26.19145802977118,23.58934791873846
1993-04-30,26.106103586448953,23.459400483023156
1993-05-01,25.930119320627856,22.670125017758203
1993-05-02,25.875491563731536,22.414482170762895
1993-05-03,25.808652846309244,22.348894729364964
1993-05-04,25.68037056661263,22.19447790879387
1993-05-05,25.70201348643896,22.295975280579633
1993-05-06,25.703039623141382,22.687627503906807
1993-05-07,25.70324469318143,22.94729933229152
1993-05-08,25.644815109944716,22.98926552067055
1993-05-09,25.653458062887083,22.275399914760623
1993-05-10,25.75270906464215,22.329062366813478
1993-05-11,25.696578219690657,22.48445517829237
1993-05-12,25.60274942461171,22.551284273334282
1993-05-13,25.586869825644932,22.462999005540564
1993-05-14,25.52014695168389,22.347403040204576
1993-05-15,25.474880161936575,22.377012359710186
1993-05-16,25.35642505878073,22.387709901974713
1993-05-17,25.10569083849396,21.728217076289248
1993-05-18,24.860819866211827,21.588964341525784
1993-05-19,24.873530152001845,21.9655206705498
1993-05-20,24.944788244693182,22.01021736042052
1993-05-21,24.90566057886542,21.796374485012084
1993-05-22,24.842244573136366,21.45813751953403
1993-05-23,24.60130120541779,21.20733626935645
1993-05-24,24.39204993459616,21.16278590708908
1993-05-25,24.310349889889697,21.212770279869304
1993-05-26,24.2380023884823,21.110897854808922
1993-05-27,24.19834844934929,21.172277312118194
1993-05-28,24.178881242341994,21.354195198181557
1993-05-29,24.101630418584605,21.067681488847843
1993-05-30,24.035946617213703,20.787704219349344
1993-05-31,24.0139504959102,21.152748970024156
1993-06-01,24.047316310395136,21.11316948430175
1993-06-02,24.013305108951236,21.047106123028843
1993-06-03,24.08373925803887,20.935819008381873
1993-06-04,24.09654230966653,21.39871998863475
1993-06-05,24.07239231132233,21.68398352038642
1993-06-06,23.97527196410236,21.905037647393097
1993-06-07,23.917607833559664,21.84047165790596
1993-06-08,23.85882306189362,21.862719136240944
1993-06-09,23.628957408848564,21.795425486574796
1993-06-10,23.504779675961217,21.744607188521098
1993-06-11,23.542529762890354,20.939468674527628
1993-06-12,23.75359081614074,21.006488137519533
1993-06-13,23.72794029622146,21.15197613297344
1993-06-14,23.68510524638207,21.073273192214796
1993-06-15,23.618630265423725,20.94560733058673
1993-06-16,23.487331936947403,20.68700241511578
1993-06-17,23.42737343527504,20.62294502059951
1993-06-18,23.419029746332413,20.586577638869162
1993-06-19,23.369547678577312,21.05360988776815
1993-06-20,23.30329144865391,21.129033953686605
1993-06-21,23.3134942626751,21.00578633328598
1993-06-22,23.341877359505922,20.807530899275466
1993-06-23,23.258830533662287,20.82984656911493
1993-06-24,23.1603895047521,20.178511152152296
1993-06-25,23.080823922906287,20.262510299758492
1993-06-26,23.086827520117883,20.230558317942894
1993-06-27,23.14367389558565,20.909454467964206
1993-06-28,23.21247872305198,20.832754652649523
1993-06-29,23.176351748518105,20.631176303452197
1993-06-30,23.109304545981377,20.57084102855519
1993-07-01,23.12511449812894,20.454159681772975
1993-07-02,23.192399451932275,20.44556186958375
1993-07-03,23.215820280160226,20.42344082966331
1993-07-04,23.10218670314931,20.471780082398066
1993-07-05,22.901140282975117,20.414310271345357
1993-07-06,22.768800294731232,20.080115073163807
1993-07-07,22.41239789962576,19.99293933797415
1993-07-08,22.2747529141968,19.942234692427903
1993-07-09,22.32044609149915,20.016226736752387
1993-07-10,22.420231169487025,20.152264526211113
1993-07-11,22.416122772957543,20.428675948288113
1993-07-12,22.290094566513222,20.492226168489843
1993-07-13,22.17939627694803,20.502535871572675
1993-07-14,22.12691324883267,20.476451200454616
1993-07-15,22.310213638772108,20.721341099588013
1993-07-16,22.3143758485943,21.039985793436575
1993-07-17,22.283462492134962,21.186444097172892
1993-07-18,22.19296151107728,21.269264100014205
1993-07-19,22.102296896214874,21.111432021593977
1993-07-20,21.93136199374112,20.899622105412703
1993-07-21,21.828996609762537,20.824604347208414
1993-07-22,21.695870885352836,20.246272197755367
1993-07-23,21.577197941848528,19.826202585594547
1993-07-24,21.49757312398579,19.536096036368804
1993-07-25,21.34915658012392,19.085980963205
1993-07-26,21.26126270821603,18.85361841170621
1993-07-27,21.253858164718352,19.026255149879244
1993-07-28,21.20392963291053,19.025513567268085
1993-07-29,21.143575831208427,18.88892172183549
1993-07-30,21.09381805311788,18.897824975138512
1993-07-31,21.108087351392513,18.62473078562296
1993-08-01,21.152704221445838,18.326712601221764
1993-08-02,21.1021791278935,18.258387555050433
1993-08-03,21.031145540119855,18.052727660179002
1993-08-04,20.990382922972426,17.78180991618128
1993-08-05,20.93870208547206,17.87040914902685
1993-08-06,20.93814505580025,18.032545816167065
1993-08-07,20.978347517965336,18.6447421508737
1993-08-08,20.912400693777503,17.85807501065492
1993-08-09,20.85066295906884,17.819534024719424
1993-08-10,20.91557716826173,17.927692854098595
1993-08-11,21.01170490860017,18.10437704219349
1993-08-12,20.98458555485643,17.998550930529905
1993-08-13,20.90432594711398,17.953531751669267
1993-08-14,21.14233322018749,18.00617417246768
1993-08-15,21.112716432923857,18.269531183406734
1993-08-16,21.10556922045233,18.350193209262677
1993-08-17,21.07276331258072,18.691390822560027
1993-08-18,21.145836734609457,18.705432589856517
1993-08-19,21.31972577987878,18.948337832078423
1993-08-20,21.338668721230572,19.454394090069613
1993-08-21,21.24773085902568,19.436414263389683
1993-08-22,21.269425481008028,19.311075436851826
1993-08-23,21.222750687154342,19.134389828100577
1993-08-24,21.205863910322268,19.067062082682202
1993-08-25,21.15499795095543,19.048046597528057
1993-08-26,21.158528082259828,19.117110384997872
1993-08-27,21.19181843395034,19.201909362125303
1993-08-28,21.06440443173163,18.986924279016907
1993-08-29,21.016071401960485,18.91817445659895
1993-08-30,21.070740098354154,19.056898707202727
1993-08-31,21.07269948173656,18.870254297485435
1993-09-01,20.943878406795417,18.669855093052995
1993-09-02,20.925378969765212,18.97847421508737
1993-09-03,20.985583398185195,19.123783207842028
1993-09-04,20.906883423850072,18.84538712885353
1993-09-05,20.899360449713544,18.561721835487994
1993-09-06,20.951123476669885,18.487269498508315
1993-09-07,20.97960020862998,18.843963631197617
1993-09-08,20.963498464251373,18.76367949992897
1993-09-09,20.93751802745313,17.928420230146322
1993-09-10,20.916285951418992,17.92331865321779
1993-09-11,21.08339154137823,18.138303736326183
1993-09-12,21.201442154849843,18.360929109248474
1993-09-13,21.238915475875046,18.487535161244498
1993-09-14,21.32485019207202,18.881167779514136
1993-09-15,21.362411332251526,19.114080125017757
1993-09-16,21.281363711626984,19.17608893308709
1993-09-17,21.23065852982088,19.090392101150734
1993-09-18,21.109551859456275,18.829485722403753
1993-09-19,21.033670521906124,18.895546242363977
1993-09-20,20.88420302513496,18.529859355022023
1993-09-21,20.787583762459853,18.349586589004122
1993-09-22,20.866321882140582,18.45288819434579
1993-09-23,21.158247156174493,18.499965904247766
1993-09-24,21.124357862536076,18.48645830373633
1993-09-25,21.094872938536913,18.40318795283421
1993-09-26,20.72409978640264,18.176000852393805
1993-09-27,20.576058341888263,18.36809916181276
1993-09-28,20.55433149402257,18.308553771842597
1993-09-29,20.622215410471266,18.198756925699673
1993-09-30,20.69546169735404,18.099553913908228
1993-10-01,20.74704436699006,18.402980537008098
1993-10-02,20.748297968341184,18.47052706350334
1993-10-03,20.73229122512168,18.1362238954397
1993-10-04,20.78799655180976,18.12816451200455
1993-10-05,20.86556139682749,18.336694132689306
1993-10-06,20.83413021161037,18.41167069185964
1993-10-07,20.83174514438524,18.423456456883084
1993-10-08,20.927966561247818,18.51255434010513
1993-10-09,20.988786075603564,18.80633328597812
1993-10-10,21.083780528694884,18.888626225316102
1993-10-11,21.174629205715796,18.920583889757072
1993-10-12,21.285606496506315,18.811782923710755
1993-10-13,21.250516048779698,18.8564639863617
1993-10-14,21.373181835116103,18.8097172893877
1993-10-15,21.415100941318666,18.70761613865606
1993-10-16,21.483671722356515,18.842277312118203
1993-10-17,21.567151786601272,19.297678647535164
1993-10-18,21.58359704606417,19.470171899417537
1993-10-19,21.598360640129833,19.77443528910357
1993-10-20,21.586449274762355,19.75239380593834
1993-10-21,21.476234290658006,19.28530188947294
1993-10-22,21.407457570288415,19.160350902116782
1993-10-23,21.409100324535586,18.915107259553917
1993-10-24,21.474704399443613,18.752615428327886
1993-10-25,21.53925704540188,18.974669697400202
1993-10-26,21.56148816521509,19.009041056968318
1993-10-27,21.604451083716913,19.88595681204717
1993-10-28,21.62007792578736,20.23932092626794
1993-10-29,21.600756739080083,20.07689018326467
1993-10-30,21.63002972149548,20.27452763176588
1993-10-31,21.77086448984997,20.513822986219633
1993-11-01,21.81477553647716,20.475164085807645
1993-11-02,21.925587682551235,20.486802102571385
1993-11-03,21.966796142828724,20.444155419803952
1993-11-04,21.892959710401684,20.631135104418245
1993-11-05,21.82793203795081,20.610015627219777
1993-11-06,21.790986708116748,20.510900696121602
1993-11-07,21.76297891760767,20.743571530046886
1993-11-08,21.754579014471645,20.49920585310414
1993-11-09,21.696499383216846,19.963764739309564
1993-11-10,21.74104629598967,20.02161244494957
1993-11-11,21.812354331556122,19.920778519676094
1993-11-12,21.83412706560249,19.960640716010793
1993-11-13,21.820061305758827,19.892646682767438
1993-11-14,21.725387559194626,19.86640858076431
1993-11-15,21.560125364274633,19.240170478761193
1993-11-16,21.454968208762413,18.710487285125726
1993-11-17,21.49499227986219,18.733659610740162
1993-11-18,21.494812295095524,18.612469100724535
1993-11-19,21.555109675630064,18.58945304730786
1993-11-20,21.802941910620238,19.38891461855377
1993-11-21,21.81054812978113,18.56116351754511
1993-11-22,21.892548928701487,18.554980821139367
1993-11-23,21.91744477928269,18.76058957238244
1993-11-24,21.618233889128035,18.630127859070896
1993-11-25,21.589743765937023,18.730762892456312
1993-11-26,21.91485557340131,19.308695837476915
1993-11-27,21.925322652084674,19.47506748117631
1993-11-28,21.79591256995728,19.694547520954682
1993-11-29,21.574538799384026,19.708788180139226
1993-11-30,21.4156380600722,19.17409291092485
1993-12-01,21.47990419164159,19.10093905384288
1993-12-02,21.637147233168825,19.166074726523654
1993-12-03,21.842756710103632,19.127775252166504
1993-12-04,21.83480455426036,19.098151726097463
1993-12-05,21.700148980031102,19.381399346498082
1993-12-06,21.656552120243784,19.451495951129434
1993-12-07,21.62420213514586,19.431704787611878
1993-12-08,21.621939948504746,19.485414121324055
1993-12-09,21.6579282710203,19.334759198749822
1993-12-10,21.80920557091756,19.236401477482595
1993-12-11,21.953165090903067,19.29310839607899
1993-12-12,22.157164536212235,19.670383577212675
1993-12-13,22.40359023661286,19.946444097172893
1993-12-14,22.498668969599667,19.959590850973147
1993-12-15,22.6637410587145,19.998600653501917
1993-12-16,22.81135402523435,20.057707060662025
1993-12-17,22.90625244229557,20.162241795709622
1993-12-18,22.89854052140942,20.267194203722124
1993-12-19,22.897605349869192,20.25241369512715
1993-12-20,22.84872162383674,20.201638016763745
1993-12-21,22.814008531476645,20.113449353601364
1993-12-22,22.812695011093865,20.164456598948714
1993-12-23,22.78446279845683,20.36813467822135
1993-12-24,22.73661646852337,20.389400483023163
1993-12-25,22.93316635344574,20.894769143344227
1993-12-26,23.014816807133233,21.117896007955675
1993-12-27,22.99664447213301,21.16528342094048
1993-12-28,22.985630815975114,20.849224321636598
1993-12-29,23.154862734708704,20.788153146753803
1993-12-30,23.3925593808988,20.764533314391247
1993-12-31,23.528213854025303,20.866594686745277
1994-01-01,23.569213249660574,20.73365676942748
1994-01-02,23.625141466867603,20.844834493536013
1994-01-03,23.584218713779503,21.67002983378321
1994-01-04,23.66028092608535,21.773455036226743
1994-01-05,23.76995990909693,21.995995169768445
1994-01-06,23.819111997880597,22.03256570535588
1994-01-07,23.887344769347944,22.014162523085666
1994-01-08,23.91255333725207,21.82450774257708
1994-01-09,23.963643284101053,21.493682341241655
1994-01-10,23.94450572490649,21.48137661599659
1994-01-11,23.802179997185192,21.166347492541554
1994-01-12,23.841754271947526,20.86777241085382
1994-01-13,23.988535636818177,20.960622247478334
1994-01-14,24.208156170314926,21.67533598522517
1994-01-15,24.22263995595593,22.172314249183124
1994-01-16,24.260012335662456,22.321517260974574
1994-01-17,24.352545948273068,22.528728512572812
1994-01-18,24.556414813557737,22.536392953544546
1994-01-19,24.683857895651794,23.032437846284978
1994-01-20,24.328849057853464,22.877633186532183
1994-01-21,24.0713325413121,22.34184969455889
1994-01-22,24.27297829668509,22.270573945162667
1994-01-23,24.53664676954657,22.416066202585593
1994-01-24,24.630680241414666,22.4273149595113
1994-01-25,24.725735524224273,22.786566273618412
1994-01-26,24.799889662052507,23.063794573092775
1994-01-27,24.949913671060063,23.03544679641995
1994-01-28,24.896816177931594,22.97906236681347
1994-01-29,25.038309910752684,23.59626509447365
1994-01-30,25.32573022568473,23.51164512004547
1994-01-31,25.39475978574031,23.443399630629354
1994-02-01,25.39953563267868,23.561933513283137
1994-02-02,25.42825576630128,23.814840176161383
1994-02-03,25.592492776600324,23.828357721267235
1994-02-04,25.66639989071762,23.49179144764882
1994-02-05,25.627329163493062,23.485152720556886
1994-02-06,25.86231101185544,23.227039352180707
1994-02-07,25.880120541775657,22.81639437420088
1994-02-08,25.803189265490044,23.026455462423648
1994-02-09,25.79214073417884,23.08088648955818
1994-02-10,25.73416136122795,22.943274612871143
1994-02-11,25.61198161241189,22.959893450774256
1994-02-12,25.56487834056361,22.893869867878955
1994-02-13,25.56436895635327,22.78107685750818
1994-02-14,25.529133005762148,22.67258985651371
1994-02-15,25.51566180001327,22.3421196192641
1994-02-16,25.40647471189186,22.10455746554908
1994-02-17,25.353910405007063,22.06766870294076
1994-02-18,25.332191318674127,22.003700809774116
1994-02-19,25.580864386362844,22.06898565137093
1994-02-20,25.848178254462304,22.451335416962635
1994-02-21,25.98294010994471,22.29769995738031
1994-02-22,25.89681795790969,22.21538144622816
1994-02-23,25.960350904063343,22.145284841596826
1994-02-24,26.007339160346987,22.46528768290951
1994-02-25,26.124845100506693,22.849659042477626
1994-02-26,26.123550601053054,23.264797556471095
1994-02-27,26.07455055551875,23.17792442108254
1994-02-28,25.924522303540062,22.645205284841605
1994-03-01,25.83810715882373,22.024861486006536
1994-03-02,25.714810929065788,22.064497797982675
1994-03-03,25.860893052289956,22.742052848415963
1994-03-04,26.114461639401263,22.94817871856798
1994-03-05,26.100417777428216,22.86160534166785
1994-03-06,25.896539991555404,22.59367665861628
1994-03-07,25.732228760307276,22.398330728796708
1994-03-08,25.650048287081628,22.35343656769428
1994-03-09,25.54544389757265,22.332579911919304
1994-03-10,25.456757852601367,22.28847279443103
1994-03-11,25.395908057919613,22.182155135672687
1994-03-12,25.656665086763578,22.72256570535588
1994-03-13,25.694506656290447,22.51694558886206
1994-03-14,25.65537656886454,22.226827674385564
1994-03-15,25.587474831936948,22.058856371643696
1994-03-16,25.45894594247765,21.74685466685608
1994-03-17,25.23190977166604,21.700538428754086
1994-03-18,25.17503110822266,21.533064355732346
1994-03-19,25.343889272940995,21.45027702798693
1994-03-20,25.33616228433291,21.468241227447077
1994-03-21,25.201117950458585,21.562506037789465
1994-03-22,25.00235385551549,21.51349907657338
1994-03-23,24.77393296519521,21.129484301747407
1994-03-24,24.37517383763286,20.477516692712033
1994-03-25,24.438408182104222,20.362311407870433
1994-03-26,24.39034767526574,20.39457735473789
1994-03-27,24.405467099380708,20.349754226452625
1994-03-28,24.730188118852872,20.54777809347918
1994-03-29,24.733509640858358,20.65093479187384
1994-03-30,24.936703480478176,21.141849694558896
1994-03-31,24.952589909593655,21.087371785765015
1994-04-01,25.033206878994548,21.514554624236403
1994-04-02,25.069302124383206,21.60260974570252
1994-04-03,24.98468597873961,21.421221764455183
1994-04-04,24.964290202669183,21.192734763460724
1994-04-05,24.93204722323413,21.133330018468538
1994-04-06,24.818913530317598,21.381609603636882
1994-04-07,24.59652877355367,21.431521522943598
1994-04-08,24.422307927939865,20.76165932660889
1994-04-09,24.441818992780725,20.92595681204716
1994-04-10,24.448530255488954,21.399867878960087
1994-04-11,24.34756503129446,21.42261969029692
1994-04-12,24.265510274199436,21.22988208552351
1994-04-13,24.362332868331215,21.246381588293797
1994-04-14,24.385285665794605,21.388600653501918
1994-04-15,24.263940085107745,21.448876260832506
1994-04-16,24.072901840414588,21.267563574371362
1994-04-17,23.978676565552927,21.045138513993464
1994-04-18,23.893923361592304,20.953776104560315
1994-04-19,23.913220580686847,20.93267367523796
1994-04-20,23.847291183726888,20.744879954538998
1994-04-21,24.041768015034627,20.827006677084814
1994-04-22,24.141222989866492,20.919029691717576
1994-04-23,24.040299802132612,20.617174314533315
1994-04-24,23.83195478855516,19.915765023440834
1994-04-25,23.664644480411987,19.71493820144907
1994-04-26,23.44904026062189,19.519319505611595
1994-04-27,23.391529104712397,19.56977411564143
1994-04-28,23.61347021227271,19.73611592555761
1994-04-29,23.806198359936342,19.640382156556335
1994-04-30,23.754269857105005,19.58475209546811
1994-05-01,23.62131877752754,19.746412842733346
1994-05-02,23.626946613074104,19.654121324051715
1994-05-03,23.492736633605894,19.115801960505756
1994-05-04,23.41478764446794,19.052960647819297
1994-05-05,23.337121299301213,19.217441397925846
1994-05-06,23.351034705434376,19.31191078278165
1994-05-07,23.40030313441735,19.58915755078847
1994-05-08,23.438191562903626,19.55634607188522
1994-05-09,23.65089897175216,20.30692001704788
1994-05-10,23.66382802927445,20.227094757778097
1994-05-11,23.54712697039442,20.107184259127717
1994-05-12,23.391102779249643,19.70848273902543
1994-05-13,23.30642104348119,19.579194487853382
1994-05-14,23.36238641255754,19.52999715868732
1994-05-15,23.35723643905029,19.350542690723106
1994-05-16,23.37978456055234,19.426206847563577
1994-05-17,23.4023057133159,19.466723966472514
1994-05-18,23.317134400768303,19.28774541838329
1994-05-19,23.231972132993352,19.063452194914053
1994-05-20,23.266526414047803,19.089082256002282
1994-05-21,23.42024385700568,19.13303736326183
1994-05-22,23.264400913170242,18.70081403608467
1994-05-23,23.08949268553168,18.478613439409006
1994-05-24,22.964047090770652,18.4416167069186
1994-05-25,22.918941285558123,18.521971871004407
1994-05-26,22.907124176242732,18.95173604205143
1994-05-27,22.86584555171052,19.027150163375484
1994-05-28,22.91143739444312,18.921341099588016
1994-05-29,22.851578509454644,18.865669839465838
1994-05-30,22.828104364672047,18.931973291660746
1994-05-31,22.830885953074787,19.06983946583322
1994-06-01,22.81139194290826,19.450286972581335
1994-06-02,22.70756412060807,19.51073163801676
1994-06-03,22.7631360938173,19.55307714163944
1994-06-04,22.68202774696165,19.543808779656207
1994-06-05,22.68040020531842,19.67327177155846
1994-06-06,22.619938611451506,19.78068901832647
1994-06-07,22.63534690946121,19.820264242079844
1994-06-08,22.808641131569395,19.95877397357579
1994-06-09,22.851424603437522,20.222014490694708
1994-06-10,22.720282147233235,20.344732206279303
1994-06-11,22.652699316157246,20.251933513283145
1994-06-12,22.616455546080736,20.02090211677795
1994-06-13,22.642825963671836,19.90668134678221
1994-06-14,22.66745661820713,19.88789174598665
1994-06-15,22.56009048912146,19.85096036368802
1994-06-16,22.492583493393393,19.591076857508167
1994-06-17,22.39847811868729,19.539592271629495
1994-06-18,22.09659655760509,19.441049865037648
1994-06-19,21.807811392688038,19.415374342946446
1994-06-20,21.801385236944114,19.00336269356443
1994-06-21,21.79548270523558,19.07746981105271
1994-06-22,21.860623468390884,19.174977979826686
1994-06-23,21.863175832864194,19.065418383293082
1994-06-24,21.93112082740007,18.929481460434722
1994-06-25,21.94560465443591,18.884936780792728
1994-06-26,21.80363504652786,18.87357153004688
1994-06-27,21.77835639715866,18.912231851115216
1994-06-28,21.789976694704777,18.93122176445518
1994-06-29,21.89016170894467,19.196871714732215
1994-06-30,21.851676863595763,19.334968035232276
1994-07-01,21.75551333741755,19.260900696121617
1994-07-02,21.72140537553396,19.077539423213526
1994-07-03,21.635247789515542,19.118778235544827
1994-07-04,21.62566728482957,19.252197755362978
1994-07-05,21.593261851342813,19.255816167069188
1994-07-06,21.603446368844548,19.17243926694133
1994-07-07,21.617133510779226,19.241197613297352
1994-07-08,21.814874014802818,19.347079130558324
1994-07-09,21.822230560982838,19.25221622389544
1994-07-10,21.751374619167393,19.08349907657338
1994-07-11,21.65634255886348,18.94988066486717
1994-07-12,21.581872826770887,18.85186532177866
1994-07-13,21.457874664701812,19.00562721977554
1994-07-14,21.2154458845249,18.946780792726237
1994-07-15,21.019430676060548,18.829124875692564
1994-07-16,20.981838738119713,18.794237817871863
1994-07-17,21.060665980892114,18.86312544395511
1994-07-18,21.19524158028944,19.041420656343234
1994-07-19,21.225703174156372,19.260913482028695
1994-07-20,21.18220785591283,19.168947293649666
1994-07-21,21.10465791303768,19.11644125586021
1994-07-22,21.018838978209708,18.546148600653506
1994-07-23,20.898890266417204,18.671549936070466
1994-07-24,20.84392512087291,18.736171331154996
1994-07-25,20.85251914511375,18.696546384429606
1994-07-26,20.8295485064741,18.473314391248763
1994-07-27,20.720102638507147,18.312794431027132
1994-07-28,20.726544027552386,18.598173035942608
1994-07-29,20.72616178759481,18.592020173320076
1994-07-30,20.701459064642126,18.447306435573235
1994-07-31,20.630603474682907,18.424773405313257
1994-08-01,20.40304521144483,18.215681204716585
1994-08-02,20.321791113355605,18.134770564000572
1994-08-03,20.187903165049526,18.136753800255722
1994-08-04,20.096049152233647,18.08475067481176
1994-08-05,20.02647665744936,18.269870720272767
1994-08-06,20.009116675497562,18.330572524506326
1994-08-07,20.04511691972716,18.12777241085381
1994-08-08,19.869416601814798,17.523680920585313
1994-08-09,19.79032509438022,17.63980394942464
1994-08-10,19.643276691393215,17.93329734337264
1994-08-11,19.49059376759283,17.522091206137237
1994-08-12,19.48615040401368,17.139043898281006
1994-08-13,19.598695814153736,17.817029407586308
1994-08-14,19.71462608040534,18.019832362551497
1994-08-15,19.789628170844836,18.34453899701662
1994-08-16,19.80949270622912,18.399093621253023
1994-08-17,19.901556508096853,18.518724250603782
1994-08-18,19.924702536675795,18.529069470095187
1994-08-19,19.90458547206681,18.402984798977126
1994-08-20,19.834927848792958,18.041112373916754
1994-08-21,19.813234903301655,17.954651228867736
1994-08-22,19.895165662151875,18.286979684614295
1994-08-23,20.0147632422095,18.631014348629066
1994-08-24,19.98149507815345,18.507583463560167
1994-08-25,19.813426478623708,17.99560164796136
1994-08-26,19.952914155379666,17.884240659184545
1994-08-27,20.088295960691486,18.02594544679642
1994-08-28,20.345592215286302,18.321805654212252
1994-08-29,20.387304740537168,18.57736042051428
1994-08-30,20.289686330595746,18.734676800681918
1994-08-31,20.0870878522701,18.27783634038926
1994-09-01,19.965277407523967,18.20072453473505
1994-09-02,19.928087434182196,18.303175166927122
1994-09-03,19.92291566629136,18.297174314533315
1994-09-04,19.921379462363873,18.179426054837332
1994-09-05,19.897314944365352,18.300897854808923
1994-09-06,19.89851351127595,18.61692854098594
1994-09-07,19.94955802728751,18.836516550646397
1994-09-08,19.994139608239273,18.455156982525928
1994-09-09,20.153346524489212,18.076468248330734
1994-09-10,20.137401790740853,18.101136525074587
1994-09-11,20.105362577408336,18.140085239380593
1994-09-12,20.04089340414612,18.038153146753803
1994-09-13,19.987856099115838,17.923706492399493
1994-09-14,19.819393006755636,17.662841312686467
1994-09-15,19.90126208729345,17.929153288819435
1994-09-16,19.981113686790064,17.95623526069044
1994-09-17,19.96131072623111,17.965743713595685
1994-09-18,20.077868993608625,18.542648103423783
1994-09-19,20.163302211312367,18.40174740730217
1994-09-20,20.25311171225619,18.098538144622818
1994-09-21,20.44413892522436,18.158923142491837
1994-09-22,20.504225895784334,18.09013638300895
1994-09-23,20.445972240619877,17.866127290808354
1994-09-24,20.4191483011558,17.849615002130985
1994-09-25,20.326994693181373,18.067719846569116
1994-09-26,20.351500645759494,18.22175593124023
1994-09-27,20.32577288306785,17.992521665009235
1994-09-28,20.40809047670296,18.172970592413698
1994-09-29,20.426526455442563,18.359877823554484
1994-09-30,20.4271622181011,18.19964341525785
1994-10-01,20.52169807845157,18.157455604489275
1994-10-02,20.63297933155614,18.480544111379455
1994-10-03,20.821051635924075,18.943774683903968
1994-10-04,20.97642652829756,19.251308424492123
1994-10-05,21.1949768188893,19.36962352606904
1994-10-06,21.31168332119083,19.070957522375338
1994-10-07,21.302537690002328,18.56086233840034
1994-10-08,21.639302103685726,20.96202301463277
1994-10-09,21.771871916084336,21.229955959653363
1994-10-10,21.924344574792208,20.905742292939337
1994-10-11,21.905937448256534,20.650747265236543
1994-10-12,21.857034825479342,20.43067054979401
1994-10-13,21.91015564460047,20.63844580196051
1994-10-14,22.032636644368623,20.753226310555476
1994-10-15,22.05173046991421,20.770051143628365
1994-10-16,22.069589466668834,20.76771700525643
1994-10-17,22.023953890287103,20.577583463560163
1994-10-18,21.96232634864391,20.2090566841881
1994-10-19,21.859757757393144,20.038141781503054
1994-10-20,21.733039788720767,19.85143202159398
1994-10-21,21.749622561843914,20.266789316664298
1994-10-22,21.72126686839755,20.246279301037088
1994-10-23,21.66563189224091,20.219759909077993
1994-10-24,21.646848093353594,20.137077709901977
1994-10-25,21.857144894360367,20.109461571245912
1994-10-26,22.04070124929623,20.06979258417389
1994-10-27,22.131905963340685,20.268477056400062
1994-10-28,22.151400470245353,20.27825543401051
1994-10-29,22.150377189787047,20.340944736468252
1994-10-30,22.06182077275887,20.62348060804092
1994-10-31,21.99415974682919,20.408367665861626
1994-11-01,21.857723842600258,20.19400056826254
1994-11-02,21.831578426664887,19.964575934081548
1994-11-03,21.824345009437977,19.8883108396079
1994-11-04,21.87903264397127,19.89773547378889
1994-11-05,22.05893996092322,19.916458303736324
1994-11-06,22.13107409262507,19.818917459866462
1994-11-07,22.11760352849614,19.462716294928253
1994-11-08,22.131717285657516,19.31211677795141
1994-11-09,22.14422912458186,19.236354595823276
1994-11-10,22.144404452429104,19.188295212388127
1994-11-11,22.1174762807563,19.24722545816167
1994-11-12,22.091135129317422,19.38523511862481
1994-11-13,22.199785491936268,19.974465122886777
1994-11-14,22.241177641818663,19.966553487711327
1994-11-15,22.31538401993568,20.008800966046312
1994-11-16,22.338829850647446,19.95918596391533
1994-11-17,22.366710103652714,20.74726665719563
1994-11-18,22.38331477464644,21.037052138087795
1994-11-19,22.394611447329147,21.114159681772986
1994-11-20,22.39197236066493,20.854521949140512
1994-11-21,22.49147042752596,20.737788038073596
1994-11-22,22.63873994105372,21.081959085097317
1994-11-23,22.6822955301851,20.737357579201593
1994-11-24,22.720726148292925,20.397043614149734
1994-11-25,22.765712529390324,20.493520386418528
1994-11-26,22.878176929827436,20.484388407444246
1994-11-27,22.904220887008666,20.982096888762612
1994-11-28,22.840445822432724,21.058155988066495
1994-11-29,22.792999283869204,21.234740730217368
1994-11-30,22.814855242242572,21.256006535019186
1994-12-01,22.896774803788382,21.253928114789034
1994-12-02,22.934073355796865,21.221304162523083
1994-12-03,22.96382101284897,21.29427475493678
1994-12-04,22.94171360151661,21.355070322489
1994-12-05,22.82710006374802,21.516904389828102
1994-12-06,22.919626411564032,21.65860775678364
1994-12-07,23.123284742689652,21.58669129137661
1994-12-08,23.266737300062882,21.706885921295644
1994-12-09,23.313284887571594,21.656783634038927
1994-12-10,23.31175307149719,21.65217076289245
1994-12-11,23.334467269099644,21.82435004972298
1994-12-12,23.409651351955507,21.877327745418384
1994-12-13,23.373487908567085,21.785972439266946
1994-12-14,23.461167500082773,21.550647819292514
1994-12-15,23.513869341325343,21.57290382156556
1994-12-16,23.543872694307357,21.6753402471942
1994-12-17,23.633195619598027,21.846138656059104
1994-12-18,23.646546221479017,21.869720130700376
1994-12-19,23.59783372520453,21.906648671686323
1994-12-20,23.71490489535385,22.4061287114647
1994-12-21,23.734319075570482,22.334692427901697
1994-12-22,23.60261091747528,21.837116067623242
1994-12-23,23.566240437791876,21.741515840318225
1994-12-24,23.89609369308212,22.06758488421651
1994-12-25,24.0756859952976,22.210277027986926
1994-12-26,24.238492006656347,22.578107685750826
1994-12-27,24.310104025234285,22.66594118482739
1994-12-28,24.261398607477634,22.416530757209834
1994-12-29,24.278692668145855,22.382419377752523
1994-12-30,24.150079291817097,22.396681346782216
1994-12-31,24.00049168791612,22.378982810058243
1995-01-01,23.995620467265013,22.623989203011796
1995-01-02,24.02924009421468,22.644404034664017
1995-01-03,24.111752409179694,22.3163489131979
1995-01-04,24.17040873265549,22.222501775820433
1995-01-05,24.276096259562227,22.349156130132116
1995-01-06,24.304009856111556,22.493496235260693
1995-01-07,24.61147436003579,22.58753089927547
1995-01-08,24.994541055402845,22.931234550362273
1995-01-09,25.093906762261078,22.97910356584742
1995-01-10,25.055066500811414,22.714266230998724
1995-01-11,24.96071987697459,22.585181133683765
1995-01-12,24.871940672914548,22.485102997584885
1995-01-13,24.97278303722229,22.93919022588436
1995-01-14,25.13780125095206,22.99489842307146
1995-01-15,25.209052513494683,23.002596959795433
1995-01-16,25.22097491058707,23.00905526353176
1995-01-17,25.073222816008254,23.07644125586021
1995-01-18,24.899075259959623,22.945154141213244
1995-01-19,25.03619666274794,23.05499928967183
1995-01-20,25.271795004470686,23.397479755647115
1995-01-21,25.283980652051554,23.54010654922574
1995-01-22,25.2559165852568,23.629428896150024
1995-01-23,25.22706647183495,23.608795283420942
1995-01-24,25.326668729509596,23.071004404034667
1995-01-25,25.52565468010063,23.08952976275039
1995-01-26,25.675391884955445,23.15063361272908
1995-01-27,25.680901972878132,23.94771558460009
1995-01-28,25.769413352319788,24.04614433868448
1995-01-29,25.897048609961196,24.099389117772407
1995-01-30,25.936447867337776,24.15707060662026
1995-01-31,25.925137699937082,24.606292086944173
1995-02-01,25.931387327383533,24.70013922432164
1995-02-02,26.059419437361377,24.711075436851825
1995-02-03,25.94894507318605,24.562780224463708
1995-02-04,25.85038548945265,24.593179428896153
1995-02-05,26.242387799284717,25.598818013922426
1995-02-06,26.35617385419082,25.71213098451485
1995-02-07,26.38390953571545,25.669877823554483
1995-02-08,26.280426284067964,25.510393521807078
1995-02-09,26.2722917632546,25.179651939195907
1995-02-10,26.317992764181895,25.021622389543975
1995-02-11,26.407179396959993,24.788005398494104
1995-02-12,26.29035792048878,24.469643415257856
1995-02-13,26.235178018511807,24.331191930671967
1995-02-14,26.161958596880474,23.833977837761047
1995-02-15,26.09153154700794,23.887201307003835
1995-02-16,25.992003613769572,23.953222048586454
1995-02-17,26.018619958108445,23.809847989771267
1995-02-18,25.89119390999101,23.730235828952985
1995-02-19,25.870714454250404,23.66528626225316
1995-02-20,25.972218908335247,23.53843869867879
1995-02-21,26.094382906414552,23.412791589714452
1995-02-22,26.315206394674913,23.278171615286265
1995-02-23,26.33538176391693,23.263801676374484
1995-02-24,26.3423114878961,23.274134109958798
1995-02-25,26.19825574560394,23.054571672112516
1995-02-26,25.98129067043085,22.7318596391533
1995-02-27,25.938675737656048,22.726627361841178
1995-02-28,25.953669963075818,22.80653075720983
1995-03-01,25.95790778057429,22.670910640716013
1995-03-02,25.878420310792432,22.367684330160536
1995-03-03,25.700860433155597,22.247462707770993
1995-03-04,25.710282519786745,22.242585594544686
1995-03-05,25.751077383514925,22.219704503480607
1995-03-06,25.926480672748948,22.263948003977845
1995-03-07,26.113915600059613,22.380049722972014
1995-03-08,26.116408728516063,22.18216934223612
1995-03-09,26.211802165778025,22.35305441113795
1995-03-10,26.105815830214922,22.734456598948725
1995-03-11,26.081360317250102,22.749433158119054
1995-03-12,26.1794230594099,22.96330160534167
1995-03-13,26.26955831705133,23.231126580480186
1995-03-14,26.546004404411107,24.248570819718715
1995-03-15,27.071020279332384,24.504904105696834
1995-03-16,27.20348256863261,24.633987782355447
1995-03-17,26.983790504851438,24.364340105128573
1995-03-18,26.689104401927356,23.212291518681635
1995-03-19,26.452139368149147,22.85596249467254
1995-03-20,26.337257778090542,22.864500639295358
1995-03-21,26.244579407722643,22.762194914050287
1995-03-22,26.312048278802568,22.83344225031965
1995-03-23,26.324428627015926,22.900850973149602
1995-03-24,26.22441217256677,22.96768859212957
1995-03-25,25.92191968573042,22.506854666856086
1995-03-26,25.688467666490045,22.396289245631486
1995-03-27,25.66988891694544,22.280481602500355
1995-03-28,25.772403198165403,22.38197471231708
1995-03-29,25.70473198910488,22.43163233413837
1995-03-30,25.438964922012172,21.78149595112943
1995-03-31,25.350358562108802,21.922358289529768
1995-04-01,25.471641015663845,22.042852677937212
1995-04-02,25.38665444828954,22.282503196476767
1995-04-03,25.382183929694964,22.149127717005264
1995-04-04,25.01994701460413,21.828134678221335
1995-04-05,25.049452739510535,21.59075578917459
1995-04-06,24.89569721329929,21.50664440971729
1995-04-07,24.901475167235162,21.894915470947577
1995-04-08,24.811536866245003,21.977543685182557
1995-04-09,24.812776020796637,21.58109958800966
1995-04-10,24.85908567076197,21.5333882653786
1995-04-11,24.890344053217188,21.555860207415826
1995-04-12,24.645426221975704,21.488707202727653
1995-04-13,24.50981941500807,21.371733200738745
1995-04-14,24.60627955591617,21.411396505185397
1995-04-15,24.635190354174252,21.51699104986504
1995-04-16,24.5599342442958,21.53064639863617
1995-04-17,24.43570820362951,21.499177439977274
1995-04-18,24.31111176192999,20.93233413837193
1995-04-19,24.298756995728127,20.899109248472797
1995-04-20,24.24975659833761,20.885953970734484
1995-04-21,24.27208127049041,20.825905668418812
1995-04-22,24.353008142365205,20.55773547378889
1995-04-23,23.76373008908174,19.47508879102145
1995-04-24,23.550980084942246,19.520042619690297
1995-04-25,23.484192614332578,19.69064923994886
1995-04-26,23.446054885419066,19.7228754084387
1995-04-27,23.41334714541177,19.23603636880238
1995-04-28,23.58016017733556,19.131014348629073
1995-04-29,23.443652039109875,18.957418667424356
1995-04-30,23.21898824800484,18.97436851825543
1995-05-01,23.142249395635325,18.930775678363407
1995-05-02,23.175418543232745,18.766627361841174
1995-05-03,23.191107436169236,18.61638442960648
1995-05-04,23.17800859770837,18.574931098167358
1995-05-05,23.091648301155757,18.703922432163658
1995-05-06,23.21148710964671,18.811889472936496
1995-05-07,23.301648156273814,19.250842449211536
1995-05-08,23.375969529257972,19.497707060662027
1995-05-09,23.438562750438813,19.514199460150586
1995-05-10,23.3624210807365,19.505023440829667
1995-05-11,23.26607686607945,19.441193351328312
1995-05-12,23.25015177418281,19.614362835630065
1995-05-13,23.197883295526086,19.399697400198892
1995-05-14,23.24545298374009,19.572040062508886
1995-05-15,23.312283422194284,19.607624662594116
1995-05-16,23.278519865383956,19.444706634465128
1995-05-17,23.278028115375708,19.337087654496376
1995-05-18,23.21878328145192,19.342355448217077
1995-05-19,23.235588344868685,19.562246057678646
1995-05-20,23.24001599910589,19.643105554766308
1995-05-21,23.336629383713632,19.514831652223325
1995-05-22,23.38783355962515,20.05159397641711
1995-05-23,23.182243414080876,20.201892314249186
1995-05-24,23.119156849190304,20.353550220201736
1995-05-25,23.24516061198138,20.260760051143635
1995-05-26,23.11436628638606,19.981791447648813
1995-05-27,22.956091147299357,19.74630487285126
1995-05-28,22.90444344636885,19.456831936354597
1995-05-29,22.848934620988803,19.663355590282706
1995-05-30,22.698621282743343,19.683982099730077
1995-05-31,22.475635659171438,19.15925557607615
1995-06-01,22.471391466867587,19.15714163943742
1995-06-02,22.58123410438118,19.198654638442967
1995-06-03,22.709643962976457,19.441326893024577
1995-06-04,22.738865326025806,19.667340531325475
1995-06-05,22.762029175083622,19.8031907941469
1995-06-06,22.937147315958573,19.645739451626653
1995-06-07,22.97861273470879,19.38813183690866
1995-06-08,22.91922202536682,19.32058957238244
1995-06-09,22.901892675596933,19.498910356584737
1995-06-10,22.91699995032623,20.13647108964342
1995-06-11,22.966811790078488,20.181059809632053
1995-06-12,23.016365160446433,20.41750958943032
1995-06-13,22.998584503427505,20.487209830941897
1995-06-14,23.016565407987546,19.99366103139651
1995-06-15,22.793817659866875,19.63732916607473
1995-06-16,22.476133783985112,19.153155277738314
1995-06-17,22.262036791734307,18.94262679357863
1995-06-18,22.08586637331522,18.735536297769574
1995-06-19,21.917102381859163,18.352686461145048
1995-06-20,21.81561131900522,18.356171331154997
1995-06-21,21.842155967480224,18.41941611024293
1995-06-22,21.7076093030764,18.545895723824408
1995-06-23,21.609889765539634,18.413942321352465
1995-06-24,21.697777842169724,18.932176445517833
1995-06-25,21.763212570785228,19.381092484727947
1995-06-26,21.629908662284286,19.45384997869016
1995-06-27,21.67033064128885,19.5531055547663
1995-06-28,21.753733297181853,19.615071743145332
1995-06-29,21.786853702354545,19.482560022730503
1995-06-30,21.875671279431728,19.392720556897288
1995-07-01,21.920617424744194,19.625357295070327
1995-07-02,22.049662901116037,20.306351754510587
1995-07-03,22.241829382885737,20.115804801818445
1995-07-04,22.21333911481274,20.05679499928967
1995-07-05,22.14133312083981,19.738258275323194
1995-07-06,22.03813011226276,19.769131978974286
1995-07-07,21.949177091267366,19.66239522659469
1995-07-08,21.846113024472626,19.60195624378463
1995-07-09,21.708928204788553,19.486689870720276
1995-07-10,21.478629106368178,19.130836766586167
1995-07-11,21.405438247176846,18.989794004830237
1995-07-12,21.38963433867599,18.69876402898139
1995-07-13,21.434342111799232,18.780265662736188
1995-07-14,21.425922256350017,18.887414405455324
1995-07-15,21.205151919064896,18.51887199886348
1995-07-16,20.9557605474054,18.059610740161954
1995-07-17,20.945822763850714,18.137111805654214
1995-07-18,20.98059482316122,18.158445801960504
1995-07-19,21.053388064211696,18.193018894729363
1995-07-20,21.0941229468159,18.139407586304873
1995-07-21,21.128982432029623,18.128560875124315
1995-07-22,21.204680845779404,17.942359710186103
1995-07-23,21.077900205318425,17.862865463844297
1995-07-24,21.086523951054737,18.191871004404035
1995-07-25,20.984632807066948,18.458084955249326
1995-07-26,21.0325300319568,18.483867026566273
1995-07-27,20.99506544524292,18.21693848558034
1995-07-28,21.001698533794674,18.812099730075296
1995-07-29,20.849038563433428,18.922986219633476
1995-07-30,20.56624149336028,18.838623384003412
1995-07-31,20.52266489634728,18.326309134820285
1995-08-01,20.47521440457657,18.0983832930814
1995-08-02,20.458168899228408,18.200531325472376
1995-08-03,20.414992590323543,18.491629492825687
1995-08-04,20.3873220642779,18.662491831226028
1995-08-05,20.27967109729444,18.3619946015059
1995-08-06,20.2713593030765,18.313921011507315
1995-08-07,20.292263925224287,19.063017474073025
1995-08-08,20.371341317018246,19.2393393948004
1995-08-09,20.4192939902971,18.83759482881091
1995-08-10,20.411187700764984,18.733607046455468
1995-08-11,20.369538116369167,18.90203011791448
1995-08-12,20.265561376130044,18.97753800255718
1995-08-13,20.082320946617198,18.52916891603921
1995-08-14,19.906073927045732,17.86414831652224
1995-08-15,19.79362981008047,17.53718567978406
1995-08-16,19.84813837053352,17.722231851115218
1995-08-17,19.800640481670325,17.356591845432593
1995-08-18,19.824287015266446,17.472005966756644
1995-08-19,20.001150052157485,17.697154425344507
1995-08-20,20.22866191177932,18.60215513567268
1995-08-21,20.23472482779749,18.802403750532747
1995-08-22,20.145796829983134,18.812369654780504
1995-08-23,20.128563971586516,18.851686319079416
1995-08-24,20.12562286816572,18.8656883079983
1995-08-25,20.177287540980927,18.866489558175882
1995-08-26,20.174826969566563,18.89810626509447
1995-08-27,20.190146475643267,18.9960335274897
1995-08-28,20.268067895817477,18.671699104986505
1995-08-29,20.209593958009027,18.756289245631486
1995-08-30,20.11529822912865,18.736493820144908
1995-08-31,20.15195625807198,18.525057536581905
1995-09-01,20.242595829055873,18.43601221764455
1995-09-02,20.169210890154666,18.36406733911067
1995-09-03,20.206412536841412,18.077553629776958
1995-09-04,20.54201534920691,19.50186816309135
1995-09-05,20.670923311918465,19.620916323341383
1995-09-06,20.75651126353611,19.661889472936497
1995-09-07,20.810482788025325,19.791558460008524
1995-09-08,20.75975839901309,19.968438698678796
1995-09-09,20.622842832069402,20.062751811336838
1995-09-10,20.38524905205815,19.878505469526925
1995-09-11,20.087881846706676,18.660265662736183
1995-09-12,20.025044395966514,18.144578775394233
1995-09-13,20.087947871477343,18.06184259127717
1995-09-14,20.083341577805772,18.27848273902543
1995-09-15,20.053613148657163,18.20985225174031
1995-09-16,20.039124830281185,18.494879954538995
1995-09-17,20.115556512236328,18.59860065350192
1995-09-18,20.167636747855756,18.483791731780084
1995-09-19,20.20841944150085,18.41352464838756
1995-09-20,20.284677078848862,18.743415257849122
1995-09-21,20.367251941418015,19.653780366529336
1995-09-22,20.435934778289255,20.00499928967183
1995-09-23,20.46992470278502,20.377202727660183
1995-09-24,20.54194197685203,19.93068617701378
1995-09-25,20.579680059277468,18.88390964625657
1995-09-26,20.512735743616936,18.870626509447366
1995-09-27,20.3064364216644,18.873298764028984
1995-09-28,20.1252761242839,18.465510725955394
1995-09-29,20.020734323773898,18.161434862906663
1995-09-30,19.93202983740103,18.207907373206424
1995-10-01,19.828145055800267,18.23152720556897
1995-10-02,19.76651111865414,18.130485864469385
1995-10-03,19.81491619614529,18.652423639721555
1995-10-04,19.809956535417417,18.590176161386555
1995-10-05,19.85108816687092,18.447832078420227
1995-10-06,19.797148516408903,18.438808069328033
1995-10-07,19.755633009901548,18.972879670407732
1995-10-08,19.736031455939294,19.32335985225174
1995-10-09,19.724468883498357,19.419092200596676
1995-10-10,19.762944456402934,19.470029833783208
1995-10-11,19.833079486372863,19.47554908367666
1995-10-12,19.96832063201644,19.80457735473789
1995-10-13,20.32085689389675,19.823491973291663
1995-10-14,20.379476148292877,19.179075152720564
1995-10-15,20.34707065271386,18.55988918880523
1995-10-16,20.30259622230678,18.349276885921295
1995-10-17,20.256229074908127,18.35767722687882
1995-10-18,20.23879013229789,18.439292513141073
1995-10-19,20.164952685697255,18.533837192783064
1995-10-20,20.169789300261687,18.58005398494105
1995-10-21,20.078384980296086,18.427040772837053
1995-10-22,20.05238351491871,18.689289671828387
1995-10-23,20.247646972381354,19.198981389401904
1995-10-24,20.44960130559328,19.38512288677369
1995-10-25,20.519674698645563,19.225002130984517
1995-10-26,20.548490930390482,18.985039068049446
1995-10-27,20.490266189522135,18.722829947435713
1995-10-28,20.652524485048147,19.168737036510873
1995-10-29,20.763826228598845,19.303702230430464
1995-10-30,20.83293584627615,19.036902969171763
1995-10-31,21.064790169553273,19.38523369796847
1995-11-01,21.273816707785503,19.310282710612302
1995-11-02,21.31731359903303,19.189080835345933
1995-11-03,21.386208936318138,19.262501775820432
1995-11-04,21.381043646719853,19.159663304446656
1995-11-05,21.2900306114846,19.0701477482597
1995-11-06,21.272298427823937,19.08603921011508
1995-11-07,21.217104203232097,19.28338826537861
1995-11-08,21.22840286286716,19.326223895439696
1995-11-09,21.352612283504993,19.17711606762325
1995-11-10,21.45450284796505,19.15985793436568
1995-11-11,21.654891297148737,19.54690012785907
1995-11-12,21.721792189621436,19.61653501917886
1995-11-13,21.706264032850967,19.563739167495385
1995-11-14,21.698832375732675,19.5214689586589
1995-11-15,21.743229108023986,19.84339394800398
1995-11-16,21.803653694903442,20.059808211393662
1995-11-17,21.714319634400756,20.03407586304873
1995-11-18,21.764359042288984,19.587755362977695
1995-11-19,21.668150602708863,19.535068901832652
1995-11-20,21.583265328509448,19.585135672680778
1995-11-21,21.711246088187558,19.6756357437136
1995-11-22,22.002450036427447,19.73860207415826
1995-11-23,21.81334940143062,19.727878960079558
1995-11-24,21.49439940225852,18.779433158119048
1995-11-25,21.496998998244845,18.319764171047026
1995-11-26,21.764822354041723,18.516891603921014
1995-11-27,22.076760356989116,19.508232703509023
1995-11-28,22.049478093850375,19.6044395510726
1995-11-29,21.86593895916812,19.5409660463134
1995-11-30,21.61328697801104,19.53224605767865
1995-12-01,21.463038960823862,18.936783634038925
1995-12-02,21.2434509843693,18.46415968177298
1995-12-03,21.29201667384178,18.536043472084106
1995-12-04,21.315544342153178,18.765306151441965
1995-12-05,21.305639819352912,18.777339110669132
1995-12-06,21.213012116269823,18.523598522517403
1995-12-07,20.927259765042887,18.417045034806083
1995-12-08,20.95871533182107,19.001355306151446
1995-12-09,21.272468684803112,19.386949850831087
1995-12-10,21.39019809500945,19.501137945730935
1995-12-11,21.53632709789046,19.7398849268362
1995-12-12,21.601008833658994,20.007984088648957
1995-12-13,21.628266321985596,20.323908225600224
1995-12-14,21.743831340861686,20.527076289245635
1995-12-15,21.88055791966088,19.504588719988636
1995-12-16,21.999879189157898,19.49514987924421
1995-12-17,22.04930553945752,19.79712885353033
1995-12-18,22.083671556777173,19.959622105412702
1995-12-19,22.128752794151758,19.87423497655917
1995-12-20,22.07689097840847,19.92786191220344
1995-12-21,22.22287064940225,20.6276601790027
1995-12-22,22.23875569179064,20.47238954396931
1995-12-23,22.347974136503638,20.284936780792727
1995-12-24,22.565813470709024,20.22076573376901
1995-12-25,22.688755153657677,20.183867026566276
1995-12-26,22.762950396562633,20.20029123455037
1995-12-27,22.789491526476066,20.812082682199183
1995-12-28,22.956741687916,20.82517687171473
1995-12-29,23.191529808424622,20.86486716863191
1995-12-30,23.164332032155514,21.26229151868163
1995-12-31,23.17157973060242,21.44450774257707
1996-01-01,23.240973192701254,21.008823696547807
1996-01-02,23.441077445607228,20.853646824833074
1996-01-03,23.64297999387357,20.959802528768293
1996-01-04,23.59063098155447,20.91733200738742
1996-01-05,23.323217496771235,20.32331297059242
1996-01-06,23.136145105474107,20.684097172893875
1996-01-07,23.191061239527148,20.970912061372356
1996-01-08,23.268255538629656,20.960920585310422
1996-01-09,23.522134711229665,21.245073163801685
1996-01-10,23.565104232208444,21.188609177439968
1996-01-11,23.515486534258443,21.133817303594263
1996-01-12,23.50822929430076,20.811907941468966
1996-01-13,23.64513838295196,20.753686603210685
1996-01-14,24.065424048746536,21.617018042335562
1996-01-15,24.185056255588368,21.270372211961927
1996-01-16,24.111998025466153,21.024362835630065
1996-01-17,23.845960256813562,20.924239238528198
1996-01-18,23.7297248898897,20.763611308424498
1996-01-19,23.827124942047192,20.78503622673675
1996-01-20,23.863387629565818,20.874287540843874
1996-01-21,23.9403775830381,20.998021025713882
1996-01-22,23.85382726346991,20.508153146753806
1996-01-23,23.845450003311562,20.488809489984376
1996-01-24,23.722041490048717,20.56572240375054
1996-01-25,23.728422628903566,20.537258133257573
1996-01-26,23.832284539855006,20.450487285125728
1996-01-27,23.943328724707726,20.545056115925558
1996-01-28,24.278507115773095,21.234506321920733
1996-01-29,24.47575100589463,21.707520954681062
1996-01-30,24.60522040682842,21.736802102571385
1996-01-31,24.765702594628586,22.02391959085097
1996-02-01,24.984772266284764,22.33722119619264
1996-02-02,24.92103919677457,22.70813041625231
1996-02-03,24.9769836200616,22.691393663872702
1996-02-04,25.046092182170387,22.700034095752233
1996-02-05,25.036449626618495,22.94025855945447
1996-02-06,25.28223691509093,23.555102997584893
1996-02-07,25.555340182799583,23.810608040914907
1996-02-08,25.651180332483428,23.829305299048162
1996-02-09,25.747679488028627,23.911778661741735
1996-02-10,25.83621065420408,23.950984514845864
1996-02-11,25.702982622445944,22.657391674953825
1996-02-12,25.374228979699932,22.553337121750246
1996-02-13,25.20341105904554,22.350024151157843
1996-02-14,25.26199415504847,22.306975422645262
1996-02-15,25.392598416233394,22.37740446086092
1996-02-16,25.46384280723242,22.551271487427194
1996-02-17,25.514016272311853,22.563243358431595
1996-02-18,25.543583551346142,22.546665719562444
1996-02-19,25.572144480411925,22.452292939337976
1996-02-20,25.76515098768087,22.623250461713315
1996-02-21,25.866898760638495,22.62760051143628
1996-02-22,25.803057981753156,22.657040772837057
1996-02-23,25.699756142994293,22.724372780224467
1996-02-24,25.67992323326821,22.682733342804376
1996-02-25,25.662455252177388,22.777062082682203
1996-02-26,25.737330198364162,23.002959227162954
1996-02-27,25.845814981620645,23.19037931524365
1996-02-28,25.934806996555917,22.80152862622532
1996-02-29,25.98830409477767,22.666974001988923
1996-03-01,26.091322482365758,23.558944452336984
1996-03-02,26.06797299814554,23.644233555902826
1996-03-03,26.216207094247764,24.156925699673252
1996-03-04,26.353517754247097,24.186236681346788
1996-03-05,26.25820543017514,24.097883222048587
1996-03-06,26.171323206775554,23.739028271061233
1996-03-07,26.260833298837643,23.54016479613582
1996-03-08,26.34746692552237,23.098685892882514
1996-03-09,26.381273905520402,22.88533172325615
1996-03-10,26.43438319617841,22.596418525358718
1996-03-11,26.36322291949528,22.39452621110953
1996-03-12,26.180773855846585,22.396373064355732
1996-03-13,25.916844512699928,22.242092626793585
1996-03-14,25.670886925853562,22.30950845290525
1996-03-15,26.213872073384785,23.009704503480616
1996-03-16,26.372635361128534,22.748592129563857
1996-03-17,26.3045800700401,22.610944736468255
1996-03-18,26.32740888995596,22.534313112658044
1996-03-19,26.329856049442043,22.611950561159265
1996-03-20,26.254922653740454,22.67398067907373
1996-03-21,26.126093134251782,22.53043756215372
1996-03-22,26.0490144923336,22.332970592413705
1996-03-23,26.11831972132998,22.2317317800824
1996-03-24,26.09072252624436,22.36530615144197
1996-03-25,25.921066538066675,21.927489700241516
1996-03-26,25.747927546610565,21.575995169768436
1996-03-27,25.56067784051398,21.553146753800263
1996-03-28,25.39953399758262,21.49599801108112
1996-03-29,25.33187947064279,21.03103281716153
1996-03-30,25.159732009802287,20.75443386844722
1996-03-31,24.859830570917723,20.10893876971161
1996-04-01,24.642620272709234,20.095858786759486
1996-04-02,24.443873687783547,20.073298764028983
1996-04-03,24.494607142265735,20.096017900269924
1996-04-04,24.412172856575232,20.21847421508738
1996-04-05,24.33972282014772,20.25425486574798
1996-04-06,24.192606529622193,20.17505469526922
1996-04-07,23.905046051760166,19.681737462707773
1996-04-08,23.8223448107428,19.704982241795705
1996-04-09,24.007543340398097,19.726959795425486
1996-04-10,23.938099293803994,19.54669555334565
1996-04-11,23.920546370500382,19.659350760051147
1996-04-12,23.926117412325777,20.003308708623386
1996-04-13,23.877992412325746,20.05431311265805
1996-04-14,23.82819555750574,19.6858460008524
1996-04-15,23.900955724078567,19.5664014774826
1996-04-16,23.919468117693786,19.388768290950424
1996-04-17,23.712212843991118,19.367466969740022
1996-04-18,23.658990607510667,19.346472510299762
1996-04-19,23.733243513428455,19.45062508879102
1996-04-20,23.68550414776307,19.458117630345217
1996-04-21,23.596826402457246,19.505017758204286
1996-04-22,23.474164362353907,19.368087796562012
1996-04-23,23.473068516740053,19.214188094899843
1996-04-24,23.508839454250428,19.245112942179293
1996-04-25,23.433843159088628,19.336654354311694
1996-04-26,23.340925567937212,19.27824975138514
1996-04-27,23.295519877802473,19.17401335416963
1996-04-28,23.242969272609898,19.04528057962779
1996-04-29,23.171609265821093,19.16045318937349
1996-04-30,23.134437982249903,19.288198607756787
1996-05-01,23.18651968738618,19.31204432447791
1996-05-02,23.13308261168329,19.213946583321498
1996-05-03,23.17930255902902,19.114685324619977
1996-05-04,23.238937766996713,19.202584173888336
1996-05-05,23.25744906364873,19.36129563858503
1996-05-06,23.237548183594402,19.505692569967326
1996-05-07,23.244029063317516,19.574696689870724
1996-05-08,23.262482676259214,19.663011791447655
1996-05-09,23.246780329999662,19.696927120329597
1996-05-10,23.235145254495443,19.708204290382156
1996-05-11,23.170230879723135,19.773388265378607
1996-05-12,23.1312446393681,19.839475777809355
1996-05-13,23.231643975394892,20.22476914334422
1996-05-14,23.222118774216018,20.4164540417673
1996-05-15,23.236525358479316,20.37748117630345
1996-05-16,23.219458721065056,20.3570421934934
1996-05-17,23.23505606931163,19.940542690723117
1996-05-18,23.100238620558297,19.540561159255574
1996-05-19,23.047052356194293,19.555229435999433
1996-05-20,23.030026492698042,20.003348487000995
1996-05-21,23.001875331158743,19.78539139082256
1996-05-22,23.02145304169287,19.102845574655493
1996-05-23,22.97849277246083,19.112750390680493
1996-05-24,22.9513619937411,19.286878818013925
1996-05-25,23.152237370434136,19.816883079982954
1996-05-26,23.12753959416499,19.750792726239524
1996-05-27,23.037274066960336,19.8739991476062
1996-05-28,22.877089301089516,19.76173462139508
1996-05-29,22.855135526707954,19.65799829521239
1996-05-30,22.914758005762177,19.603521807074866
1996-05-31,22.677458729343993,18.78742292939338
1996-06-01,22.40376577143429,18.947025145617275
1996-06-02,22.314042371758788,18.997151584031826
1996-06-03,22.291423175315444,18.8646796419946
1996-06-04,22.30847335828061,18.890450348060806
1996-06-05,22.32132738765438,19.209555334564573
1996-06-06,22.327750790641392,19.284371359568127
1996-06-07,22.277871291022258,19.13876687029407
1996-06-08,22.213428589760596,18.816184117062082
1996-06-09,22.243052248567814,18.653813041625238
1996-06-10,22.212175402357865,18.41583747691433
1996-06-11,22.261438574196124,18.82799687455605
1996-06-12,22.28344703116206,18.85826253729223
1996-06-13,22.271488682650574,18.952686461145042
1996-06-14,22.162517013279402,18.97950561159256
1996-06-15,22.00632951948867,18.87877255291945
1996-06-16,21.9475531509753,18.836522233271772
1996-06-17,21.911174371626306,18.937025145617277
1996-06-18,21.693303618736955,18.61671118056542
1996-06-19,21.561236712256214,18.589749964483595
1996-06-20,21.41990812415141,18.678697258133255
1996-06-21,21.298896620525266,18.608097741156413
1996-06-22,21.22514833841111,18.432234692427905
1996-06-23,21.263916407259053,18.39022872567126
1996-06-24,21.218072656224088,18.428972865463848
1996-06-25,21.217900495082247,18.462729080835345
1996-06-26,21.139517688015367,18.691427759624947
1996-06-27,21.10712007815349,18.62820286972581
1996-06-28,21.019755894625334,18.23671402187811
1996-06-29,20.921683155611486,18.141342520244354
1996-06-30,20.845225808855194,17.87363261826964
1996-07-01,20.868115810345362,17.689644835914194
1996-07-02,20.93852044491173,17.863930956101722
1996-07-03,20.86216070718948,18.105801960505758
1996-07-04,20.816804918534977,18.028410285551928
1996-07-05,20.790556491538876,17.97039920443245
1996-07-06,20.800087260323888,17.541477482596964
1996-07-07,20.69028071911117,17.506701235971022
1996-07-08,20.655605130476545,17.50946583321495
1996-07-09,20.64360166158894,17.567216934223612
1996-07-10,20.70216341855148,17.790187526637308
1996-07-11,20.648963514587592,17.932226168489844
1996-07-12,20.50512718564763,17.58496093195056
1996-07-13,20.451687046726498,17.221792868305155
1996-07-14,20.432192953770222,17.410271345361558
1996-07-15,20.5830352973805,18.2441866742435
1996-07-16,20.548625753386094,17.966087512430743
1996-07-17,20.54061968076299,17.859909077994033
1996-07-18,20.526167665662104,17.924854382724817
1996-07-19,20.539933085240303,18.20147748259696
1996-07-20,20.550698103288397,18.09272623952266
1996-07-21,20.532445814153725,18.136367381730356
1996-07-22,20.49845642779084,18.02607898849269
1996-07-23,20.489998903036724,17.981771558460007
1996-07-24,20.404634649137325,18.199597954254866
1996-07-25,20.258610830546058,18.221024293223472
1996-07-26,20.09901734857768,18.153035942605488
1996-07-27,19.993151927343813,17.685459582327038
1996-07-28,19.811135729542663,17.830359426054837
1996-07-29,19.892964843361916,18.11856087512431
1996-07-30,19.923325330330872,18.21275749396221
1996-07-31,19.832892278206405,18.20312260264242
1996-08-01,19.588041672186,17.63008239806791
1996-08-02,19.650565929562514,17.477584884216512
1996-08-03,19.843464085836334,17.363563006108826
1996-08-04,19.78859710815641,17.1704730785623
1996-08-05,19.736300315428693,17.248084955249322
1996-08-06,19.730415480014567,17.561153572950705
1996-08-07,19.74284324601778,17.818313680920586
1996-08-08,19.792544540848407,18.068117630345228
1996-08-09,19.822737171738904,18.3256357437136
1996-08-10,19.72552006407919,18.327846284983664
1996-08-11,19.739970754545155,18.38759056684188
1996-08-12,19.691780785342974,18.44389543969314
1996-08-13,19.710302886048282,18.611868163091344
1996-08-14,19.8608991373315,18.666012217644557
1996-08-15,20.017145949928775,18.660441824122742
1996-08-16,20.0607572772129,18.61414547520955
1996-08-17,20.053488177633522,18.469049580906383
1996-08-18,20.071496133721894,18.442808637590574
1996-08-19,20.12378831092493,18.50393521807075
1996-08-20,20.151042425572065,18.67854808921722
1996-08-21,20.120990640626555,18.189654780508597
1996-08-22,20.026460389277066,17.968087796562013
1996-08-23,19.968287019405892,17.7308182980537
1996-08-24,19.803932302877786,17.51131978974286
1996-08-25,19.645578927542473,17.331360988776815
1996-08-26,19.56707079759576,17.41155277738315
1996-08-27,19.449132426234378,17.54520812615429
1996-08-28,19.36080076249298,17.58799971586873
1996-08-29,19.270058097658698,17.54002273050149
1996-08-30,19.192978669238705,17.49182838471374
1996-08-31,19.170947569294974,17.479632050007105
1996-09-01,19.31632070238768,17.699306719704506
1996-09-02,19.39399056611589,17.796847563574367
1996-09-03,19.392280214094125,17.522878249751386
1996-09-04,19.42924191558761,17.285819008381875
1996-09-05,19.389197705897903,17.323700809774117
1996-09-06,19.39295234212008,17.631679215797696
1996-09-07,19.42236631536246,17.967836340389255
1996-09-08,19.724349811239573,18.740463133967893
1996-09-09,19.817613235586332,18.8509759909078
1996-09-10,19.8221339040302,18.78552635317517
1996-09-11,19.78967235983711,18.35961926410001
1996-09-12,19.695311827333832,18.1775024861486
1996-09-13,19.580463270358,17.774134109958805
1996-09-14,19.71230954233867,17.643052990481603
1996-09-15,19.691079949995103,17.817674385566132
1996-09-16,19.596397200053033,17.776488137519536
1996-09-17,19.488610954730618,17.22393805938344
1996-09-18,19.42957810378511,17.136383008950137
1996-09-19,19.540507997483235,17.886752379599375
1996-09-20,19.696211006060214,18.19720698962921
1996-09-21,19.7528475717787,18.507726949850834
1996-09-22,19.617243000132508,18.53410995880097
1996-09-23,19.513103495380363,18.322017332007388
1996-09-24,19.396782316952027,17.90418099161813
1996-09-25,19.484121518693915,17.766405739451628
1996-09-26,19.494148363248044,17.996841880949
1996-09-27,19.61222613173498,18.455817587725534
1996-09-28,19.63595493757659,18.20260406307714
1996-09-29,19.694165728383666,18.247503906804948
1996-09-30,19.68579275259134,18.209849410427623
1996-10-01,19.675160053150982,18.051771558460008
1996-10-02,19.63967082822798,18.09658190083819
1996-10-03,19.528770449051237,18.03746839039637
1996-10-04,19.518334064642186,17.75883506179855
1996-10-05,19.509357759048957,17.668404602926554
1996-10-06,19.774007434513365,17.400048302315675
1996-10-07,19.887167806404612,17.31385424065918
1996-10-08,20.005931176938088,17.9817317800824
1996-10-09,19.986472517965375,18.12444807501066
1996-10-10,19.90487745057455,18.036821991760196
1996-10-11,19.926227170745406,18.04095468106265
1996-10-12,20.090650892472755,18.430065350191793
1996-10-13,20.221861629466556,18.542690723114085
1996-10-14,20.418829581580958,18.4649850831084
1996-10-15,20.58713597377224,18.593599943173743
1996-10-16,20.7446694828957,18.583867026566274
1996-10-17,20.81932145577373,17.930333854240658
1996-10-18,20.883125103487124,17.945435431169198
1996-10-19,20.89147090356661,18.101575507884647
1996-10-20,20.889898417061282,18.199904816025008
1996-10-21,20.865089164486555,18.160745844580195
1996-10-22,20.91419476686422,18.049771274328744
1996-10-23,20.84839034092793,18.00849126296349
1996-10-24,20.64155549392325,18.16038073589999
1996-10-25,20.42627976289035,17.94099161812758
1996-10-26,20.311958638275335,18.040823980679075
1996-10-27,20.294243633473496,17.979599374911206
1996-10-28,20.3203559956287,17.965949708765454
1996-10-29,20.35044387687523,18.05908083534593
1996-10-30,20.2960921200782,17.642020173320077
1996-10-31,20.221191033049617,17.509090779940337
1996-11-01,20.176542413153634,17.56132547236824
1996-11-02,20.34300690051994,18.293334280437566
1996-11-03,20.206808706162853,18.566819150447504
1996-11-04,20.21292495943307,18.749259838045173
1996-11-05,20.26430164834255,18.95536439835204
1996-11-06,20.31912950789817,19.149681772979118
1996-11-07,20.355845510315575,19.392051427759625
1996-11-08,20.361699754942524,19.3969043898281
1996-11-09,20.357805928569103,19.285546242363978
1996-11-10,20.375164192634983,19.33026566273619
1996-11-11,20.37038985660825,19.03226878818014
1996-11-12,20.192362610524214,18.736732490410574
1996-11-13,20.18913538596552,18.667442818582188
1996-11-14,20.110630091565405,18.245827532319932
1996-11-15,20.053340128986346,18.09176303452195
1996-11-16,19.97037462330697,18.201947719846572
1996-11-17,19.942626026592016,18.234463702230432
1996-11-18,20.069834524124914,18.533483449353604
1996-11-19,20.09550497565985,18.62198039494247
1996-11-20,20.11781522171075,18.652807216934228
1996-11-21,20.365187270258655,18.715370080977415
1996-11-22,20.69186688661127,18.750623668134683
1996-11-23,20.85225765390597,18.97140502912346
1996-11-24,21.131847907076814,19.369465833214946
1996-11-25,21.147873008908157,19.3239039636312
1996-11-26,20.81730401612742,19.17107969882086
1996-11-27,20.62549940805376,19.480829663304448
1996-11-28,20.630994780110598,19.569168916039214
1996-11-29,20.93100072027024,19.55446796419946
1996-11-30,20.857255315097518,19.04885210967467
1996-12-01,20.68372294847171,18.985878675948292
1996-12-02,20.65714075487629,18.866239522659473
1996-12-03,20.73828393549027,18.874085807643134
1996-12-04,20.89128245355496,18.871436283563007
1996-12-05,20.973048895585652,18.706284983662453
1996-12-06,21.09340429098914,18.955882937917313
1996-12-07,21.188613893764266,19.503099872140933
1996-12-08,21.41243509289003,19.60379173178008
1996-12-09,21.59042632546273,19.797445659894873
1996-12-10,21.636694456402882,20.14538144622816
1996-12-11,21.794100945458133,20.35836198323626
1996-12-12,21.92829585720434,20.319782639579486
1996-12-13,21.969880575885014,19.939535445375764
1996-12-14,21.552685842136604,19.658146043472087
1996-12-15,21.441619076398293,19.39666714021879
1996-12-16,21.531697540318543,19.46843869867879
1996-12-17,21.669462467298132,19.466611734621402
1996-12-18,21.81848588021988,19.428626225316094
1996-12-19,21.974735342086934,19.42996732490411
1996-12-20,22.042003054939276,19.79981389401904
1996-12-21,21.989393958836935,19.916924279016914
1996-12-22,21.935071488889577,19.910581048444378
1996-12-23,21.99713733980199,19.89877255291946
1996-12-24,21.955260808192836,19.702230430458876
1996-12-25,21.8915035847932,19.560839607898853
1996-12-26,22.00119372371431,19.48577212672255
1996-12-27,22.150529046759626,19.4676175593124
1996-12-28,22.1366566422161,19.61800823980679
1996-12-29,22.289075446236406,20.28040062508879
1996-12-30,22.457734149915602,20.439043898281007
1996-12-31,22.487926573831817,20.153426623099875
1997-01-01,22.52938770821602,20.069524080125017
1997-01-02,22.58656168245188,20.05601790026993
1997-01-03,22.637689753949076,20.031757351896577
1997-01-04,22.732547811040785,20.085149879244206
1997-01-05,23.001322151207116,20.72055973859923
1997-01-06,23.067107535516776,20.70230430458872
1997-01-07,23.078161924197815,20.724359994317375
1997-01-08,23.14783037222246,20.74880522801535
1997-01-09,23.126231372321755,20.835527773831515
1997-01-10,23.20777415802897,20.66973007529479
1997-01-11,23.06321584097761,20.53539565279159
1997-01-12,23.174475796436724,20.61699104986504
1997-01-13,23.313601309732782,20.468928825117203
1997-01-14,23.292302608702887,20.44412700667709
1997-01-15,23.329369018445483,20.248225600227308
1997-01-16,23.46923402987056,20.380447506748116
1997-01-17,23.49403529324106,20.64281005824692
1997-01-18,23.524166680465008,20.555088791021458
1997-01-19,23.5419736025102,20.873749112089786
1997-01-20,23.610595050832927,20.90036937064924
1997-01-21,23.64057507782226,20.676466827674396
1997-01-22,23.865526376792406,20.686786475351617
1997-01-23,23.952938495545894,20.67272623952266
1997-01-24,24.04286530946794,21.270295496519395
1997-01-25,24.143151637579884,21.351566983946583
1997-01-26,24.352161307414676,22.03482454894161
1997-01-27,24.457279779448342,22.18646256570536
1997-01-28,24.43665308225987,21.932410853814464
1997-01-29,24.617969665860862,21.65724960931951
1997-01-30,24.75301468274997,21.615826111663587
1997-01-31,24.845169160015836,22.01857224037506
1997-02-01,25.014516922210827,22.401433442250323
1997-02-02,25.07608133672222,22.695118624804657
1997-02-03,25.109632041262376,22.78562011649382
1997-02-04,25.16886778901876,22.806972581332584
1997-02-05,25.196380393747773,23.299759909078
1997-02-06,25.208964590853395,23.161544253445097
1997-02-07,25.30718759313843,22.812591277170057
1997-02-08,25.464536191509154,22.96606051996022
1997-02-09,25.58308199076062,23.282999005540557
1997-02-10,25.64601019968869,23.280004261969037
1997-02-11,25.564386963108856,23.152068475635748
1997-02-12,25.548471226446335,22.837670123597103
1997-02-13,25.51784641272313,23.01794573092769
1997-02-14,25.55222437245421,23.179622105412697
1997-02-15,25.480558540583484,22.96840602358289
1997-02-16,25.488925431334202,22.900886489558182
1997-02-17,25.644725759181373,23.209445944026143
1997-02-18,25.944590335960502,23.310564000568274
1997-02-19,25.97700897440143,23.416310555476635
1997-02-20,26.08217863115543,23.536053416678506
1997-02-21,26.167551246812526,23.930963205000708
1997-02-22,26.009701708778934,24.05745702514561
1997-02-23,25.899154945027675,23.98683761897997
1997-02-24,25.813449928800857,23.950372211961934
1997-02-25,25.691531340033745,23.985132831368098
1997-02-26,25.647443868596206,23.861397925841736
1997-02-27,25.713255890485872,23.873321494530472
1997-02-28,25.67992780739809,23.381841170620827
1997-03-01,25.959835331324342,23.566162807216937
1997-03-02,26.297761946551,23.60799403324335
1997-03-03,26.553897469119466,23.69169910498651
1997-03-04,26.585324038811788,24.095326040630773
1997-03-05,26.82899816206916,24.229053842875416
1997-03-06,26.915108454482212,24.516135814746413
1997-03-07,26.646021355598197,24.363604205142778
1997-03-08,26.642724525615165,24.2952351186248
1997-03-09,26.898745632844356,24.285541980394942
1997-03-10,26.9643363372189,24.27010086660037
1997-03-11,26.851335376858664,24.333939480039778
1997-03-12,26.579147680233167,24.355605909930393
1997-03-13,26.50911818640929,24.68992754652649
1997-03-14,26.487178010232775,25.153949424634185
1997-03-15,26.511883320362934,25.28004261969031
1997-03-16,26.62234669420803,25.342784486432738
1997-03-17,26.604005758022307,25.050872282994746
1997-03-18,26.77822561015994,25.729757067765313
1997-03-19,26.818085136768563,25.3227702798693
1997-03-20,27.04361037520285,25.253364114220773
1997-03-21,27.34958176722851,25.779937491120904
1997-03-22,27.34110495247867,25.969879244210833
1997-03-23,27.17992221909456,25.502788748401763
1997-03-24,26.871166713580845,24.726760903537443
1997-03-25,26.864782656389696,24.13806932802955
1997-03-26,26.901547277047367,24.266948430174743
1997-03-27,26.866319729608893,24.37302031538572
1997-03-28,26.827149571977298,24.295634323057246
1997-03-29,26.89132879507897,23.81495240801251
1997-03-30,27.121801130907006,24.116596107401623
1997-03-31,27.24152883564593,23.89385424065919
1997-04-01,27.086825678047493,23.41589572382441
1997-04-02,26.889035417425575,23.28771984656912
1997-04-03,26.786206494022633,23.217008097741157
1997-04-04,26.726885990330093,23.199936070464563
1997-04-05,26.672227270093124,23.29934507742577
1997-04-06,26.6314859298937,23.090511436283574
1997-04-07,26.639129011160033,23.369231424918322
1997-04-08,26.601772982415486,23.253811620968893
1997-04-09,26.532001813093984,23.198002557181418
1997-04-10,26.46846298887309,23.14509163233414
1997-04-11,26.373642890850103,23.044399772694987
1997-04-12,26.24917394525949,23.0840815456741
1997-04-13,26.13723664602449,23.21578917459867
1997-04-14,26.24988041030559,23.458711464696684
1997-04-15,26.468795906878174,23.503555902827106
1997-04-16,26.52120645262774,23.62079982952124
1997-04-17,26.48669946517864,23.3430728796704
1997-04-18,26.510881627313996,23.32556471089644
1997-04-19,26.608787483028095,23.48236255149879
1997-04-20,26.485957690333468,23.303709333712174
1997-04-21,26.20883523197668,23.168683051569833
1997-04-22,26.17374066546343,23.48726097457026
1997-04-23,26.259504007020496,23.878984230714597
1997-04-24,26.251190453521918,23.970228725671262
1997-04-25,26.31977272162802,23.895682625372924
1997-04-26,26.37769167880912,23.857668702940753
1997-04-27,26.522999076894997,23.607901690581055
1997-04-28,26.61342801023283,23.587763886915766
1997-04-29,26.40818852038285,23.688343514703796
1997-04-30,26.280763175977707,23.726478192925136
1997-05-01,26.223125041394848,23.748006819150447
1997-05-02,26.29455533662284,23.68574513425203
1997-05-03,26.577716536410943,23.714195198181564
1997-05-04,26.730754358876684,24.114639863616993
1997-05-05,26.633845332317772,24.248957238244074
1997-05-06,26.451988897903743,24.342564284699538
1997-05-07,26.2850972571779,24.448147464128436
1997-05-08,26.482896521177572,24.462004546100303
1997-05-09,26.501886797529565,24.317113226310553
1997-05-10,26.36725545997945,24.293290240090922
1997-05-11,26.281733139881453,24.36169768433016
1997-05-12,26.227267443785834,23.995962494672543
1997-05-13,26.367349695333964,23.76457167211252
1997-05-14,26.51646469434042,24.037388833641145
1997-05-15,26.645267141603412,24.347651655064638
1997-05-16,26.71668609464519,24.66722261684899
1997-05-17,26.638661973871585,24.860937633186534
1997-05-18,26.356691103420918,24.73622673675239
1997-05-19,26.148061479617187,24.644648387555055
1997-05-20,26.363473792926477,24.85670123597102
1997-05-21,26.54676551064679,24.85545389970166
1997-05-22,26.728952544954804,24.686821991760198
1997-05-23,26.660083162234653,24.423945162665156
1997-05-24,26.641085538298512,24.463974996448364
1997-05-25,26.547443226976196,24.49864753516125
1997-05-26,26.492418824717635,24.52836198323626
1997-05-27,26.45922022469118,24.365846000852397
1997-05-28,26.3065251515051,24.1953928114789
1997-05-29,26.105053792595278,24.43237391674954
1997-05-30,25.980492702089574,24.534145475209545
1997-05-31,26.201155516276415,24.203983520386423
1997-06-01,26.169753659303908,23.735252166500935
1997-06-02,26.01612995496245,23.66382014490695
1997-06-03,25.862044636056567,23.729350760051144
1997-06-04,25.862883047156924,24.174144054553206
1997-06-05,25.832685221214096,24.178852109674676
1997-06-06,25.947778877040793,24.087432873987783
1997-06-07,25.985959946352292,24.274767722687887
1997-06-08,26.09003812464818,24.792024435289118
1997-06-09,26.314042558035627,24.644469384855807
1997-06-10,26.393067895817534,24.521740304020458
1997-06-11,26.263850506672885,24.437101861059816
1997-06-12,26.169942875120103,24.141166358857795
1997-06-13,25.872110164089108,24.052846995311832
1997-06-14,25.884280723250658,24.14013638300895
1997-06-15,25.817251175613464,23.971917886063355
1997-06-16,25.778709308871804,23.677721267225465
1997-06-17,25.858959561380292,23.631304162523094
1997-06-18,25.793995057456044,23.53241085381447
1997-06-19,25.787620935026702,23.779612160818303
1997-06-20,25.777622487333154,23.531470379315245
1997-06-21,25.837110019207127,23.86623810200313
1997-06-22,25.770837790177843,23.93659326608893
1997-06-23,25.69062709043946,23.838987072027276
1997-06-24,25.817560395072334,24.091909362125303
1997-06-25,26.07852023793755,24.497766728228438
1997-06-26,26.28387745471412,24.76134678221338
1997-06-27,26.270001469516846,24.687324904105704
1997-06-28,26.092316455277103,24.02430174740731
1997-06-29,25.996291291353476,23.724986503764743
1997-06-30,26.036532416299675,23.52043756215372
1997-07-01,25.941749035500308,23.510474499218645
1997-07-02,25.75813458290558,23.643801676374487
1997-07-03,25.603981955989035,23.573689444523367
1997-07-04,25.535484298936996,23.593023156698397
1997-07-05,25.52949895685004,23.752551498792442
1997-07-06,25.533720713150284,23.7660662025856
1997-07-07,25.57727611600494,23.822785907089074
1997-07-08,25.681458257442767,24.032778803807364
1997-07-09,25.742426089512232,23.61143770421935
1997-07-10,25.644223350001585,23.65158261116636
1997-07-11,25.58320969384379,23.82410853814462
1997-07-12,25.532183702023413,23.837938627645972
1997-07-13,25.52661487482205,23.923111237391684
1997-07-14,25.481157068583002,23.885362977695692
1997-07-15,25.436352514322657,23.78230572524507
1997-07-16,25.51712653574853,23.716448359141932
1997-07-17,25.689926606947758,23.996178434436715
1997-07-18,25.772195147696827,24.122748970024155
1997-07-19,25.674150453687485,23.84241369512715
1997-07-20,25.577431160380154,23.846152862622535
1997-07-21,25.58577785044873,23.88709759909079
1997-07-22,25.498542446269575,23.8986461145049
1997-07-23,25.317702751928902,23.666269356442672
1997-07-24,25.227247346590723,23.51198891888053
1997-07-25,25.196002376063788,23.371937775252178
1997-07-26,25.193168671556737,23.2436311976133
1997-07-27,25.125786046627166,23.285533456456882
1997-07-28,25.012459536543435,23.11284415399915
1997-07-29,24.929068264231553,23.04764028981389
1997-07-30,24.921808685465543,23.364686745276327
1997-07-31,24.864129425108423,23.3836937064924
1997-08-01,24.932773433619264,23.430544111379458
1997-08-02,25.090048597542847,23.315705355874414
1997-08-03,25.0631894724641,22.875399914760628
1997-08-04,24.976331175282304,22.602447790879385
1997-08-05,24.949725697089157,22.647481176303458
1997-08-06,24.978009984435552,22.807023724960942
1997-08-07,25.041780536973857,23.206108822275887
1997-08-08,25.133105647912036,23.61744281858219
1997-08-09,25.120645883697055,23.84806080409149
1997-08-10,25.04920530185118,23.664925415541983
1997-08-11,25.08498151720371,23.890446086091778
1997-08-12,25.104286311554144,23.894580196050583
1997-08-13,25.046260969632826,23.26462139508453
1997-08-14,25.071165947776255,23.291628072169345
1997-08-15,24.904320234625963,23.234253445091632
1997-08-16,24.837455210782608,23.158511152152297
1997-08-17,24.746964744014285,22.904672538712887
1997-08-18,24.754663025300594,22.88318084955249
1997-08-19,24.640946430936857,22.48988634749254
1997-08-20,24.463669507732597,22.198808069328038
1997-08-21,24.348250136602964,22.105622957806514
1997-08-22,24.374994246117144,21.929210115073165
1997-08-23,24.363719657581896,21.591645120045463
1997-08-24,24.215521906149654,21.293055831794295
1997-08-25,23.98621224790545,21.152675095894303
1997-08-26,23.89320586482105,21.05389259838046
1997-08-27,23.851015994966428,20.955182554340116
1997-08-28,23.80319731678641,20.946059099303884
1997-08-29,23.822807791336807,20.962923710754374
1997-08-30,23.831459313011234,21.042115357295067
1997-08-31,23.767646082392268,21.21371927830658
1997-09-01,23.900803453157597,21.192463418099162
1997-09-02,24.16511772692652,21.59235260690439
1997-09-03,24.257110991985925,21.854163943742005
1997-09-04,24.43904673891444,22.100660605199607
1997-09-05,24.52858615922111,22.59318653217787
1997-09-06,24.51539285773425,22.512589856513717
1997-09-07,24.53601603636123,22.347126012217643
1997-09-08,24.418651314700142,22.295006392953546
1997-09-09,24.358688528661744,22.1174300326751
1997-09-10,24.27626252193927,22.077307856229584
1997-09-11,24.176875393250963,21.916117346213962
1997-09-12,24.18254071182576,21.648413126864614
1997-09-13,24.30451447991525,21.891851115215232
1997-09-14,24.22875815478356,22.12592697826397
1997-09-15,24.102235486968947,22.17299332291519
1997-09-16,24.0625069129384,22.196770848131838
1997-09-17,23.970595609663224,22.12360136383009
1997-09-18,24.09563677683218,22.351403608467116
1997-09-19,24.239615814484864,22.387079130558313
1997-09-20,24.33306443934826,22.087780934791873
1997-09-21,24.385741774845183,21.73450916323341
1997-09-22,24.478717981090885,21.728275323199323
1997-09-23,24.53665119879452,21.996557749680356
1997-09-24,24.565441993409944,22.41237675806223
1997-09-25,24.40850846110543,22.09306435573235
1997-09-26,24.208722575918124,21.82672822844154
1997-09-27,24.17803542156506,21.734563148174452
1997-09-28,24.2390001904163,21.70543116920018
1997-09-29,24.214128907672972,20.906942747549365
1997-09-30,24.132000405669444,21.12011081119477
1997-10-01,24.212353462264478,21.654277596249468
1997-10-02,24.171410922442654,21.73160107969882
1997-10-03,24.20136095887006,21.684169626367385
1997-10-04,24.30267785293246,21.660652081261542
1997-10-05,24.324406335894274,22.12018042335559
1997-10-06,24.205640957710997,22.30067623241938
1997-10-07,24.138065412127037,22.444169626367376
1997-10-08,24.207468953869572,22.261915044750673
1997-10-09,24.296982543795746,22.12780082398068
1997-10-10,24.363190838493914,22.12621963347067
1997-10-11,24.444226765076042,21.89703935218071
1997-10-12,24.58679018197171,22.06898991333996
1997-10-13,24.56789848743257,22.174563148174453
1997-10-14,24.22881486571515,22.265550504333
1997-10-15,24.046491124946154,22.30385566131553
1997-10-16,24.14458311256081,22.19407728370507
1997-10-17,24.35270664304405,22.164288961500215
1997-10-18,24.76130553117858,23.045561869583747
1997-10-19,24.706067531542924,22.961403608467112
1997-10-20,24.56036266019804,22.702986219633477
1997-10-21,24.61423496125446,22.72133541696264
1997-10-22,24.86738185912513,22.893425202443535
1997-10-23,24.92330200433817,22.905280579627792
1997-10-24,24.82942007898141,22.95181133683762
1997-10-25,24.7967701675663,22.98880380735899
1997-10-26,24.75417605639638,22.91530188947294
1997-10-27,24.819347327549135,23.25374200880808
1997-10-28,24.905810552372767,23.68375195340247
1997-10-29,24.961545083120832,23.74650092342663
1997-10-30,25.02165186111205,23.74976275039068
1997-10-31,24.964980854886296,23.724362835630064
1997-11-01,24.928402179852313,23.66351328313682
1997-11-02,24.948211970560045,23.824010512856947
1997-11-03,25.016276306421116,23.85263247620401
1997-11-04,25.068711854654435,23.92085949708766
1997-11-05,25.123043472861518,24.360703224889903
1997-11-06,25.253545716461847,24.393868447222626
1997-11-07,25.34718703430802,24.357174314533317
1997-11-08,25.382841507434538,24.167390254297494
1997-11-09,25.54202217935555,24.120778519676094
1997-11-10,25.52977673692748,24.111882369654786
1997-11-11,25.397596160214604,24.08084813183691
1997-11-12,25.390967252541593,24.6675451058389
1997-11-13,25.476161953174156,24.835917033669556
1997-11-14,25.455319733748446,24.456671402187812
1997-11-15,25.29163807663016,24.287157266657193
1997-11-16,25.282514032850944,25.07884074442393
1997-11-17,25.235435390932917,25.20500781360989
1997-11-18,25.276476326290748,25.303693706492407
1997-11-19,25.60827919578109,25.337994033243366
1997-11-20,25.7413680580852,25.303280295496528
1997-11-21,25.624471305096463,24.52068759767012
1997-11-22,25.60347617312982,24.18428043756216
1997-11-23,25.316820896943447,24.09048018184401
1997-11-24,25.302639914561116,24.239619264100007
1997-11-25,25.910443235255173,25.96613297343373
1997-11-26,26.104130894625357,25.957547947151586
1997-11-27,25.934252284995207,25.947381730359428
1997-11-28,25.757592351889265,26.01204574513426
1997-11-29,25.87478822399574,25.311092484727947
1997-11-30,26.097530921945975,25.15731353885495
1997-12-01,26.126281356591683,25.33047023724962
1997-12-02,26.13365816554623,25.045560448927407
1997-12-03,26.234552211312458,25.354514845858787
1997-12-04,26.417787818326325,25.59857934365678
1997-12-05,26.38915554525285,25.652351186248048
1997-12-06,26.189884446302557,25.4788165932661
1997-12-07,26.085101500149005,25.381301321210398
1997-12-08,26.162342409842047,25.284489274044613
1997-12-09,26.55930636735432,25.233435147037937
1997-12-10,26.726354646156903,25.430760051143633
1997-12-11,26.893013772063412,26.068374769143357
1997-12-12,26.747765527204695,26.06539849410428
1997-12-13,26.691625037255378,26.0938087796562
1997-12-14,26.674830633009915,26.342763176587585
1997-12-15,26.50421157316954,25.819359283989204
1997-12-16,26.46308793092029,25.50628214234977
1997-12-17,26.535705844123587,25.494263389686036
1997-12-18,26.56086821538561,25.440794146895872
1997-12-19,26.640736434910693,25.651903679499934
1997-12-20,26.806562758717746,26.512636738173043
1997-12-21,26.794378208100106,26.368748401761625
1997-12-22,26.79472526244326,26.116689870720272
1997-12-23,26.671309008345165,26.192744708055127
1997-12-24,26.585163281948613,26.069900554055973
1997-12-25,26.638148346690084,26.19095326040631
1997-12-26,27.146806367354333,26.291750248614868
1997-12-27,27.388506474152997,26.043153857081975
1997-12-28,27.304713899559594,26.030346640147748
1997-12-29,27.132350895784292,26.493953686603213
1997-12-30,27.040861261052534,26.63760477340532
1997-12-31,27.021522543630226,26.65331297059241
1998-01-01,26.94951259645005,26.479798266799264
1998-01-02,27.02727698529655,26.39554766302032
1998-01-03,27.210783335265127,26.42674527631766
1998-01-04,27.270995732192006,26.503800255718158
1998-01-05,27.253425505844955,26.48635743713596
1998-01-06,27.401136536742083,26.451692001704796
1998-01-07,27.659652428221438,27.21913482028698
1998-01-08,27.674238810974682,27.5230231566984
1998-01-09,27.663692399079345,27.490883648245486
1998-01-10,27.483947163625505,27.007476914334436
1998-01-11,27.381584428916813,26.916934223611317
1998-01-12,27.261619780110678,26.891250177582055
1998-01-13,27.397832028016072,27.073730643557326
1998-01-14,27.46873371113026,27.28789316664299
1998-01-15,27.446171825843606,27.09728654638443
1998-01-16,27.4466383870914,27.01334706634465
1998-01-17,27.376877752756958,26.817677226878835
1998-01-18,27.312590282147237,26.96896718283847
1998-01-19,27.19182104182534,26.84920869441682
1998-01-20,27.079008324502468,26.66175593124024
1998-01-21,27.127120492101792,26.613648245489415
1998-01-22,27.449053175812182,26.85025855945447
1998-01-23,27.7652988707488,26.912891035658483
1998-01-24,27.831186500314622,26.591369512714884
1998-01-25,27.728459987747094,26.603097030828245
1998-01-26,27.617793489419512,27.120137803665294
1998-01-27,27.52396666059539,27.21080267083392
1998-01-28,27.36678206858298,27.02302031538571
1998-01-29,27.372790405503796,26.487513851399353
1998-01-30,27.64144801221972,26.757441397925845
1998-01-31,27.789661369506867,27.01219349339396
1998-02-01,27.790786708944626,27.383905384287537
1998-02-02,27.719042454548433,27.23624946725387
1998-02-03,27.679397208331935,26.96798692996165
1998-02-04,28.16542137877938,28.303736326182698
1998-02-05,28.1347381983309,28.356706918596394
1998-02-06,28.10156656704317,28.28840034095752
1998-02-07,28.141977845481314,27.78723114078705
1998-02-08,28.130530019538284,27.72260974570251
1998-02-09,28.134058205285314,27.65850404887058
1998-02-10,27.90271442527402,27.63226594686746
1998-02-11,27.90647417375892,27.65862054269072
1998-02-12,28.056638676855297,27.692729080835353
1998-02-13,27.962223358280625,27.06928825117204
1998-02-14,28.113511027585492,28.0854354311692
1998-02-15,28.20458551346162,28.352234692427917
1998-02-16,28.10450102659201,27.977449921863908
1998-02-17,28.03250382902277,27.61099445944026
1998-02-18,27.89979265324371,27.487738315101574
1998-02-19,27.82521074113318,27.287559312402337
1998-02-20,27.85064352419114,27.61845432589856
1998-02-21,27.85627510597079,27.8013538854951
1998-02-22,27.951075520747064,28.070616564852966
1998-02-23,28.1280565329337,28.145026282142354
1998-02-24,28.138673440242314,28.099950277027993
1998-02-25,28.130999126568867,28.38721125159823
1998-02-26,28.15539085008444,28.424233555902827
1998-02-27,28.097032486670866,28.140312544395517
1998-02-28,28.61049257790509,28.209965904247767
1998-03-01,28.77845903566577,28.482693564426757
1998-03-02,28.804734203728895,28.823849978690163
1998-03-03,28.641399600953747,28.412533030259983
1998-03-04,28.533374321124615,28.267140218781073
1998-03-05,28.4730412375402,28.12311407870437
1998-03-06,28.68237546362217,27.9315641426339
1998-03-07,28.739360118554846,28.05146043472085
1998-03-08,28.680469479584133,28.03613013212104
1998-03-09,28.831736906811958,28.22220343798835
1998-03-10,28.823205823426125,28.172013070038357
1998-03-11,28.788668741927978,28.117317800823987
1998-03-12,28.75248754015295,28.123499076573374
1998-03-13,28.741165595920137,28.10072453473505
1998-03-14,28.764081800344442,28.455792015911353
1998-03-15,28.701144795012738,28.45638016763745
1998-03-16,28.491486261052366,28.450939053842873
1998-03-17,28.66256908798893,28.54644267651656
1998-03-18,28.685823653839712,28.66166216792158
1998-03-19,28.56422854505411,28.642983378320793
1998-03-20,28.521652523429385,28.729387697116078
1998-03-21,28.353136404278487,28.39558033811621
1998-03-22,28.222466615061045,28.073865605909933
1998-03-23,28.517700640792167,29.613702230430466
1998-03-24,28.407083423022208,29.58923284557466
1998-03-25,28.259021301784923,28.931147890325338
1998-03-26,28.09257432443622,27.790950419093626
1998-03-27,28.081787656886455,27.588867736894446
1998-03-28,28.096288331622365,27.453368376189797
1998-03-29,28.28966977265956,28.149867878960084
1998-03-30,28.569007186144344,28.671071174882794
1998-03-31,28.64327917508356,28.793649666145754
1998-04-01,28.591976003410917,28.734666856087514
1998-04-02,28.559111852998637,28.55119903395369
1998-04-03,28.565694439844936,28.27401619548231
1998-04-04,28.56169983773218,28.05935644267652
1998-04-05,28.591453041692862,27.999205853104144
1998-04-06,28.589433097658667,27.806280721693426
1998-04-07,28.539016520680867,27.578333570109386
1998-04-08,28.681020382819437,27.266897286546392
1998-04-09,28.766384367652456,27.137809347918747
1998-04-10,28.73447892174723,27.338340673391112
1998-04-11,28.70291730138753,27.64310129279728
1998-04-12,28.726947006325123,27.907059241369517
1998-04-13,28.778746233069462,27.589177439977274
1998-04-14,28.818938926052304,27.39588719988635
1998-04-15,28.604615007285453,25.843723540275608
1998-04-16,28.376493960492763,25.746760903537435
1998-04-17,28.1057243476173,25.572246057678647
1998-04-18,27.92322701758455,25.441338258275326
1998-04-19,27.71678500761664,25.14952408012502
1998-04-20,27.450417466966908,24.929798266799267
1998-04-21,27.347449932940354,24.944433868447227
1998-04-22,27.27870084362678,25.30223185111521
1998-04-23,27.286930179322358,25.40697826395795
1998-04-24,27.361622553564963,25.352271629492826
1998-04-25,27.439373406298653,24.972469100724535
1998-04-26,27.547069472960953,25.15117204148316
1998-04-27,27.507749217637517,25.293442250319654
1998-04-28,27.29239264248102,25.0056357437136
1998-04-29,27.185427360333847,24.695587441397937
1998-04-30,27.38411398483294,24.68789884926836
1998-05-01,27.435647518793207,24.451822702088368
1998-05-02,27.398929260356987,24.403243358431595
1998-05-03,27.346326000927185,24.417715584600092
1998-05-04,27.430788695896965,24.54804375621537
1998-05-05,27.616151997715,25.783864185253595
1998-05-06,27.758709101897544,26.992592697826396
1998-05-07,27.884862444944883,27.125118624804657
1998-05-08,27.97046002086303,27.454635601647958
1998-05-09,27.947327963042614,27.053358431595395
1998-05-10,28.039410413286063,27.016022162238954
1998-05-11,28.01349937493782,26.902297201307007
1998-05-12,27.92843715849247,26.87522801534309
1998-05-13,27.769397642977786,26.69154709475778
1998-05-14,27.605161501970414,26.382095468106268
1998-05-15,27.491784593668285,26.278089217218355
1998-05-16,27.466017236811556,26.31643841454752
1998-05-17,27.56107340961026,26.630390680494386
1998-05-18,27.71612059972846,26.976019320926266
1998-05-19,27.737657341789003,27.246833357010942
1998-05-20,27.66011712670126,27.205684046029265
1998-05-21,27.614089044441492,26.37749822417957
1998-05-22,27.57748311090509,26.030225884358583
1998-05-23,27.54339750223528,25.982193493393957
1998-05-24,27.26854321207402,25.960552635317523
1998-05-25,26.910085811504477,25.887205568972878
1998-05-26,26.816020175845324,25.614533314391252
1998-05-27,27.107076385899244,25.63275181133685
1998-05-28,27.15435057704411,25.458576502344087
1998-05-29,26.98443173162898,24.85530757209832
1998-05-30,26.807825694605455,24.568842165080266
1998-05-31,26.72426459996035,24.295537718425912
1998-06-01,26.494772928602107,23.41024293223469
1998-06-02,26.359777833890792,23.748640431879526
1998-06-03,26.300829138656162,23.854053132547236
1998-06-04,26.345419495314083,24.222763176587595
1998-06-05,26.29139032850946,24.380788464270488
1998-06-06,26.270916668046556,24.339718710044046
1998-06-07,26.17309647895484,24.254020457451343
1998-06-08,26.042582789681088,22.342859781218923
1998-06-09,25.88670627462993,22.182544395510735
1998-06-10,25.765312324071925,22.4257735473789
1998-06-11,25.720735420737164,22.223739167495378
1998-06-12,25.67186632778089,22.12662594118483
1998-06-13,25.460681545352198,22.132193493393945
1998-06-14,25.16804562539323,21.541065492257424
1998-06-15,25.003304446633805,21.22880664867169
1998-06-16,24.798887410173215,21.294587299332292
1998-06-17,24.692017708712772,21.535988066486716
1998-06-18,24.53724978888636,21.327938627645974
1998-06-19,24.381111865417108,21.11913766159966
1998-06-20,24.260486803324884,20.878376189799685
1998-06-21,24.255681027916648,20.66177866174172
1998-06-22,24.259406853329786,20.4624051711891
1998-06-23,24.18669344222939,20.589583747691435
1998-06-24,24.11304428006097,20.837231140787043
1998-06-25,23.96410034523299,20.568718567978404
1998-06-26,23.990200495910187,20.134318795283423
1998-06-27,23.98519368645895,20.188460008523936
1998-06-28,23.82739231132226,20.443992044324478
1998-06-29,23.868706328443228,20.527995453899706
1998-06-30,23.865736579792603,20.460855235118622
1998-07-01,23.73945870036759,20.02433300184686
1998-07-02,23.54346058797226,19.806732490410575
1998-07-03,23.422837843991147,19.885490836766593
1998-07-04,23.409997185150914,19.935824691007245
1998-07-05,23.602477626088657,20.288421650802672
1998-07-06,23.700744465509825,20.397042193493398
1998-07-07,23.805832305361463,20.656270777099024
1998-07-08,23.763767178858874,20.744153999147606
1998-07-09,23.78785607841842,20.876459724392674
1998-07-10,23.72920163840781,20.71109106407161
1998-07-11,23.706196455773757,20.56586731069755
1998-07-12,23.64679850233474,20.335067481176303
1998-07-13,23.714605486472223,20.38607472652366
1998-07-14,23.514183341888288,20.86978974286121
1998-07-15,23.499568707156303,21.092981957664442
1998-07-16,23.476578902705626,20.997643131126583
1998-07-17,23.33142478971424,20.70054837334849
1998-07-18,23.116880981554477,20.398602074158266
1998-07-19,23.065711328939955,20.274341525784916
1998-07-20,23.095057580223195,20.130196050575364
1998-07-21,23.107058937973946,20.1741341099588
1998-07-22,23.075201137530254,20.157327745418385
1998-07-23,22.978205326688062,19.72987782355449
1998-07-24,22.96197039441003,19.683044466543542
1998-07-25,22.972275971122965,19.67984088648956
1998-07-26,23.070758746729833,19.70659610740162
1998-07-27,23.225654907772306,19.617851967609038
1998-07-28,23.439850792297328,19.921683477766734
1998-07-29,23.490785342914887,20.512260264242077
1998-07-30,23.459663977381936,20.701031396505183
1998-07-31,23.404794226247724,20.84281716152863
1998-08-01,23.099959019107814,20.21086660036937
1998-08-02,22.877301325462746,19.764209404744992
1998-08-03,22.734142402390933,19.71590993038784
1998-08-04,22.66333507881575,19.56395936922858
1998-08-05,22.58317721959136,19.650734479329454
1998-08-06,22.573368236083095,19.78757493962211
1998-08-07,22.691098039540336,19.745054695269218
1998-08-08,22.657013238070075,19.792936496661458
1998-08-09,22.398177323078418,19.451736042051433
1998-08-10,22.042394939894663,18.687954254865748
1998-08-11,21.925927782561182,18.42580053984941
1998-08-12,21.904132571116378,18.11772410853814
1998-08-13,21.78991162201537,18.24034806080409
1998-08-14,21.60548340894793,18.315402756073304
1998-08-15,21.515260125178035,18.297671544253447
1998-08-16,21.44959774563693,18.45414263389687
1998-08-17,21.469401575487616,18.531535729507034
1998-08-18,21.458404932609206,18.485617275181138
1998-08-19,21.488016255753895,18.148870578207134
1998-08-20,21.659677658376594,18.167949992896723
1998-08-21,21.729162416796324,17.817381730359426
1998-08-22,21.673399075239264,17.97365819008382
1998-08-23,21.505355354008664,18.279826679926124
1998-08-24,21.369428378646873,18.386438414547527
1998-08-25,21.156086304103045,18.209693138229863
1998-08-26,21.17989607825278,18.07502344082966
1998-08-27,21.56679676375135,18.45395794857224
1998-08-28,21.58950284796501,18.64117062082682
1998-08-29,21.660704519488696,18.91714021878107
1998-08-30,21.732488326655027,18.883467822133827
1998-08-31,21.679517336159176,19.0326750958943
1998-09-01,21.699368873563653,18.912875408438698
1998-09-02,21.770602439811956,18.715625799119195
1998-09-03,21.723286708944546,18.82087796562011
1998-09-04,21.61682983822897,18.88005824691007
1998-09-05,21.348817742656525,18.854871430600934
1998-09-06,21.146199932940387,18.437405881517265
1998-09-07,20.916626837930902,17.939903395368663
1998-09-08,20.641826733615893,18.131325472368236
1998-09-09,20.725497917839547,18.41459866458304
1998-09-10,20.731141069477143,18.64169626367382
1998-09-11,20.748451543199607,18.766726807785194
1998-09-12,20.865312572441013,19.08748685892883
1998-09-13,20.83800131221644,19.079357863332863
1998-09-14,20.786653289233996,18.50161386560591
1998-09-15,20.914729153558305,18.37884358573661
1998-09-16,21.042648379805936,18.171987498224183
1998-09-17,21.239724620823264,18.670034095752236
1998-09-18,21.251690565287902,18.88908509731496
1998-09-19,21.1174798407127,18.786510868021033
1998-09-20,20.885520208961157,18.557395936922862
1998-09-21,20.694247897142056,18.75581190510016
1998-09-22,20.705398632314402,18.923075720983093
1998-09-23,20.837511155909553,18.880156272197755
1998-09-24,20.86608133672219,18.37525642846995
1998-09-25,20.95392495529353,18.397188521096744
1998-09-26,21.101557439480768,18.851861059809632
1998-09-27,21.427581961784284,18.975112942179287
1998-09-28,21.438649679603923,18.757628924563154
1998-09-29,21.420675481008043,18.738119051001565
1998-09-30,21.475849980958337,19.03805512146612
1998-10-01,21.515968163228166,19.237245347350473
1998-10-02,21.600031439381393,19.238406023582897
1998-10-03,21.756007695300898,19.959947435715303
1998-10-04,21.877051217836186,20.104300326750963
1998-10-05,21.944857643143333,20.23887910214519
1998-10-06,21.90101378034238,20.256625941184833
1998-10-07,21.71233224740861,19.68426054837335
1998-10-08,21.728680787826544,19.26894445233698
1998-10-09,21.717066699506514,19.282562864043186
1998-10-10,21.860079871344883,19.26300184685325
1998-10-11,21.753823724211024,18.715824691007246
1998-10-12,21.706765965989973,18.762477624662594
1998-10-13,21.657286112858912,18.764632760335278
1998-10-14,21.666956051097756,18.64869015485154
1998-10-15,21.66763716180412,18.79886347492542
1998-10-16,21.571970497897087,18.992584173888336
1998-10-17,21.48922376395008,19.041416394374203
1998-10-18,21.435387683379158,18.9177226878818
1998-10-19,21.481302550750083,18.53114220769996
1998-10-20,21.58528910156635,18.682405171189092
1998-10-21,21.682663095671693,18.647454183832934
1998-10-22,21.722969893532447,18.599649097883226
1998-10-23,21.6912113993112,18.367522375337412
1998-10-24,21.736826940590138,18.072881091064072
1998-10-25,21.83108804268637,18.056425628640433
1998-10-26,21.839001556446025,18.168221338258277
1998-10-27,21.842672989038626,18.427275181133684
1998-10-28,21.911911199788076,18.479829521238813
1998-10-29,21.951501763420197,18.54756783634039
1998-10-30,21.919454022750624,18.58870578207132
1998-10-31,21.864054603934175,18.62240517118909
1998-11-01,21.863739195946618,19.003210683335702
1998-11-02,21.70330117644133,18.92680352322773
1998-11-03,21.549869378580702,18.710036937064928
1998-11-04,21.40962241696196,18.563797414405453
1998-11-05,21.246751519190724,18.655318937349055
1998-11-06,21.1234889434381,18.534280437562156
1998-11-07,21.16046453290062,18.41784060235829
1998-11-08,21.229361256912977,18.357920159113508
1998-11-09,21.18784630923602,18.4107032248899
1998-11-10,21.253691902341266,18.617225458161673
1998-11-11,21.350666125774087,18.635732348344945
1998-11-12,21.470215377355373,18.69621253018895
1998-11-13,21.53486544607081,18.665286262253158
1998-11-14,21.570340451866095,18.731524364256284
1998-11-15,21.472053059906628,18.761929251314104
1998-11-16,21.444398036228772,18.86728654638443
1998-11-17,21.66069677865348,20.211716152862618
1998-11-18,21.725450955392905,19.953457877539424
1998-11-19,21.67855515448555,19.539786901548517
1998-11-20,21.684014450938783,19.3422773121182
1998-11-21,21.672176333741714,18.904175308992755
1998-11-22,21.631060121866337,18.66064639863617
1998-11-23,21.380886822366445,18.50200738741298
1998-11-24,21.25771272808553,18.296044892740447
1998-11-25,21.184955500546444,18.197094757778093
1998-11-26,21.214118289896337,17.896343230572523
1998-11-27,21.254291796370484,17.85881943457878
1998-11-28,21.784168688114704,18.575493678079273
1998-11-29,21.88929796420171,18.63323341383719
1998-11-30,21.84066887853097,18.610200312544393
1998-12-01,21.742421432592632,18.633818724250606
1998-12-02,21.84201818475342,18.76277738315102
1998-12-03,21.96156509752624,18.76049154709476
1998-12-04,22.089033078617124,19.02539707344794
1998-12-05,22.16806172798628,19.142021593976416
1998-12-06,22.330094587210702,20.03179286830516
1998-12-07,22.506369362022763,19.791034237817875
1998-12-08,22.75479969036666,19.877691433442255
1998-12-09,22.958424615855872,20.081216081829805
1998-12-10,23.304616290525587,20.209586589004118
1998-12-11,23.374774998344243,20.195631481744574
1998-12-12,23.322478660959778,20.191829805370084
1998-12-13,23.250460062257847,20.1757280863759
1998-12-14,23.219689083352673,20.116921437704217
1998-12-15,23.06605202917507,19.75612018752664
1998-12-16,23.106728710633497,20.950769995738035
1998-12-17,23.176225183793044,21.09960505753658
1998-12-18,23.365083327814006,21.108182980537016
1998-12-19,23.534462363811016,21.103294502059956
1998-12-20,23.609446882140652,21.095872993322914
1998-12-21,23.513966701990253,20.78245915613013
1998-12-22,23.3500426780806,20.671954823128285
1998-12-23,23.356482059476093,20.546077567836342
1998-12-24,23.658715311123622,20.86353317232562
1998-12-25,23.65989413269527,20.840392101150734
1998-12-26,23.56166624581914,20.778563716436995
1998-12-27,23.658497905421086,20.69540985935502
1998-12-28,23.736314099910608,20.513297343372635
1998-12-29,23.58883312083987,20.46088933087086
1998-12-30,23.3538032544624,20.44393521807075
1998-12-31,22.98176526227767,20.414033243358432
1999-01-01,23.103839081696876,20.218455746554913
1999-01-02,23.24655570089742,20.04257138798125
1999-01-03,23.561482411332268,20.05492399488564
1999-01-04,23.504243778355463,20.327729791163517
1999-01-05,23.31606566877511,20.67121750248615
1999-01-06,23.073743480312608,20.885195340247193
1999-01-07,23.297045795112087,21.009171757351893
1999-01-08,23.694266110871993,20.966517971302743
1999-01-09,23.69951493525849,20.72
1999-01-10,23.70393780839157,20.48430458871999
1999-01-11,23.594692001688863,20.601585452479046
1999-01-12,23.71263898317717,20.647863332859778
1999-01-13,24.010713874722654,20.588719988634747
1999-01-14,23.96347344107039,20.70412700667709
1999-01-15,23.85203422525414,20.606719704503487
1999-01-16,23.6468630782859,20.51589146185538
1999-01-17,23.317968465410466,20.408066486716866
1999-01-18,23.415349786402665,20.49140360846711
1999-01-19,23.602130882206826,20.251731780082395
1999-01-20,23.81464402506871,20.855468106265104
1999-01-21,23.829501130079098,20.9672297201307
1999-01-22,23.791853433288054,20.927556471089652
1999-01-23,23.752563416895725,21.299489984372773
1999-01-24,23.760535318077995,21.69014348629067
1999-01-25,23.720279001225286,21.767958516834778
1999-01-26,23.882320222207554,22.015988066486717
1999-01-27,24.041211192337016,22.216296348913207
1999-01-28,24.46836498658805,22.711977553629787
1999-01-29,24.590912839023694,22.539588009660466
1999-01-30,24.612774530582517,22.540527063503344
1999-01-31,24.687025532337632,22.96877539423214
1999-02-01,24.700640274696198,22.94736894445234
1999-02-02,24.884909655760495,22.870948998437285
1999-02-03,25.024305518760183,22.837437135956822
1999-02-04,25.156959155710812,22.832461997442824
1999-02-05,25.20350101003414,22.87012359710187
1999-02-06,25.26934627198065,23.1533911066913
1999-02-07,25.20427209242643,22.746513709333712
1999-02-08,25.0252802844654,22.57631055547663
1999-02-09,24.85237074461043,22.24419377752521
1999-02-10,25.032298634798146,22.253291660747266
1999-02-11,25.06126757210982,22.34820997300753
1999-02-12,25.12779357220912,22.41057252450633
1999-02-13,25.31489113156934,23.079002699247056
1999-02-14,25.40457088038536,23.21446654354312
1999-02-15,25.435044333874185,23.38950561159256
1999-02-16,25.542798477497772,23.459681772979124
1999-02-17,25.9209768975394,23.492535871572667
1999-02-18,26.0929382471769,23.63957806506606
1999-02-19,26.173135203828256,24.247080551214665
1999-02-20,26.14811814915388,24.522467680068196
1999-02-21,26.060041539722516,24.605307572098305
1999-02-22,26.21442221081567,24.88904816025005
1999-02-23,26.289057936218782,24.764000568262542
1999-02-24,26.277886524323517,24.65309276885921
1999-02-25,26.099981041163012,24.847574939622106
1999-02-26,26.281146885452245,24.977485438272485
1999-02-27,26.540172512997977,25.117813609887772
1999-02-28,26.75487962380372,25.178056542122462
1999-03-01,26.933570884525004,25.19724392669413
1999-03-02,26.995373898897256,25.17699673249042
1999-03-03,27.024521268669076,25.43124449495668
1999-03-04,26.974434380898735,25.679697400198886
1999-03-05,26.9662903392721,25.46578775394232
1999-03-06,26.95836088849886,25.1252578491263
1999-03-07,27.057461378613795,24.949928967182842
1999-03-08,27.000889119780066,24.61284841596818
1999-03-09,26.8885595009438,24.506350333854243
1999-03-10,26.563616750008325,23.94468532461998
1999-03-11,26.196428805013742,23.789266941326897
1999-03-12,25.96823660049014,23.176918596391538
1999-03-13,26.061014732423782,23.254864327319222
1999-03-14,26.217074688710838,23.12417957096179
1999-03-15,26.36335273371523,22.56267651655065
1999-03-16,26.541580165248206,23.124686745276318
1999-03-17,26.725105370566613,22.974016195482317
1999-03-18,26.79396415620756,22.696831936354588
1999-03-19,26.71664078799217,22.66544821707629
1999-03-20,26.58172910388448,22.726526495240805
1999-03-21,26.512965464284537,22.698617701378033
1999-03-22,26.435869436533366,22.7636212530189
1999-03-23,26.47613895834022,22.70646256570536
1999-03-24,26.441488951717044,22.704436709759907
1999-03-25,26.280077863695052,22.67934791873846
1999-03-26,26.097760373547008,22.488018184401184
1999-03-27,26.28821286054901,22.3539792584174
1999-03-28,26.255650457826977,22.30228441539992
1999-03-29,25.950975945458193,21.841316948430183
1999-03-30,25.89726433917276,21.615666998153156
1999-03-31,25.88708122909562,21.284010512856938
1999-04-01,25.65201133390731,21.07066202585595
1999-04-02,25.337991480941806,21.07664014774826
1999-04-03,25.245737035135953,21.022672254581618
1999-04-04,25.025369448951853,20.700444665435437
1999-04-05,24.767159713713244,20.500041199033955
1999-04-06,24.735428560784214,20.362687881801392
1999-04-07,24.795505306818622,20.459977269498513
1999-04-08,24.744350804715715,20.53362267367524
1999-04-09,24.60476556032052,20.58748543827248
1999-04-10,24.447990239096548,20.604980821139364
1999-04-11,24.449360842964495,20.002309987214094
1999-04-12,24.086001693048953,19.914715158403183
1999-04-13,23.847728044176552,19.65660605199602
1999-04-14,23.68063437593142,19.519180281289955
1999-04-15,23.67366621684274,19.54981673533172
1999-04-16,23.661448715932057,19.876198323625516
1999-04-17,23.500341031393845,19.83786759482882
1999-04-18,23.316971781137244,19.56470521380878
1999-04-19,23.067608019836424,18.930683335701094
1999-04-20,22.983865781369055,18.84704361414974
1999-04-21,22.99309790707686,18.6872098309419
1999-04-22,23.040355084942234,18.529745702514564
1999-04-23,23.047538724873313,18.529283989203016
1999-04-24,23.138100349372433,18.63533740588152
1999-04-25,23.422331274629883,18.73904816025004
1999-04-26,23.45386102096232,18.96237675806223
1999-04-27,23.429340725072024,18.960231566983953
1999-04-28,23.509066525648212,19.091113794573097
1999-04-29,23.43027225386629,18.918772552919453
1999-04-30,23.320532358346824,18.72232277312118
1999-05-01,23.31719322283668,18.868005398494105
1999-05-02,23.326322730734855,19.620450348060807
1999-05-03,23.383085530019514,19.7761386560591
1999-05-04,23.491680940987507,20.21578207131695
1999-05-05,23.53095702801603,20.150997300752945
1999-05-06,23.56436694870362,20.19834493536014
1999-05-07,23.656200305493872,19.93991902258844
1999-05-08,23.616796122131397,19.328864895581752
1999-05-09,23.62913248832664,19.311217502486155
1999-05-10,23.803630265423703,19.385637164369946
1999-05-11,23.972882115773043,19.423048728512576
1999-05-12,24.07210765970132,19.51687029407587
1999-05-13,24.137002537503683,20.390873703651092
1999-05-14,24.173415550385776,20.469684614291804
1999-05-15,24.210412747955086,20.44999431737463
1999-05-16,24.056890233301335,19.99264100014206
1999-05-17,23.95419464267979,19.865335985225173
1999-05-18,23.818013999735,19.963790311123738
1999-05-19,23.621463969930787,20.119637732632476
1999-05-20,23.5214870061596,20.086779372069905
1999-05-21,23.64480767957085,20.26801818440119
1999-05-22,23.785104521972357,20.155765023440836
1999-05-23,23.677626585422402,19.722979116351762
1999-05-24,23.688651914925277,19.84175308992754
1999-05-25,23.53195456088353,19.926874556044893
1999-05-26,23.314622851607776,19.84979400483024
1999-05-27,23.173574071927757,19.64208410285552
1999-05-28,23.107940399708575,19.473254723682338
1999-05-29,23.043727543298957,19.46932660889331
1999-05-30,23.075940159618476,19.663202159397645
1999-05-31,23.194589984104407,19.679114931098166
1999-06-01,23.21401060121869,19.23419235686888
1999-06-02,23.164741509918237,19.13617417246768
1999-06-03,23.10019623224163,19.37458729933229
1999-06-04,23.172441364208392,19.856027844864332
1999-06-05,23.212356194323988,19.842706350333856
1999-06-06,23.044924826969577,19.493882653786056
1999-06-07,22.969188971586586,19.18278732774542
1999-06-08,23.021792479385397,19.283466401477483
1999-06-09,22.962281311057385,19.27896007955676
1999-06-10,22.73312570371232,19.047520954681065
1999-06-11,22.604299102559846,18.72318084955249
1999-06-12,22.362289445143595,18.73608893308709
1999-06-13,22.365937820809968,18.747748259695978
1999-06-14,22.335339748153835,18.68171189089359
1999-06-15,22.274110756035356,18.69045603068618
1999-06-16,22.0674204184191,18.80009376331866
1999-06-17,21.967923821074958,18.586408580764317
1999-06-18,21.91808642000858,18.1136411422077
1999-06-19,21.703476152432266,17.83322488989913
1999-06-20,21.598398578501254,17.739370649239948
1999-06-21,21.5991252856244,17.7517118908936
1999-06-22,21.594187771136202,17.80228583605626
1999-06-23,21.424643693910017,17.678857792300047
1999-06-24,21.428424388184254,17.644736468248333
1999-06-25,21.391260990330206,17.846127290808358
1999-06-26,21.406337798456853,17.889965904247763
1999-06-27,21.323565130642088,17.739019747123173
1999-06-28,21.395283782329333,17.64783207842023
1999-06-29,21.629469897672006,17.683649666145765
1999-06-30,21.628984832930453,17.62882653786049
1999-07-01,21.52211589727452,17.963869867878962
1999-07-02,21.277024331887233,17.949876402898138
1999-07-03,21.156091706129782,17.824828810910645
1999-07-04,21.11327406282086,17.91695837476914
1999-07-05,21.10645250355994,17.949502770279874
1999-07-06,21.147563396198294,18.191592555760764
1999-07-07,21.273073525515798,18.186096036368806
1999-07-08,21.34752883150645,18.24620542690723
1999-07-09,21.417388254627873,18.3700525642847
1999-07-10,21.52399973507298,18.222473362693567
1999-07-11,21.558567076199626,18.41005966756642
1999-07-12,21.545267928105382,18.49992612587015
1999-07-13,21.448421159386733,18.399063787469814
1999-07-14,21.30911524737559,18.360203153857082
1999-07-15,21.195932087624637,18.087955675522092
1999-07-16,21.087159154882965,17.883979258417387
1999-07-17,21.056812638672675,18.47720272766018
1999-07-18,20.895270949928765,18.513548799545394
1999-07-19,20.77854257045397,18.32492967751101
1999-07-20,20.683574817034827,18.176553487711328
1999-07-21,20.551643064708443,18.21944168205711
1999-07-22,20.52255459979464,18.45700525642848
1999-07-23,20.50393681491546,18.52926978263958
1999-07-24,20.476101309732705,18.43455604489274
1999-07-25,20.539108769082993,18.492717715584597
1999-07-26,20.64015142232673,18.75516550646399
1999-07-27,20.657009491836963,18.888357721267223
1999-07-28,20.738943334602784,18.939430316806366
1999-07-29,20.78620668029934,18.83328313680921
1999-07-30,20.74934391247476,18.865061798550933
1999-07-31,20.697910636818243,18.81698820855235
1999-08-01,20.38223058168031,18.67757351896576
1999-08-02,20.36246417276545,17.899058104844443
1999-08-03,20.365326563897028,18.178354879954547
1999-08-04,20.412896728151786,18.189222900980262
1999-08-05,20.30792793986155,18.11409575223754
1999-08-06,20.12343765523064,17.90655774968035
1999-08-07,19.955541734278235,17.812032959227164
1999-08-08,19.8760241290526,17.90931666429891
1999-08-09,19.715615023843423,18.049855093052994
1999-08-10,19.387061566546336,18.075392811478903
1999-08-11,19.365628373679513,17.966074726523654
1999-08-12,19.471570851409073,17.980473078562298
1999-08-13,19.656791051263376,17.996800681915047
1999-08-14,19.737683855184255,17.96557181417815
1999-08-15,19.770028376163225,17.880144906947006
1999-08-16,19.78067746796035,18.025537718425916
1999-08-17,19.826208170513613,18.242886773689442
1999-08-18,19.889819932443643,18.413882653786047
1999-08-19,19.984944820677562,18.640282710612308
1999-08-20,20.07784144534228,18.47042903821566
1999-08-21,20.368175708679697,18.520021309845152
1999-08-22,20.52804225171376,18.497478334990767
1999-08-23,20.55801789085011,18.412622531609603
1999-08-24,20.454019770175826,18.199661883790316
1999-08-25,20.435340162102168,18.39954396931382
1999-08-26,20.44725873017192,18.468475635743715
1999-08-27,20.42131364456733,18.441375195340246
1999-08-28,20.372855560982863,18.318337832078424
1999-08-29,20.193177530052715,18.340975990907804
1999-08-30,20.220996373811936,18.477621821281435
1999-08-31,20.144481715898944,18.285861628072176
1999-09-01,19.98090013080771,18.221764455178295
1999-09-02,19.96753437841508,18.046827674385565
1999-09-03,19.97994061910123,18.38963205000711
1999-09-04,19.879861347981592,18.699421792868307
1999-09-05,19.92782977199722,18.76992896718284
1999-09-06,19.91078056181077,18.506790737320642
1999-09-07,19.87068442229355,18.329005540559738
1999-09-08,19.73042137877934,18.15353743429465
1999-09-09,19.675397038613134,18.064317374627084
1999-09-10,19.646078107924634,17.941865321778668
1999-09-11,19.662872429380446,18.00535161244495
1999-09-12,19.585799127396736,17.984695269214377
1999-09-13,19.48374049988412,17.89281716152863
1999-09-14,19.479232456866576,17.881782923710755
1999-09-15,19.460212189952603,17.660784202301464
1999-09-16,19.432863777858714,17.69090069612161
1999-09-17,19.396491000761685,17.608009660463136
1999-09-18,19.713810684836258,17.740252876829093
1999-09-19,19.861573831837607,17.902748970024152
1999-09-20,19.886768159916528,17.952686461145046
1999-09-21,19.82146974451102,18.095783491973297
1999-09-22,19.82518023313569,18.124969455888625
1999-09-23,19.86501858628341,18.34581900838187
1999-09-24,19.737346404444146,18.550745844580195
1999-09-25,19.793538886313222,18.574256286404317
1999-09-26,19.875727762691643,18.439937491120897
1999-09-27,19.901579958274006,18.083068617701382
1999-09-28,19.831087256184425,17.365712459156136
1999-09-29,19.68857785955563,17.434230714590147
1999-09-30,19.67517683875888,17.607658758346357
1999-10-01,19.769027138457474,17.637826395794864
1999-10-02,19.87764943537437,17.808744139792587
1999-10-03,19.873642062953298,17.498106265094474
1999-10-04,19.970376258403164,18.03054979400483
1999-10-05,20.036049131536238,18.041768717147324
1999-10-06,20.125750136602974,18.033787469811053
1999-10-07,20.136687957412995,18.05937917317801
1999-10-08,20.10272469119445,18.071174882795855
1999-10-09,20.068658062059136,17.944753516124454
1999-10-10,20.110094856277044,17.958204290382156
1999-10-11,20.2559454581581,18.08154709475778
1999-10-12,20.22755000496736,18.020289813894017
1999-10-13,20.22437243351987,18.449605057536584
1999-10-14,20.176173481637232,18.412344082966328
1999-10-15,20.02904375848592,17.95203153857082
1999-10-16,19.932506188528677,17.716532177866178
1999-10-17,19.97956214607407,17.836591845432594
1999-10-18,20.070386751995212,18.125432589856516
1999-10-19,20.244982489982487,18.345533456456888
1999-10-20,20.31122414892206,18.575213808779658
1999-10-21,20.22070625807196,18.509454467964204
1999-10-22,20.348977340464245,18.422288677368947
1999-10-23,20.46893996092328,18.46713311549936
1999-10-24,20.457913803523507,18.39939053842875
1999-10-25,20.43032598436928,18.460183264668277
1999-10-26,20.341858131602518,18.45865890041199
1999-10-27,20.479878195681696,18.27926125870152
1999-10-28,20.81455471570024,18.700281289955957
1999-10-29,20.941229592343593,18.91495098735616
1999-10-30,20.921085641785616,18.601663588577924
1999-10-31,20.804374213498033,18.28909362125302
1999-11-01,20.672976309732718,18.370764313112655
1999-11-02,20.545414776302263,18.182062793010374
1999-11-03,20.426425534821295,17.810566841880956
1999-11-04,20.18890477530883,17.75155135672681
1999-11-05,20.032654402755217,17.74342946441256
1999-11-06,20.015595692452912,17.641932092626796
1999-11-07,20.143577217935544,17.427360420514276
1999-11-08,20.325688830844125,17.927484017616145
1999-11-09,20.400502222902926,18.23098309418952
1999-11-10,20.465258800543086,18.16736326182697
1999-11-11,20.540457557870035,17.9789288251172
1999-11-12,20.594313031923736,18.170487285125727
1999-11-13,20.677192726098625,18.32304162523086
1999-11-14,20.725008278968126,18.319767012359712
1999-11-15,20.857648628174992,18.631022872567126
1999-11-16,20.81736623257274,18.46277880380736
1999-11-17,20.6988023437758,18.06491405029124
1999-11-18,20.49326168576342,17.885824691007247
1999-11-19,20.651698678676684,18.38633612729081
1999-11-20,20.6789555046859,18.584875692569966
1999-11-21,20.707639707586875,18.779836624520527
1999-11-22,20.880051991919704,19.006148600653507
1999-11-23,21.122842045567424,19.02080693280296
1999-11-24,21.025938648706816,18.402309987214093
1999-11-25,20.98287075288936,18.23446938485581
1999-11-26,21.098086585587996,18.682859781218927
1999-11-27,21.226041452793325,18.824632760335273
1999-11-28,21.256098929529443,18.97258701520102
1999-11-29,21.252094744511055,19.002530188947294
1999-11-30,21.20457727588832,19.152452052848417
1999-12-01,21.144291216842653,19.298891888052278
1999-12-02,21.10739576779151,19.445823270350907
1999-12-03,20.93209776633443,19.478548089217227
1999-12-04,20.991059811405066,19.5207984088649
1999-12-05,21.180177563168513,19.03343230572525
1999-12-06,21.24086908467729,18.972802954965193
1999-12-07,21.179769203066453,18.95917743997727
1999-12-08,20.994073003940716,18.686947009518402
1999-12-09,21.076320930059282,18.849062366813477
1999-12-10,21.572033252475386,19.521525784912637
1999-12-11,21.938698918766796,19.518244068759763
1999-12-12,21.96762122479051,19.627520954681067
1999-12-13,21.94050685912511,19.87443528910356
1999-12-14,21.842894617014974,20.10716010796988
1999-12-15,21.927383432128998,20.130885068901836
1999-12-16,22.16710085024998,20.26314249183123
1999-12-17,22.349933685465494,20.25309276885921
1999-12-18,22.519241563731363,20.277317800823983
1999-12-19,22.682524547140456,20.349640573945166
1999-12-20,22.69858110905063,20.478623384003413
1999-12-21,22.684694733748376,20.204315953970735
1999-12-22,22.751945371228917,20.37978548089217
1999-12-23,23.010238413584172,20.57282710612303
1999-12-24,23.300670161771052,20.54387839181702
1999-12-25,23.330808441235902,20.469266941326893
1999-12-26,23.317952342120115,20.716365961074015
1999-12-27,23.297252189787134,20.774538997016627
1999-12-28,23.28614098668741,20.948603494814606
1999-12-29,23.318064170281833,21.530429038215658
1999-12-30,23.321689489022127,21.784925415541984
1999-12-31,23.108463485611185,21.729570961784347
2000-01-01,22.83025054227245,21.57476204006251
2000-01-02,23.109275652382664,21.468737036510866
2000-01-03,23.505988902043345,20.63398920301179
2000-01-04,23.50420991737596,20.527948572240383
2000-01-05,23.44736579792693,20.63100724534735
2000-01-06,23.344074245786008,20.617491120897853
2000-01-07,23.43153655578372,20.622579911919306
2000-01-08,23.55043272096564,20.68764171047023
2000-01-09,23.53598991621689,20.841375195340248
2000-01-10,23.529528036725527,21.336003693706495
2000-01-11,23.712160893466255,21.661201875266368
2000-01-12,23.813082818657502,21.728666003693714
2000-01-13,23.891453724707812,21.61911066912914
2000-01-14,23.825354381229918,21.484227873277458
2000-01-15,23.581723101632647,21.00873561585453
2000-01-16,23.783467086962325,20.95001278590709
2000-01-17,23.978836204755474,20.990534166785057
2000-01-18,23.95996771202436,20.635559028271064
2000-01-19,23.8679644708084,20.621699104986504
2000-01-20,23.924300240917926,20.722710612302887
2000-01-21,23.74706816902344,20.41919874982242
2000-01-22,23.59428277229524,20.35256286404319
2000-01-23,23.65411514388845,20.153224889899136
2000-01-24,23.714204411862106,20.100612302883928
2000-01-25,23.938831527138476,20.561329734337267
2000-01-26,24.247532784713712,20.821417815030546
2000-01-27,24.42330883448685,21.20767296490979
2000-01-28,24.73774872089941,22.318394658332153
2000-01-29,25.088296105573438,22.326860349481464
2000-01-30,25.33780048514758,22.79110242932235
2000-01-31,25.27676265440278,23.0314490694701
2000-02-01,25.153423146338994,22.547680068191507
2000-02-02,25.081776914925335,22.569732916607478
2000-02-03,25.04926323393054,22.585681204716582
2000-02-04,24.901172840017225,22.705357295070318
2000-02-05,24.932822631387193,22.678607756783627
2000-02-06,24.99413977381857,22.751434862906663
2000-02-07,24.995206746531167,22.71425486574798
2000-02-08,24.975607138126353,22.55703366955534
2000-02-09,25.023943893433085,22.57762324193778
2000-02-10,24.984286394343858,22.853392527347633
2000-02-11,24.884057129019407,21.62086802102572
2000-02-12,25.018894902639314,21.70311123739168
2000-02-13,25.260238413584183,22.049938911777247
2000-02-14,25.3215628001126,22.04510299758488
2000-02-15,25.214914933602664,21.91349339394801
2000-02-16,25.35066740901417,22.18250603778947
2000-02-17,25.63741485081303,22.3816167069186
2000-02-18,25.96111693628509,22.814624236397222
2000-02-19,26.23683851044807,23.106902969171763
2000-02-20,26.35745976421504,23.61700241511579
2000-02-21,26.522134690532216,24.133352748970026
2000-02-22,26.57379954962416,24.14411137945731
2000-02-23,26.59270074427923,24.186939906236685
2000-02-24,26.541332417127542,24.74699247052139
2000-02-25,26.490210037420823,24.930248614860062
2000-02-26,26.49327807812036,24.760022730501486
2000-02-27,26.257251010034118,24.532635317516696
2000-02-28,26.227557704407705,24.571498792442103
2000-02-29,26.29488908252476,24.547630345219495
2000-03-01,26.03732518958832,23.31687313538855
2000-03-02,25.91787884558063,23.213064355732342
2000-03-03,26.010118120177456,23.250919164654075
2000-03-04,26.142640162930054,23.31011649382015
2000-03-05,26.169612378713076,23.338307998295218
2000-03-06,26.12936148458452,23.341098167353316
2000-03-07,26.059899927972975,23.104584458019612
2000-03-08,26.05422840017215,22.785760761471803
2000-03-09,26.233002905917875,23.85426054837335
2000-03-10,26.24060014239826,23.72818866316238
2000-03-11,26.126720141901497,23.71323057252451
2000-03-12,25.93028552091268,23.222170762892446
2000-03-13,25.88132564907104,22.629768433016054
2000-03-14,25.795083762459882,22.320839607898847
2000-03-15,25.86357578981351,22.1889515556187
2000-03-16,25.82194692353546,21.911366671402188
2000-03-17,25.694410640957674,21.88639011223185
2000-03-18,25.517457487498778,20.697081971871008
2000-03-19,25.533877082160462,20.59094473646825
2000-03-20,25.52921583683813,20.91463702230431
2000-03-21,25.397400693777538,20.80278448643273
2000-03-22,25.205369511044225,20.594780508594976
2000-03-23,25.005527722124686,20.42891319789743
2000-03-24,25.028607891512475,20.2834109958801
2000-03-25,25.257098966784806,20.344321636596106
2000-03-26,25.426487999635803,21.51771984656912
2000-03-27,25.433638647878933,21.57669981531468
2000-03-28,25.536559074576925,21.474550362267365
2000-03-29,25.29685715882377,20.718964341525783
2000-03-30,25.412198500678883,20.713831510157696
2000-03-31,25.624515328509435,21.109151868163092
2000-04-01,25.743374176242597,21.235448217076296
2000-04-02,25.861110789151322,21.559489984372785
2000-04-03,25.908580881378914,21.749532604063074
2000-04-04,25.959121249627444,22.575365819008386
2000-04-05,25.981052505215693,22.532945020599513
2000-04-06,26.025536746200007,22.336347492541552
2000-04-07,25.929689662880453,22.255999431737468
2000-04-08,25.828646512898622,22.397844864327325
2000-04-09,25.70910212521112,22.45316948430175
2000-04-10,25.723552215451893,22.932361130842455
2000-04-11,25.821301205417797,23.096053416678508
2000-04-12,25.97834594496136,23.109332291518683
2000-04-13,26.201438015365742,23.553251882369647
2000-04-14,26.362938288571748,23.692309987214095
2000-04-15,26.318380240586748,23.509644835914198
2000-04-16,26.068710240255655,22.347272339820996
2000-04-17,25.880375616783116,22.116711180565417
2000-04-18,25.8912379127066,22.05429606478193
2000-04-19,25.89466153508626,22.04108822275892
2000-04-20,25.903424822829997,22.15126438414547
2000-04-21,25.75324877057322,21.43875408438699
2000-04-22,25.561852232837747,21.304047449921864
2000-04-23,25.490945271881333,21.11415257849127
2000-04-24,25.517506850846093,21.20661883790311
2000-04-25,25.507870835679068,21.19053132547237
2000-04-26,25.49364148342557,21.277486858928828
2000-04-27,25.464499908931305,21.30381304162523
2000-04-28,25.402371489717513,20.975104418241227
2000-04-29,25.31433567490148,20.973986361699115
2000-04-30,25.091045861343865,20.949387697116073
2000-05-01,24.963111174123263,20.842253160960368
2000-05-02,24.84056348726694,20.559928967182838
2000-05-03,24.723566931317674,20.317111805654214
2000-05-04,24.631373915455203,20.44210825401336
2000-05-05,24.568053593900075,20.591333996306297
2000-05-06,24.53700949183692,20.593615570393524
2000-05-07,24.541551582110724,20.238387555050437
2000-05-08,24.547335000165614,20.149704503480617
2000-05-09,24.514187274398164,20.510092342662304
2000-05-10,24.431952946484685,20.532683619832365
2000-05-11,24.27514341242504,20.22951839749965
2000-05-12,24.1280539871511,20.084450916323345
2000-05-13,23.980974310361958,19.98134109958801
2000-05-14,23.856330844123537,19.973912487569258
2000-05-15,23.65202667069574,19.741629492825687
2000-05-16,23.392719289167847,19.74672822844154
2000-05-17,23.261166630791188,19.791308424492115
2000-05-18,23.25076884707095,19.950835345929818
2000-05-19,23.185235371063335,19.714394090069618
2000-05-20,23.253530938503914,19.375837476914334
2000-05-21,23.45183223912965,19.735779230004262
2000-05-22,23.46900341921376,20.154544679641994
2000-05-23,23.408880414445154,20.190420514277594
2000-05-24,23.494099600125896,20.1027177155846
2000-05-25,23.438119101235273,20.125191078278167
2000-05-26,23.29251245984701,19.344227873277458
2000-05-27,23.23453617081162,19.223176587583463
2000-05-28,23.09807213878863,19.054342946441256
2000-05-29,23.03238196261218,19.437878960079562
2000-05-30,23.07305291088527,19.722987640289816
2000-05-31,23.048087372089967,20.038417388833647
2000-06-01,22.960221607278868,20.205308992754656
2000-06-02,22.959080475709463,19.4624975138514
2000-06-03,23.09020538050139,19.430519960221627
2000-06-04,23.226358620061614,19.370431879528343
2000-06-05,23.287705773752315,19.45220201733201
2000-06-06,23.178437882902298,19.211889472936498
2000-06-07,23.122256349968524,19.44090069612161
2000-06-08,23.02850661903496,19.721970450348067
2000-06-09,23.004904067456966,19.735739451626653
2000-06-10,23.061566836109577,19.635513567268077
2000-06-11,22.916113293539137,19.544500639295357
2000-06-12,22.841658836142702,19.4546696974002
2000-06-13,22.848447486505307,19.480487285125726
2000-06-14,22.965814153723922,19.330191788606335
2000-06-15,22.920498145511235,19.09553629776957
2000-06-16,22.90831295327347,18.95739593692286
2000-06-17,22.910411092161556,19.22306435573235
2000-06-18,22.663944472960974,18.94847989771274
2000-06-19,22.4617274687883,18.459917601932094
2000-06-20,22.354659382554583,18.44584884216508
2000-06-21,22.378779990561963,18.66632902400909
2000-06-22,22.340167007484215,18.092851257280866
2000-06-23,22.475338113057568,18.34568546668561
2000-06-24,22.45632591813757,18.950939053842877
2000-06-25,22.234481860780893,18.954529052422227
2000-06-26,21.921088498029622,18.007232561443384
2000-06-27,21.830773007252322,17.997060662025856
2000-06-28,21.408545571579968,18.498906094615716
2000-06-29,21.26836339288671,18.367780934791877
2000-06-30,21.066274940391473,18.18322204858645
2000-07-01,20.791426590389776,17.92963062935076
2000-07-02,20.65444561959799,17.82887910214519
2000-07-03,20.561433358446198,17.992112515982384
2000-07-04,20.741366547173513,18.22499218639011
2000-07-05,20.761877504387837,18.11385992328456
2000-07-06,20.794157821969026,17.62700383577213
2000-07-07,20.829556205914493,17.613395368660324
2000-07-08,20.86433745487961,17.69948003977838
2000-07-09,20.834629723151295,17.959765591703366
2000-07-10,20.75095386131076,18.627593408154574
2000-07-11,20.823094533397327,18.958192925131414
2000-07-12,20.92840145544259,19.227322062793014
2000-07-13,20.986767745968127,19.360079556755224
2000-07-14,20.852068562274404,19.0010612302884
2000-07-15,20.827318587111268,18.996553487711324
2000-07-16,20.76662629979796,18.786010796988208
2000-07-17,20.643407933735137,18.565122886773693
2000-07-18,20.584446882140618,18.336327603352746
2000-07-19,20.65122590820277,18.303344225031964
2000-07-20,20.742795124515705,18.25848558033812
2000-07-21,20.770595133622557,18.54078278164512
2000-07-22,20.76318417392456,18.536069043898287
2000-07-23,20.689253174984295,17.572332717715582
2000-07-24,20.76529129549299,17.701616706918593
2000-07-25,20.780495165082588,17.910546952692144
2000-07-26,20.924224364175302,17.947147322062794
2000-07-27,20.92434488525355,18.088076431311265
2000-07-28,20.928629706593377,18.145496519391966
2000-07-29,20.988033682981776,18.718540985935505
2000-07-30,20.956687646951696,18.991629492825687
2000-07-31,20.846923328476304,18.710782781645122
2000-08-01,20.60742404046761,18.40990623668135
2000-08-02,20.497100726065497,18.316336127290807
2000-08-03,20.42791939182703,18.33594828810911
2000-08-04,20.356516044640188,18.0371572666572
2000-08-05,20.28432847219926,18.03925131410712
2000-08-06,20.26055241414708,18.237729791163524
2000-08-07,20.219988471536954,18.20175166927121
2000-08-08,20.186878332284678,18.21846427049297
2000-08-09,20.171178386925913,18.4002628214235
2000-08-10,19.987061173295363,18.40722119619264
2000-08-11,19.92995775656525,18.141430600937632
2000-08-12,19.891564952644273,17.922173604205145
2000-08-13,19.86113947577576,17.82772837050717
2000-08-14,19.941408335265074,17.622710612302885
2000-08-15,20.025232162963185,17.379789742861206
2000-08-16,20.040109096102263,18.033331439124876
2000-08-17,19.880302596284373,18.221149310981684
2000-08-18,19.774572080835856,18.239315243642572
2000-08-19,19.61277196410235,18.184028981389407
2000-08-20,19.595700731860745,18.162680778519675
2000-08-21,19.662433188727352,18.27898849268362
2000-08-22,19.597231140510683,17.953081403608472
2000-08-23,19.631959197105644,17.616077567836342
2000-08-24,19.68063692171407,17.53066202585595
2000-08-25,19.603355796933474,17.23681204716579
2000-08-26,19.57843457131506,17.422379599374914
2000-08-27,19.554751755141286,17.44137093337122
2000-08-28,19.548888548531313,17.64266657195625
2000-08-29,19.65121228930028,17.84759624946726
2000-08-30,19.77458905272047,18.03956669981532
2000-08-31,19.623668203795095,17.94164227873278
2000-09-01,19.57961150942143,18.26617843443671
2000-09-02,19.634518619399266,18.299975848842166
2000-09-03,19.735632347584218,17.70111663588578
2000-09-04,19.83271676408255,17.52503196476772
2000-09-05,20.122289941881675,17.753911066912917
2000-09-06,20.175272460840468,17.83899559596534
2000-09-07,20.199031360731198,17.871980394942465
2000-09-08,20.071330740636473,18.024953828668846
2000-09-09,20.024128824883235,18.01290950419094
2000-09-10,20.08860513875549,17.99416820571104
2000-09-11,20.13241249130706,17.969151868163095
2000-09-12,20.018267356856583,17.815816167069183
2000-09-13,19.975996104745526,17.854980821139367
2000-09-14,19.99693506391363,17.859455888620545
2000-09-15,20.06820346392028,17.88175877255292
2000-09-16,20.133375293903345,17.757550788464275
2000-09-17,20.22147181425307,18.056574797556472
2000-09-18,20.159735279994738,18.38306435573235
2000-09-19,20.09577478723059,18.409488563716437
2000-09-20,20.327662019405917,18.79448501207558
2000-09-21,20.372917984402427,18.82102145191078
2000-09-22,20.2460231769712,18.78169200170479
2000-09-23,20.051160049011475,18.7253729222901
2000-09-24,20.157812779415107,18.70285551924989
2000-09-25,20.16984282379049,18.680599516976844
2000-09-26,20.159477452230423,18.36569256996733
2000-09-27,20.09997551495182,18.287824975138513
2000-09-28,20.107987320760277,18.26742719136241
2000-09-29,20.17655516276452,17.922771700525647
2000-09-30,20.214162313309224,17.763119761329737
2000-10-01,20.285735565619092,18.255854524790458
2000-10-02,20.390026306421177,18.230883648245488
2000-10-03,20.458262306686144,18.263506179855096
2000-10-04,20.474418754346466,18.332986219633472
2000-10-05,20.429861596350644,18.571686319079415
2000-10-06,20.47574926731135,18.677820713169485
2000-10-07,20.447068003444038,18.668110527063504
2000-10-08,20.454372454217342,18.61505469526921
2000-10-09,20.39605587889528,18.8573249041057
2000-10-10,20.374811508593577,18.820147748259703
2000-10-11,20.46243099480084,18.713251882369658
2000-10-12,20.45955964168624,18.737847705640007
2000-10-13,20.36945160115235,18.627795141355307
2000-10-14,20.323196033546377,18.649674669697408
2000-10-15,20.33505381329273,18.891505895723824
2000-10-16,20.364641272311808,19.106945588862065
2000-10-17,20.36926493111897,19.07188663162382
2000-10-18,20.450944257707707,19.05606478192926
2000-10-19,20.58542996820871,19.085749396221058
2000-10-20,20.66198366145645,19.163885495098736
2000-10-21,20.603229128721473,19.674970876544972
2000-10-22,20.468668390071844,19.659036794999288
2000-10-23,20.307127198066038,19.38137803665294
2000-10-24,20.272266264032854,18.87066628782497
2000-10-25,20.253412611352104,18.691068333570108
2000-10-26,20.34212777759379,18.737076289245632
2000-10-27,20.41273383945424,18.803403892598382
2000-10-28,20.524049181210067,18.819193067197048
2000-10-29,20.574637194920072,18.605212388123313
2000-10-30,20.60708408533958,17.769252734763466
2000-10-31,20.6111623464252,17.744675380025573
2000-11-01,20.56817784051393,17.889258417388838
2000-11-02,20.506417669801642,17.919941753089926
2000-11-03,20.470952992019058,18.08215513567268
2000-11-04,20.513253303308286,18.308458587867598
2000-11-05,20.5348432377388,18.091299900554056
2000-11-06,20.569579614696842,18.03139792584174
2000-11-07,20.732216114183522,18.088435857366104
2000-11-08,20.975658798887288,18.15697400198892
2000-11-09,20.988544660893453,18.312217644551783
2000-11-10,21.02254404411038,18.5158658900412
2000-11-11,21.075403434115977,18.64101718994175
2000-11-12,21.13246558019004,18.581709049580912
2000-11-13,21.043095920124504,18.32186105980963
2000-11-14,20.871525172202528,18.262473362693566
2000-11-15,20.81509638788622,18.339051001562723
2000-11-16,20.42360190995792,18.420106549225746
2000-11-17,20.4387035549889,18.44935644267652
2000-11-18,20.308877682385706,17.479681772979117
2000-11-19,20.258968668245174,17.02334138371928
2000-11-20,20.32055903732159,16.963285978121895
2000-11-21,20.249973486604652,16.839238528200028
2000-11-22,20.187106769712184,17.23199602216224
2000-11-23,20.24725287280197,17.35827958516835
2000-11-24,20.418432791336887,17.58946299190226
2000-11-25,20.643500161439867,17.960363688023868
2000-11-26,20.8126412391959,18.878509731495956
2000-11-27,20.868427244428275,19.29311549936071
2000-11-28,20.867307927939834,19.683467822133828
2000-11-29,20.936951145809214,19.67761897996875
2000-11-30,21.18727346673511,20.296232419377755
2000-12-01,21.34090031708446,20.064681062650944
2000-12-02,21.51625786501967,19.92649097883222
2000-12-03,21.73341693711292,19.96496519391959
2000-12-04,21.895976214524627,19.87581900838187
2000-12-05,22.032630186773503,19.85539423213525
2000-12-06,22.11222168178959,19.546282142349767
2000-12-07,22.170495868794866,19.076772268788183
2000-12-08,22.284701708778996,19.673473504759198
2000-12-09,22.36205618521706,20.531069754226458
2000-12-10,22.48304007848461,20.6154879954539
2000-12-11,22.566152556545333,20.616181275749394
2000-12-12,22.5109938073319,20.326284983662458
2000-12-13,22.409099413849084,20.283129705924132
2000-12-14,22.36581601649172,19.841596817729794
2000-12-15,22.437838858164692,19.67179997158688
2000-12-16,22.808879731430306,20.48433868447223
2000-12-17,23.021438615590956,20.363976417104702
2000-12-18,23.056049338510455,20.40151584031823
2000-12-19,23.000174148094196,20.338744139792592
2000-12-20,22.92193177302384,20.26426338968604
2000-12-21,22.739428792595298,20.050500071032822
2000-12-22,22.633098548696882,19.851871004404032
2000-12-23,22.571503874557052,19.60895723824407
2000-12-24,22.581752388482293,19.45327887484018
2000-12-25,22.621387306686145,19.387454183832936
2000-12-26,22.335301582110855,19.369258417388835
2000-12-27,22.223619771831633,19.48616280721694
2000-12-28,22.323320735503597,19.64025855945447
2000-12-29,22.467763457462677,19.582547236823412
2000-12-30,22.61934730685173,19.82846284983663
2000-12-31,22.664671035202183,19.890008523938064
2001-01-01,22.80202710534166,20.101835487995455
2001-01-02,22.878927438984128,20.248675948288117
2001-01-03,22.942673568566462,20.33878107685751
2001-01-04,22.998374362519403,20.409727233982107
2001-01-05,23.352834863562606,20.502899559596532
2001-01-06,23.303567117594476,20.39761187668703
2001-01-07,23.333334809749324,21.105637164369945
2001-01-08,23.382917611848885,20.976013638300895
2001-01-09,23.385265216743388,20.620450348060803
2001-01-10,23.91917311736272,20.804877113226315
2001-01-11,24.055395610491175,21.042007387412983
2001-01-12,23.983585352021734,21.093629776956963
2001-01-13,23.96969810742787,21.281716152862625
2001-01-14,23.90868734890886,21.012381020031253
2001-01-15,23.957774861741203,20.941181986077563
2001-01-16,24.035710832201904,21.02936780792726
2001-01-17,24.17259678113723,20.835664156840462
2001-01-18,24.24046970725576,20.59341951981815
2001-01-19,24.398042541477647,21.004857224037515
2001-01-20,24.476732146405336,21.61616138656059
2001-01-21,24.549679003708913,21.68415115783492
2001-01-22,24.64028537603076,21.745263531751668
2001-01-23,24.757730176010813,21.676356016479613
2001-01-24,24.80159084511705,21.359474357153005
2001-01-25,24.76606815246548,21.06168205711039
2001-01-26,24.70060235702227,20.909291092484725
2001-01-27,24.79085130559332,21.72827106123029
2001-01-28,24.936985275855182,22.045753658190083
2001-01-29,24.972556752326405,22.10694416820571
2001-01-30,25.06232309914887,22.07122318511152
2001-01-31,25.025286804152675,22.12541270066771
2001-02-01,24.994159871013743,22.21286120187527
2001-02-02,25.027740855879735,22.238671686319076
2001-02-03,25.106051387555066,22.346411422077
2001-02-04,25.43281244825643,23.634368518255442
2001-02-05,25.548000774083537,23.86378462849837
2001-02-06,25.651687812531094,23.7625401335417
2001-02-07,25.76674292976121,23.747206989629213
2001-02-08,25.83640214673643,23.763892598380462
2001-02-09,25.68984228565749,23.204530473078563
2001-02-10,25.50280677716332,22.59264384145475
2001-02-11,25.489257707719315,22.634987924421083
2001-02-12,25.503077126866888,22.576208268219915
2001-02-13,25.46645730536147,22.42196050575366
2001-02-14,25.40077201377619,22.56555760761472
2001-02-15,25.46072970824919,23.054185253587164
2001-02-16,25.65451634268305,23.02128995595966
2001-02-17,25.597633581150443,22.822027276601798
2001-02-18,25.447467008312014,22.560460292655204
2001-02-19,25.273476773354986,22.597884642704933
2001-02-20,25.322954908600174,23.229293933797422
2001-02-21,25.438498898897247,23.289668987072023
2001-02-22,25.68089601202112,23.614685324619977
2001-02-23,25.798582350895792,23.725151299900556
2001-02-24,25.89501701327949,23.750649239948853
2001-02-25,25.856660409146603,23.450441824122745
2001-02-26,25.862566811272607,23.61698252592698
2001-02-27,26.11161081812761,24.162818582184972
2001-02-28,26.241168679835763,24.543361272908086
2001-03-01,26.157067361824012,24.735756499502777
2001-03-02,26.007195023512285,24.47969029691718
2001-03-03,26.033284825479306,24.399255576076147
2001-03-04,26.279934368480344,24.650507174314544
2001-03-05,26.19145001986958,23.872278732774546
2001-03-06,26.094649406398016,23.609524080125023
2001-03-07,26.154764773818542,23.339516976843296
2001-03-08,26.16532205185945,23.190617985509306
2001-03-09,26.11748520134453,23.60724250603779
2001-03-10,26.283249867536405,23.85892172183549
2001-03-11,26.52009591184559,23.92454041767296
2001-03-12,26.599021860615267,23.969457309276887
2001-03-13,26.60152136387724,24.192256002273055
2001-03-14,26.540332731728338,24.38592981957665
2001-03-15,26.370878357121622,24.356965478050853
2001-03-16,26.641169963075825,25.752954965193922
2001-03-17,26.93345646918566,25.811365250745844
2001-03-18,27.040590435308147,26.06742008808069
2001-03-19,27.31896546014511,26.388038073590007
2001-03-20,27.594204805113016,26.722463418099164
2001-03-21,27.71980062175049,27.3083008950135
2001-03-22,27.731726268337972,27.476574797556474
2001-03-23,27.689433946252933,27.388965762182124
2001-03-24,27.652886006888057,27.324733626935647
2001-03-25,27.636309877636805,27.28270492967751
2001-03-26,27.485687609696377,25.879759909078004
2001-03-27,27.343861455608195,25.80759482881091
2001-03-28,27.175978925886692,25.714823128285268
2001-03-29,27.177147378050815,25.769058104844436
2001-03-30,27.152560477862064,25.36975564710897
2001-03-31,27.363459739378094,25.245806222474794
2001-04-01,27.387514860747796,25.235631481744566
2001-04-02,27.333249784746886,24.724524790453188
2001-04-03,27.257967844487833,24.48085949708766
2001-04-04,27.23954542255861,24.17803381162097
2001-04-05,26.910857928767758,23.669789742861212
2001-04-06,26.759712885385955,23.371363830089503
2001-04-07,26.69144635642612,23.002091206137244
2001-04-08,26.499855697585843,22.72988918880523
2001-04-09,26.492813938470647,22.71003551640858
2001-04-10,26.486273077623636,22.36587157266657
2001-04-11,26.487859348610776,22.267786617417244
2001-04-12,26.45096319584731,22.31863190794147
2001-04-13,26.56201746034375,22.380088080693287
2001-04-14,26.645738007914694,22.29565137093337
2001-04-15,26.501030959201277,21.978748401761607
2001-04-16,26.238935552372777,21.7545120045461
2001-04-17,26.1229371502136,21.688680210257136
2001-04-18,26.05652254363012,21.71911351044183
2001-04-19,26.118850879226454,21.904523369796845
2001-04-20,26.089940184455386,21.84600795567552
2001-04-21,25.878639082524817,21.394808921721847
2001-04-22,25.523157205185985,20.770572524506328
2001-04-23,25.37119577275888,20.604516266515134
2001-04-24,25.314155648739955,20.48942747549368
2001-04-25,25.183314050236717,20.102409433158126
2001-04-26,24.855961457263987,19.612119619264096
2001-04-27,24.617950644931575,19.307153004688168
2001-04-28,24.545542044739555,19.407947151584032
2001-04-29,24.58275911100434,19.414970876544963
2001-04-30,24.414831253932576,19.110656343230577
2001-05-01,24.268107034639243,19.108487000994455
2001-05-02,24.28713475262443,19.150727376047733
2001-05-03,24.45891170894457,19.342511720414834
2001-05-04,24.499771231413778,19.295487995453904
2001-05-05,24.454445474716078,19.19698252592698
2001-05-06,24.410135278338966,18.979475777809352
2001-05-07,24.207613815114108,18.618033811620972
2001-05-08,24.208062369606296,18.539093621253016
2001-05-09,24.55538662781072,18.76758062224748
2001-05-10,24.798528102957203,20.16665009234266
2001-05-11,24.838039747325876,20.416269356442676
2001-05-12,24.59885032039605,20.426840460292663
2001-05-13,24.416707702751886,20.618987072027277
2001-05-14,24.38490891065335,20.560748685892882
2001-05-15,24.31635619846343,20.2057707060662
2001-05-16,24.229456133887446,20.037846284983665
2001-05-17,24.06078095506177,19.92089501349623
2001-05-18,23.928308730999802,19.978367665861626
2001-05-19,23.807980945954903,20.247458445801968
2001-05-20,23.677574427923314,20.293331439124877
2001-05-21,23.795151898367337,20.244776246625946
2001-05-22,23.862361513560916,20.283688023867025
2001-05-23,23.811071298473376,20.425659894871437
2001-05-24,23.723287785210523,20.420740161954825
2001-05-25,23.66233988475677,20.287479755647112
2001-05-26,23.612017708712763,20.15426623099873
2001-05-27,23.63877999056199,20.216644409717286
2001-05-28,23.657242234327935,20.37141781503055
2001-05-29,23.58353251150781,20.32898565137093
2001-05-30,23.388933834486814,20.26259838045177
2001-05-31,23.360447747292806,20.28172893876972
2001-06-01,23.380352704738893,20.212061372354032
2001-06-02,23.33500366344338,20.223749112089788
2001-06-03,23.244784622644637,20.238566557749685
2001-06-04,23.051332148061043,20.02511436283563
2001-06-05,22.87255455839982,19.79398209973007
2001-06-06,22.715009976156566,19.78108680210257
2001-06-07,22.671771098950217,19.797195624378464
2001-06-08,22.706317370103083,19.88538144622816
2001-06-09,22.702160852071437,19.761636596107405
2001-06-10,22.585486016822863,19.74029691717574
2001-06-11,22.471732601748478,19.591927830657763
2001-06-12,22.46013910736161,19.4747023724961
2001-06-13,22.436814190979252,19.358053700809773
2001-06-14,22.356247888863162,19.010774257707062
2001-06-15,22.23331291187865,18.68079982952124
2001-06-16,22.19126107311984,18.90903537434295
2001-06-17,22.240137410173187,18.834044608609183
2001-06-18,22.248342571281988,18.764942463418105
2001-06-19,22.23089348693581,18.777485438272485
2001-06-20,22.207269327251048,18.813332859781223
2001-06-21,22.15332574427928,18.866621679215793
2001-06-22,22.1138991663079,18.873742008808073
2001-06-23,22.090764417822996,19.10195766444097
2001-06-24,22.078405760506048,18.81020173320074
2001-06-25,21.994695106301908,18.606167069185968
2001-06-26,21.97229828294197,18.590238670265663
2001-06-27,21.922515771434277,18.54874982241796
2001-06-28,21.778838957512342,18.510372211961922
2001-06-29,21.708475200350982,18.461206137235408
2001-06-30,21.66633009901647,18.54693706492399
2001-07-01,21.53051491042157,18.539173178008237
2001-07-02,21.472260365268077,18.597887484017615
2001-07-03,21.416292409014154,18.61739167495383
2001-07-04,21.406605809351895,18.542257422929392
2001-07-05,21.447235300692153,18.639762750390688
2001-07-06,21.45469260191414,18.725519249893456
2001-07-07,21.50597462082325,18.828082113936645
2001-07-08,21.6428571132894,18.80384571672112
2001-07-09,21.807967327052314,18.83980252876829
2001-07-10,21.77686543779181,18.81807785196761
2001-07-11,21.674341697850803,18.839394800397788
2001-07-12,21.60434207040431,18.665158403182268
2001-07-13,21.537996655296876,18.553527489700244
2001-07-14,21.459541986786775,18.616451200454613
2001-07-15,21.413539714209975,18.751270066770847
2001-07-16,21.299523814451742,18.909516976843307
2001-07-17,21.218247570122838,19.545439693138235
2001-07-18,21.210294979633712,19.63272339820997
2001-07-19,21.131307021392846,19.45439693138231
2001-07-20,21.395188056760592,19.29998011081119
2001-07-21,21.39873642249231,19.294064497797986
2001-07-22,21.307367370930923,19.0260860917744
2001-07-23,21.199401327118636,18.755264952408016
2001-07-24,21.092289631420314,18.60757778093479
2001-07-25,20.930969405073366,18.482609745702515
2001-07-26,20.876782275557204,18.44460008523938
2001-07-27,20.890652010133458,18.474871430600942
2001-07-28,20.838220994635254,18.499519818155992
2001-07-29,20.945181785442276,18.51704503480608
2001-07-30,20.888463154452477,18.415733769001278
2001-07-31,20.658705169387687,18.449575223753378
2001-08-01,20.650291502467077,18.45197045034806
2001-08-02,20.646440747425196,18.11121608182981
2001-08-03,20.585203869589627,17.954773405313258
2001-08-04,20.56683784813061,17.864629919022594
2001-08-05,20.482735785011762,17.86598948714306
2001-08-06,20.25712396926848,17.674155419803952
2001-08-07,20.21028390651392,17.7884784770564
2001-08-08,20.32786164602447,18.166755220912062
2001-08-09,20.63133529406896,18.28364824548942
2001-08-10,20.658563764612367,18.390993038783918
2001-08-11,20.72164289912906,18.364719420372214
2001-08-12,20.56354646156909,18.327974144054558
2001-08-13,20.511727261814105,18.366571956243785
2001-08-14,20.498221719044913,18.362126722545817
2001-08-15,20.45848490744113,18.363359852251744
2001-08-16,20.41660678213066,18.175863048728516
2001-08-17,20.417745864655426,18.13485296206848
2001-08-18,20.39829908600192,18.16892882511721
2001-08-19,20.355295931715116,18.383861343940907
2001-08-20,20.217323037056676,18.341635175451064
2001-08-21,20.15590342169754,17.758039494246344
2001-08-22,20.14302805328335,17.49322204858645
2001-08-23,20.153182807894808,17.455827532319933
2001-08-24,20.16986532188626,17.62107685750817
2001-08-25,20.16272450491772,17.451876687029404
2001-08-26,20.164495521078216,17.3795070322489
2001-08-27,20.25330775822101,17.519741440545538
2001-08-28,20.31945329834086,17.841147890325335
2001-08-29,20.234958957015603,18.073769001278592
2001-08-30,20.059009193794076,18.06449637732633
2001-08-31,20.021843746895392,18.13082540133542
2001-09-01,20.051402498592598,18.158428754084387
2001-09-02,20.097105507169616,18.283851399346503
2001-09-03,20.073596404444128,17.879176019320926
2001-09-04,20.049167487664356,17.746810626509447
2001-09-05,20.047616940424557,17.760975990907802
2001-09-06,20.056046440871594,18.086938485580344
2001-09-07,20.01726448405469,18.07295070322489
2001-09-08,19.967258957843516,17.827721267225456
2001-09-09,19.875561955657837,17.548650376473937
2001-09-10,19.78803709805609,17.41192925131411
2001-09-11,19.766263287743826,17.319443102713457
2001-09-12,19.68515291254096,17.076860349481457
2001-09-13,19.728418489419504,17.94947435715301
2001-09-14,19.75924533066198,17.708987072027277
2001-09-15,19.812927794979636,17.79662452052849
2001-09-16,19.967776041494215,17.812829947435713
2001-09-17,19.99297337069907,17.872109674669698
2001-09-18,19.940730453356288,17.777454183832933
2001-09-19,19.87241100109286,17.84671118056543
2001-09-20,19.876461589727437,17.932820002841318
2001-09-21,19.907825570420954,17.961230288393242
2001-09-22,19.94114080041067,18.369539707344796
2001-09-23,19.88828194853797,18.70905100156272
2001-09-24,19.963079051726975,18.10232561443387
2001-09-25,19.99515353346357,18.052247478334994
2001-09-26,20.014994494486217,18.06612587015201
2001-09-27,19.88884549789714,17.652545816167073
2001-09-28,19.81440627380199,17.591082540133545
2001-09-29,19.761353487101374,17.63808921721835
2001-09-30,19.73122015431996,17.707441397925848
2001-10-01,19.72006929496304,17.70339536866032
2001-10-02,19.751546904493814,17.915023440829668
2001-10-03,19.682344107030467,17.83492257422929
2001-10-04,19.717941413882198,17.663263247620403
2001-10-05,19.679938590754066,17.364649808211396
2001-10-06,19.684982283008246,17.355273476346074
2001-10-07,19.786256664569304,17.70509873561586
2001-10-08,19.730120231314366,17.690332433584317
2001-10-09,19.64196960790808,17.38948856371644
2001-10-10,19.70479621320004,17.73083392527348
2001-10-11,19.805642572109782,18.193403892598383
2001-10-12,19.859966345994565,18.07191788606336
2001-10-13,19.988113595721398,18.102716294928257
2001-10-14,19.985538029440026,18.36599659042478
2001-10-15,19.93075299284702,18.144389828100582
2001-10-16,19.903240512302553,17.61612729080835
2001-10-17,19.819338551842854,17.196188379031117
2001-10-18,19.745651244328887,17.2454254865748
2001-10-19,19.724478218034932,17.482135246483875
2001-10-20,19.858205906215872,17.492169342236117
2001-10-21,19.848839288671034,17.551434862906667
2001-10-22,20.00689466254921,17.681919306719703
2001-10-23,20.14368173990796,17.944431027134538
2001-10-24,20.24705111434908,17.661339678931668
2001-10-25,20.190255240586826,17.525526353175167
2001-10-26,19.964035831374012,17.174912629634893
2001-10-27,20.00062102609537,16.933195056115927
2001-10-28,20.164796378779375,17.35437988350618
2001-10-29,20.24572668642578,17.465972439266945
2001-10-30,20.236828968937342,17.484925415541984
2001-10-31,20.239581891413035,18.20452052848416
2001-11-01,20.39521690896449,18.13110669129138
2001-11-02,20.57856119813227,18.70766159965904
2001-11-03,20.60302670795112,18.711464696689877
2001-11-04,20.627347149551287,18.54497229720131
2001-11-05,20.690678937477244,18.15019320926268
2001-11-06,20.626213593237726,17.727172893876972
2001-11-07,20.647665144716377,17.55559170336695
2001-11-08,20.623546006225773,17.61891319789743
2001-11-09,20.78092209077066,18.763822986219637
2001-11-10,20.882500931383962,18.935193919590855
2001-11-11,20.712749445309175,18.897796562011653
2001-11-12,20.58920991737589,18.887891745986643
2001-11-13,20.624357055336635,18.618691575507885
2001-11-14,20.75737072391303,18.609589430316806
2001-11-15,20.788625194555763,18.548501207557898
2001-11-16,20.75943785806542,18.7070620826822
2001-11-17,20.848644525946266,18.950617985509304
2001-11-18,20.86571760025827,18.817978406023585
2001-11-19,20.976340571911045,19.083553061514422
2001-11-20,21.118495566612552,19.551679215797698
2001-11-21,21.357088493890203,20.29818155988066
2001-11-22,21.28392681806136,20.05119051001563
2001-11-23,21.184032043746097,19.84751385139935
2001-11-24,21.272503249495024,19.919286830515702
2001-11-25,21.33052538331625,19.827815030544112
2001-11-26,21.335336229592343,19.78014348629066
2001-11-27,21.28921008295528,19.875054695269217
2001-11-28,21.416547132165416,20.108067907373208
2001-11-29,21.498559273272196,20.28316096036369
2001-11-30,21.430107523098336,20.095412700667715
2001-12-01,21.368197937709027,19.86670833925274
2001-12-02,21.46909312183331,19.834342946441257
2001-12-03,21.475255261284264,19.89440119335133
2001-12-04,21.44890078070669,19.7387839181702
2001-12-05,21.4911539225751,19.226904389828103
2001-12-06,21.564937804252104,19.18866316238102
2001-12-07,21.627699771500506,19.250689018326472
2001-12-08,21.774429661886963,19.43074158261117
2001-12-09,21.7838838502169,19.568739877823553
2001-12-10,21.676810982879072,19.928901832646684
2001-12-11,21.74075127496114,20.257212672254585
2001-12-12,21.823554409378396,19.829737178576504
2001-12-13,21.82748766433756,19.480166216792156
2001-12-14,21.92074305808525,19.772497513851402
2001-12-15,22.03073117776597,19.739356442676517
2001-12-16,22.133330380501405,19.708573661031394
2001-12-17,22.162678805013723,19.999502770279864
2001-12-18,22.068483541411357,20.24900127859072
2001-12-19,22.08194526774183,20.193896860349483
2001-12-20,22.214771914428567,20.231316948430177
2001-12-21,22.419266566215143,20.44808211393664
2001-12-22,22.694567465311167,20.688062224747835
2001-12-23,22.763126800675604,20.602548657479762
2001-12-24,22.782336759446313,20.306266515129995
2001-12-25,23.094188495545954,20.787343372638166
2001-12-26,23.49392648690265,20.58006392953545
2001-12-27,23.461853247011305,20.477334848700107
2001-12-28,23.068854273603364,20.248647535161243
2001-12-29,23.168050923932867,20.193236255149877
2001-12-30,23.470804156869853,20.725597385992327
2001-12-31,23.508811471338205,20.879973007529482
2002-01-01,23.37972727009312,21.138907515272063
2002-01-02,23.363591271483966,21.325854524790447
2002-01-03,23.56219301586256,21.478394658332157
2002-01-04,23.694259280723294,21.4006407160108
2002-01-05,23.63145790558668,21.22464412558602
2002-01-06,23.286610528363756,21.027499644835913
2002-01-07,23.138029709077024,20.30154283278875
2002-01-08,23.31246437973964,20.285010654922576
2002-01-09,23.622819671656153,20.520784202301467
2002-01-10,23.815708783157262,20.790463133967894
2002-01-11,23.718374093452965,20.861978974286128
2002-01-12,23.741448508957884,21.09818013922433
2002-01-13,23.809340207636517,21.292079840886494
2002-01-14,23.89693543646724,21.29154425344509
2002-01-15,23.894426039838436,21.12778093479187
2002-01-16,23.723680125509194,21.15075010654923
2002-01-17,23.594417802265124,21.38500213098452
2002-01-18,23.909265903897694,21.350450348060807
2002-01-19,24.207327010961382,21.548982810058245
2002-01-20,24.396282805411182,21.602746128711466
2002-01-21,24.378551677318942,21.534084386986788
2002-01-22,24.421920782693654,21.527394516266522
2002-01-23,24.222275019041664,21.730562579911922
2002-01-24,24.12937514488193,21.868808069328036
2002-01-25,24.06217585770113,21.8502202017332
2002-01-26,24.16885501871041,21.922341241653644
2002-01-27,24.42825827068911,21.929597954254866
2002-01-28,24.407928788455845,21.900343798835063
2002-01-29,24.41752440225855,22.022324193777532
2002-01-30,24.579921950028208,22.15112515982384
2002-01-31,24.749329693347065,22.174324477908794
2002-02-01,24.875961767725286,22.120187526637306
2002-02-02,25.28050723167859,22.665529194487853
2002-02-03,25.27649323608312,22.627694274754937
2002-02-04,25.25773630244726,22.60372496093196
2002-02-05,25.43646361807463,23.02853246199744
2002-02-06,25.39588139964238,24.65408012501776
2002-02-07,25.486021252111183,24.93318511152152
2002-02-08,25.908270647746495,25.45170904958091
2002-02-09,26.171085310626886,25.715658474215093
2002-02-10,26.342373331787982,25.77067197045035
2002-02-11,26.366689530416934,26.14623241937775
2002-02-12,26.431159490181074,24.88577780934792
2002-02-13,26.214088299334392,24.429133399630636
2002-02-14,26.052813690101697,24.561841170620827
2002-02-15,25.979857601748492,24.502182128143204
2002-02-16,25.933399571977372,24.219667566415687
2002-02-17,25.85178581481609,24.239975848842164
2002-02-18,25.80640032536343,24.152649524080125
2002-02-19,26.149812129516192,24.136823412416547
2002-02-20,26.272578277643497,24.14238528200028
2002-02-21,26.362536675828707,24.140865179713025
2002-02-22,26.65026765903902,25.668761187668707
2002-02-23,26.565767501738566,25.302416536439836
2002-02-24,26.487715874093396,25.241498792442112
2002-02-25,26.347879404411035,25.257965620116497
2002-02-26,26.385480035268422,24.901693422361134
2002-02-27,26.615073600026523,24.729666145759342
2002-02-28,26.771288062555808,24.707869015485162
2002-03-01,26.84011977597108,24.535321778661746
2002-03-02,26.799654539358187,24.551285693990618
2002-03-03,26.79872381776346,24.580279869299616
2002-03-04,26.881242114282887,25.573156698394655
2002-03-05,26.812375753386057,25.529519818155993
2002-03-06,26.783623828525954,25.334216508026714
2002-03-07,26.76157484601119,25.699668987072037
2002-03-08,26.699145237937543,25.939397641710467
2002-03-09,26.725292268271694,25.71827106123029
2002-03-10,26.828382579395317,25.654514845858788
2002-03-11,27.30047763436771,26.91706776530758
2002-03-12,27.607124693678237,27.13668134678222
2002-03-13,27.8659444439845,27.612162238954404
2002-03-14,28.065834354406043,27.457975564710903
2002-03-15,27.997305630526284,26.96447506748118
2002-03-16,27.83432215948597,26.62420088080693
2002-03-17,27.711289573467532,26.41448927404462
2002-03-18,27.574360760174887,26.346331865321783
2002-03-19,27.43719496142,26.24500781360989
2002-03-20,27.715276890088408,26.39315243642563
2002-03-21,27.84179237589823,26.285294786191223
2002-03-22,27.780674466834466,26.084905526353175
2002-03-23,27.645865234957128,25.945990907799402
2002-03-24,27.64708031840913,25.752733342804373
2002-03-25,27.468473627347134,25.763483449353604
2002-03-26,27.22774232539654,25.829965904247764
2002-03-27,27.03718529572479,25.751751669271208
2002-03-28,26.763556644699786,25.41155988066487
2002-03-29,26.866825740139717,25.325600227305014
2002-03-30,26.852555241414652,24.712244637022312
2002-03-31,26.795824874987584,24.405784912629628
2002-04-01,26.65423463009569,24.15153857081972
2002-04-02,26.706611087194087,24.53759056684189
2002-04-03,26.76731678643571,24.54962352606905
2002-04-04,26.742385977911706,24.304205142775963
2002-04-05,26.955027237805076,24.08173035942606
2002-04-06,26.96645370401026,24.03975138513994
2002-04-07,26.938046370500384,23.92860633612729
2002-04-08,26.93342991439544,23.624952408012508
2002-04-09,26.899159250091138,23.530947577780935
2002-04-10,27.052047306023834,24.481375195340245
2002-04-11,26.98704782345935,24.440339536866038
2002-04-12,26.861485722919483,24.189461571245925
2002-04-13,26.841049400602678,24.095249325188234
2002-04-14,26.719419913401975,23.30386702656628
2002-04-15,26.556044516011546,23.122517403040206
2002-04-16,26.304119531741513,23.047836340389267
2002-04-17,25.946085890154617,21.612003125443955
2002-04-18,25.738415550385817,21.47120755789175
2002-04-19,25.678244796668526,21.489204432447796
2002-04-20,25.687067879259573,21.4945872993323
2002-04-21,25.530405524555427,21.34676516550647
2002-04-22,25.45250800990159,21.513124023298758
2002-04-23,25.480630898764797,21.43898565137093
2002-04-24,25.451969318144265,21.21741866742435
2002-04-25,25.474214388018705,21.346383008950138
2002-04-26,25.725015854223905,21.72734053132547
2002-04-27,25.88980579610556,21.781007245347354
2002-04-28,26.000260808192834,22.117329166074725
2002-04-29,26.06623373182768,22.085158403182273
2002-04-30,25.940221917740235,21.93910782781646
2002-05-01,25.509997930257978,21.731373774683902
2002-05-02,25.34358706990762,21.6601150731638
2002-05-03,25.407704718183908,21.723589998579335
2002-05-04,25.556873592575442,21.832942179286835
2002-05-05,25.54484160264268,21.96712317090495
2002-05-06,25.50191068235259,22.132885353033103
2002-05-07,25.58110532503232,22.542727660179008
2002-05-08,25.693905892969475,22.693979258417386
2002-05-09,25.555431934463726,22.50413553061515
2002-05-10,25.440249693678183,22.404898423071455
2002-05-11,25.478818280789486,22.551557039352186
2002-05-12,25.355351380104022,22.61616991049865
2002-05-13,25.217057509851912,22.508734195198183
2002-05-14,25.102199266483353,22.12175735189658
2002-05-15,25.1555407614995,22.0056883079983
2002-05-16,25.220529750471893,21.979866458303743
2002-05-17,25.121156820213983,21.95341951981816
2002-05-18,25.108985101996875,22.012635317516697
2002-05-19,25.06995589379735,21.77335416962637
2002-05-20,25.033933006590054,21.61942037221197
2002-05-21,24.947065871609816,21.509139082256002
2002-05-22,24.870412934231872,21.475777809347914
2002-05-23,25.018287184985223,21.418683051569825
2002-05-24,25.1517305940987,21.322001704787613
2002-05-25,25.228556375633342,21.293418099161816
2002-05-26,25.277867958737605,21.854298906094616
2002-05-27,25.176222617312945,21.85623952265947
2002-05-28,24.90618254710726,21.54715158403182
2002-05-29,24.752965898930317,21.238434436709767
2002-05-30,24.656402684869413,21.37646824833073
2002-05-31,24.532775006623186,21.434033243358435
2002-06-01,24.30136936202277,20.380245773547383
2002-06-02,24.316194572308486,20.352024435289103
2002-06-03,24.31271024439517,20.336709759909084
2002-06-04,24.121096528628726,20.08339678931667
2002-06-05,23.88421908633301,20.014887057820715
2002-06-06,23.63386282163791,19.7711137945731
2002-06-07,23.42965342169754,19.558275323199318
2002-06-08,23.249690635659174,19.332058531041337
2002-06-09,22.98174646902016,19.1211237391675
2002-06-10,22.91767634202077,19.023314391248757
2002-06-11,22.966386520184155,19.00489416110243
2002-06-12,23.098123033745036,19.033551640858082
2002-06-13,23.10085892224394,19.270286972581335
2002-06-14,23.080030280325936,19.403607046455463
2002-06-15,22.999913401993624,19.208911777241088
2002-06-16,22.806880940159616,19.106059099303884
2002-06-17,22.78264303987155,19.169099303878394
2002-06-18,22.77475529440021,19.27368944452337
2002-06-19,22.618059471967424,19.297976985367246
2002-06-20,22.674228731330924,19.17524790453189
2002-06-21,22.75556992416463,19.177434294644126
2002-06-22,22.915873265556115,19.30868163091348
2002-06-23,22.979183093519183,19.44121892314249
2002-06-24,23.08897667814687,19.49438840744424
2002-06-25,23.08382840182803,19.508134678221342
2002-06-26,22.927405557671285,19.332169342236117
2002-06-27,22.786896463224775,19.5336411422077
2002-06-28,22.652464338344863,19.407545105838906
2002-06-29,22.57604687551748,19.16199602216224
2002-06-30,22.582457218432314,19.174168205711034
2002-07-01,22.500372139616516,18.95030686177014
2002-07-02,22.40884512534358,18.85766444097173
2002-07-03,22.31536466784783,18.829754226452618
2002-07-04,22.18050300940493,18.791075436851827
2002-07-05,22.07436866658941,18.913037363261832
2002-07-06,22.055198281286195,19.116341809916182
2002-07-07,21.850926561413395,19.163003267509595
2002-07-08,21.653416771533593,18.42614575934082
2002-07-09,21.394820304997165,18.154956669981537
2002-07-10,21.58488862718147,18.036726807785193
2002-07-11,21.64039981206743,18.610022730501495
2002-07-12,21.693164014637233,19.179730075294792
2002-07-13,21.639161299135704,19.36651512999006
2002-07-14,21.697455935192213,19.96488563716437
2002-07-15,21.789523876544077,20.178519676090357
2002-07-16,21.80138024886577,20.48258133257565
2002-07-17,21.850462608040576,20.939937491120894
2002-07-18,21.819728097989895,20.75240801250178
2002-07-19,21.80615030052655,20.494456598948712
2002-07-20,21.77100428022653,19.561120897854806
2002-07-21,21.792312315792994,19.546831936354597
2002-07-22,21.769278115375673,19.857002415115787
2002-07-23,21.709951216180457,19.85103565847422
2002-07-24,21.709024054541874,19.83777383151016
2002-07-25,21.759870496241305,20.004449495666996
2002-07-26,21.837270610491082,20.201770137803667
2002-07-27,21.880476640891526,20.171647961358154
2002-07-28,21.81290531758122,19.941238812331303
2002-07-29,21.772935121866436,19.914588719988636
2002-07-30,21.78339029953304,20.010845290524227
2002-07-31,21.74679726048944,20.018472794431023
2002-08-01,21.727187779415157,19.66522801534309
2002-08-02,21.69359994370301,19.452085523511865
2002-08-03,21.64913145345559,19.431682057110386
2002-08-04,21.571995872934423,19.594682483307288
2002-08-05,21.502301118488607,19.662798692996162
2002-08-06,21.42007148888957,19.450504333001852
2002-08-07,21.289351053084733,19.261099588009667
2002-08-08,21.073767303043297,19.13630487285126
2002-08-09,20.99497897142103,19.127802244637024
2002-08-10,20.94241205666127,19.114682483307288
2002-08-11,20.80386205583336,18.781375195340246
2002-08-12,20.73336326870218,18.892238954396934
2002-08-13,20.69495214756438,18.988083534592988
2002-08-14,20.66253789697655,18.795443955107256
2002-08-15,20.6772442626751,18.673223469242792
2002-08-16,20.68260559823822,18.714639863616995
2002-08-17,20.653498298672048,18.72820144906947
2002-08-18,20.58736345911847,18.568307998295214
2002-08-19,20.540638825876762,18.37936354595824
2002-08-20,20.512450595257825,18.049765591703366
2002-08-21,20.503059244295763,18.224388407444245
2002-08-22,20.46191676739415,18.26548657479756
2002-08-23,20.313699229228018,18.268025287682914
2002-08-24,20.320155023677877,18.31139366387271
2002-08-25,20.337614436036734,18.54985793436568
2002-08-26,20.330154630426915,18.626992470521376
2002-08-27,20.359452822300266,18.54962920869442
2002-08-28,20.418334126734493,18.516826253729224
2002-08-29,20.364918679835725,18.00287114646967
2002-08-30,20.339007165446905,17.9010384997869
2002-08-31,20.31448548282939,18.12916323341384
2002-09-01,20.35687982249889,18.179627788038076
2002-09-02,20.401014442659896,18.20829379173178
2002-09-03,20.44248302811536,18.454298906094618
2002-09-04,20.544588866443735,18.528502628214234
2002-09-05,20.58885462545951,18.51272623952266
2002-09-06,20.61691716064512,18.51332291518682
2002-09-07,20.648834673146343,18.838374769143346
2002-09-08,20.85098385187272,19.282349765591704
2002-09-09,20.9852325769116,19.38753089927547
2002-09-10,21.04289985346226,19.47593550220202
2002-09-11,21.060096263701666,19.463830089501354
2002-09-12,21.347126473656303,19.726543543116925
2002-09-13,21.3864599753287,19.805007813609887
2002-09-14,21.355948479981407,19.89539139082256
2002-09-15,21.26908925141564,19.716006535019186
2002-09-16,21.190476558101803,19.349737178576508
2002-09-17,21.240602212140285,19.456134394090075
2002-09-18,21.292718461271058,19.730635033385422
2002-09-19,21.188806669536735,20.225509305299056
2002-09-20,20.96743755588298,20.020922005966764
2002-09-21,20.801726951352755,19.79548089217218
2002-09-22,21.10380964996526,19.751257280863758
2002-09-23,21.204659837897818,20.02889472936497
2002-09-24,21.192600920621263,20.199661883790316
2002-09-25,21.150831001423974,20.610194629919025
2002-09-26,21.180925257475906,20.528261116635893
2002-09-27,21.069017907407996,20.475486574797564
2002-09-28,21.03541523164553,19.77758488421651
2002-09-29,21.046897498095856,19.783185111521522
2002-09-30,20.99569901397493,19.623605625799126
2002-10-01,21.06811361641882,20.68786759482882
2002-10-02,21.076185299864225,20.625844580196063
2002-10-03,20.952603093850346,20.47820286972581
2002-10-04,20.793560473722607,19.94226878818014
2002-10-05,20.726240168725383,19.71519676090354
2002-10-06,20.96195565784685,19.756922858360568
2002-10-07,21.363787338146167,19.93702940758631
2002-10-08,21.455876390866678,19.905615854524793
2002-10-09,21.555581473325187,19.879434578775392
2002-10-10,21.607010485313136,20.164415399914756
2002-10-11,21.78963843676519,20.400477340531328
2002-10-12,22.028162379540962,20.7106506606052
2002-10-13,22.007665889823453,20.98166216792158
2002-10-14,22.013748468390887,21.31487427191362
2002-10-15,22.096637435010102,21.421484585878684
2002-10-16,22.121760460476168,21.48719278306578
2002-10-17,22.18498743666593,21.559082256002277
2002-10-18,22.219600560486125,21.59343230572524
2002-10-19,22.151801089512205,21.121160676232424
2002-10-20,22.10354062489649,21.04245347350476
2002-10-21,22.05392522436003,21.066884500639294
2002-10-22,21.989116820379557,21.11590140644978
2002-10-23,21.9947055791966,21.035105838897564
2002-10-24,21.97901358164722,20.588664583037364
2002-10-25,21.987163915289635,20.407360420514276
2002-10-26,22.040051433089385,20.352542974854384
2002-10-27,22.165877632711855,20.19447222616849
2002-10-28,22.275703174156448,20.138927404460855
2002-10-29,22.371897477398473,20.17185395652792
2002-10-30,22.51677271334902,20.280842449211534
2002-10-31,22.56233816687083,20.4105682625373
2002-11-01,22.57036690316917,20.380473078562293
2002-11-02,22.528849906447633,20.378552351186247
2002-11-03,22.56164933602676,20.82217360420515
2002-11-04,22.458564758088563,20.83055973859924
2002-11-05,22.425696426797366,20.81261116635886
2002-11-06,22.445159494320585,20.856890183264674
2002-11-07,22.480030714971672,21.108205711038497
2002-11-08,22.471848362420182,21.214743571530054
2002-11-09,22.347408434612714,21.179605057536588
2002-11-10,22.315484278239552,21.13212530188948
2002-11-11,22.321660015895645,20.92493393948004
2002-11-12,22.40069003129449,20.820681915044755
2002-11-13,22.55035038662781,20.810534166785057
2002-11-14,22.711488599860896,20.996334706634467
2002-11-15,22.975204014471643,21.397853388265375
2002-11-16,23.151772858231038,21.466131552777384
2002-11-17,23.188899456071823,21.557215513567275
2002-11-18,23.16676969152568,21.7905583179429
2002-11-19,23.171715484981945,21.926191220343796
2002-11-20,23.316455463291053,22.069802528768292
2002-11-21,23.45812918087888,22.131056968319363
2002-11-22,23.538328579825787,22.21954396931382
2002-11-23,23.696703170016843,22.216303452194914
2002-11-24,23.807961428287584,21.978386134394093
2002-11-25,23.804628357121576,21.993528910356588
2002-11-26,23.6975147158658,21.97299758488422
2002-11-27,23.351261611252728,21.7024023298764
2002-11-28,23.139838208265747,21.499535445375763
2002-11-29,23.173659924826925,21.461065492257426
2002-11-30,23.31959335778392,21.48957664440972
2002-12-01,23.26390823177798,21.562665151299903
2002-12-02,23.214495003642774,21.628387555050434
2002-12-03,23.32696399890714,21.79548231282853
2002-12-04,23.462171987283547,22.04623241937775
2002-12-05,23.538861869556555,22.131041341099586
2002-12-06,23.561073720071544,22.348485580338124
2002-12-07,23.58353733400665,22.619883506179857
2002-12-08,23.745019165811147,22.41186390112233
2002-12-09,24.052052211312386,22.33028413126865
2002-12-10,24.1557039606584,22.50954681062651
2002-12-11,24.251360441434652,22.884428185821864
2002-12-12,24.27675232639014,22.66728086375906
2002-12-13,24.255877239461007,22.382157976985365
2002-12-14,24.14330072109814,22.25226026424208
2002-12-15,24.07934784498462,22.246066202585595
2002-12-16,24.115660185614473,22.31472368234124
2002-12-17,24.19726407010633,22.748070748685894
2002-12-18,24.11169704358047,22.548837903111238
2002-12-19,23.864372164453407,21.692116777951412
2002-12-20,23.623408533960315,21.552682199176022
2002-12-21,23.53830314269629,22.100240090922014
2002-12-22,23.521252876941375,22.182905242221914
2002-12-23,23.734339876477776,22.212331297059244
2002-12-24,23.55250583667253,22.51235828952976
2002-12-25,23.534902742822126,22.703349907657337
2002-12-26,23.63193382206841,22.87557181417816
2002-12-27,23.725598672881443,22.919045318937346
2002-12-28,23.94595367503399,22.917266657195633
2002-12-29,24.331485536642745,23.18509305299049
2002-12-30,24.51090594678278,23.157314959511304
2002-12-31,24.511808209424768,23.179856513709332
2003-01-01,24.54089228648542,23.459711606762326
2003-01-02,24.51322945988009,23.15410143486291
2003-01-03,24.63053699456906,23.033636880238674
2003-01-04,24.671967062125375,23.102386702656624
2003-01-05,24.75347066761597,23.38401477482597
2003-01-06,24.80709718680667,23.17337405881517
2003-01-07,24.69598716345991,22.88437135956812
2003-01-08,24.321350920621335,22.30111237391675
2003-01-09,24.27311945309137,22.484246341809918
2003-01-10,24.316174702785,22.48890041199034
2003-01-11,24.352199266483446,22.309235686887344
2003-01-12,24.381839379739702,22.27687313538855
2003-01-13,24.41044654684243,22.061937775252172
2003-01-14,24.450513378812474,22.174060235828954
2003-01-15,24.403814762228112,22.205300468816603
2003-01-16,24.31269571480613,22.21314107117488
2003-01-17,24.013450818789966,21.661525784912634
2003-01-18,24.017734832930426,21.660819718710048
2003-01-19,24.038604414345812,21.651224605767865
2003-01-20,24.167369254396156,21.786529336553492
2003-01-21,24.703198351657434,21.876161386560593
2003-01-22,24.75823759396635,21.904945304730788
2003-01-23,24.62305967894161,21.927508168773976
2003-01-24,24.326943053117876,21.647957096178445
2003-01-25,24.510505120541808,21.48221196192641
2003-01-26,24.567425799748314,21.706898707202733
2003-01-27,24.71776250538141,21.773338542406595
2003-01-28,24.81621373811963,21.80448217076289
2003-01-29,24.845183875881734,21.737489700241515
2003-01-30,24.854566947875618,21.58901548515415
2003-01-31,25.18520190333477,22.970433300184684
2003-02-01,25.360526438884616,23.10786617417247
2003-02-02,25.651732374076925,23.05753658190084
2003-02-03,25.784268698049377,23.170394942463425
2003-02-04,25.868159916547945,23.18527915897144
2003-02-05,25.91188501755144,23.334365676942753
2003-02-06,25.922648297016302,23.530139224321633
2003-02-07,25.78798287081498,23.56385424065918
2003-02-08,25.53971557605062,23.54603921011508
2003-02-09,25.611386747855754,23.720450348060805
2003-02-10,25.768733793919974,23.665885779230006
2003-02-11,25.813916200284794,23.693091348202866
2003-02-12,26.05287652746967,23.80922716294928
2003-02-13,26.318675365102486,24.01172609745702
2003-02-14,26.404416415537966,24.195434010512855
2003-02-15,26.558355983210188,24.24888762608325
2003-02-16,26.691284212835672,24.222459156130142
2003-02-17,26.636419573964282,23.799177439977267
2003-02-18,26.59128394376924,23.746871714732208
2003-02-19,26.394060316422184,23.500278448643268
2003-02-20,26.26881875683014,23.568941611024297
2003-02-21,26.168327172401234,23.434075863048733
2003-02-22,26.431219471305067,22.961993180849554
2003-02-23,26.348530048514778,22.9288890467396
2003-02-24,26.21442761284222,22.870322488989913
2003-02-25,26.046812845646997,22.936387270919163
2003-02-26,25.865043257608367,22.891277170052565
2003-02-27,25.813180365599276,22.850225884358576
2003-02-28,25.73783732655563,22.80059383435147
2003-03-01,25.661948972580042,22.57914192356869
2003-03-02,25.569029270291793,22.451088222758923
2003-03-03,25.622915749081027,22.35831936354596
2003-03-04,25.5626477174885,22.23680210257139
2003-03-05,25.481749345961582,22.25127432873988
2003-03-06,25.48234238914465,22.215404176729656
2003-03-07,25.510928693247617,22.685902827106123
2003-03-08,25.52608876709604,22.658836482454902
2003-03-09,25.508421676822238,22.726657195624384
2003-03-10,25.599699887406054,23.11251882369655
2003-03-11,25.70140285044874,23.08218639011223
2003-03-12,25.82616569940719,23.314997869015496
2003-03-13,26.050374602609583,23.404710896434153
2003-03-14,26.45271587409337,23.70852535871573
2003-03-15,26.97899031774677,24.126715442534454
2003-03-16,27.53701458340232,24.86240943315812
2003-03-17,27.79492103934166,25.00272055689729
2003-03-18,27.922049251581274,25.023970734479335
2003-03-19,27.963520465609204,25.06405739451627
2003-03-20,27.953432625757596,25.078646114504913
2003-03-21,27.771001486074802,24.941376615996596
2003-03-22,27.572734212007834,24.51712601221764
2003-03-23,27.375040380667002,23.844658332149457
2003-03-24,27.20293795741297,23.47663588577923
2003-03-25,27.096777804914407,23.479920443244783
2003-03-26,27.04441782296255,23.64356584742151
2003-03-27,27.112101636751955,23.729758488421655
2003-03-28,27.174620678378723,23.767297911635172
2003-03-29,27.089008552174064,23.38508879102146
2003-03-30,26.904701170646078,22.974635601647964
2003-03-31,26.506754768685646,22.39095752237534
2003-04-01,26.155217571281923,22.203803097030832
2003-04-02,25.95363678511105,21.77564000568263
2003-04-03,25.753527730403647,21.39898423071459
2003-04-04,25.422775958704495,21.259018326466826
2003-04-05,25.245444042454544,21.148612018752665
2003-04-06,25.12909349438689,20.819012643841457
2003-04-07,25.085624772328444,20.520190367949994
2003-04-08,25.17256151273301,20.50588151726097
2003-04-09,25.124703675033913,20.611565563290245
2003-04-10,25.225384992714517,20.92147464128428
2003-04-11,25.308359108520694,21.029767012359716
2003-04-12,25.28814813971594,20.79260548373349
2003-04-13,24.974116696195047,20.69105838897571
2003-04-14,24.77349567009965,20.335436851825545
2003-04-15,24.636097604894434,20.071213240517125
2003-04-16,24.629513113885462,19.61960931950561
2003-04-17,24.447271190018824,19.343489131978973
2003-04-18,24.317646289366476,19.26740872282995
2003-04-19,24.17496239278737,19.23693990623669
2003-04-20,24.051377951452114,18.77543827248189
2003-04-21,24.017770805046876,18.939973007529478
2003-04-22,24.096015518925743,19.20086660036937
2003-04-23,24.267966147299347,19.409012643841457
2003-04-24,24.287956895552504,19.520833925273475
2003-04-25,24.159774812067432,19.476935644267655
2003-04-26,24.007573393052176,19.439681772979114
2003-04-27,23.90161009371798,19.44036510868021
2003-04-28,23.87020175845287,19.719776956954117
2003-04-29,23.81850775739308,19.85645120045461
2003-04-30,23.904245454846524,20.02758914618554
2003-05-01,23.755763589926175,20.482251740304022
2003-05-02,23.81801027419943,20.80825401335417
2003-05-03,23.691639566844408,20.534010512856938
2003-05-04,23.49821530284469,20.40572098309419
2003-05-05,23.242763064211676,20.622915186816307
2003-05-06,22.978617743484424,20.30366245205285
2003-05-07,22.844399402258524,19.71101434862907
2003-05-08,22.858911150114224,19.59119193067197
2003-05-09,22.92947111881978,19.62181986077568
2003-05-10,22.8771421416035,19.665442534450918
2003-05-11,22.75965569841371,19.57982525926979
2003-05-12,22.626167210318936,19.4916792157977
2003-05-13,22.616413054276908,19.641373774683903
2003-05-14,22.559759827135178,19.655067481176303
2003-05-15,22.551731194323896,19.444980821139367
2003-05-16,22.504926710434813,19.488994175308996
2003-05-17,22.399898706825198,19.110615144196622
2003-05-18,22.24243124316984,18.981282852677936
2003-05-19,22.220797719972175,19.201230288393237
2003-05-20,22.318878717256652,19.719847989771274
2003-05-21,22.345681710931533,19.838266799261262
2003-05-22,22.372469388515437,19.514423923852828
2003-05-23,22.379153247839177,19.1307557891746
2003-05-24,22.3621582028017,18.96844864327319
2003-05-25,22.415132318607814,18.885827532319933
2003-05-26,22.51208044259363,19.223756215371502
2003-05-27,22.525823198496564,19.561812757493968
2003-05-28,22.495211651819755,19.706054837334854
2003-05-29,22.417798084246783,19.888823696547803
2003-05-30,22.414642638341522,19.45495666998153
2003-05-31,22.39021175530682,19.04333854240659
2003-06-01,22.333048647216703,18.968775394232136
2003-06-02,22.422095158459417,19.184895581758774
2003-06-03,22.56011151770044,19.194061656485296
2003-06-04,22.52606413716593,19.054601505895725
2003-06-05,22.438607374076824,19.276077567836346
2003-06-06,22.421105925257514,19.379877823554484
2003-06-07,22.238355072523802,19.238890467395937
2003-06-08,22.188217413981526,19.13323483449354
2003-06-09,22.116623071000433,18.99226878818014
2003-06-10,22.01780777063941,18.649373490552637
2003-06-11,21.945604219790052,18.299892030117913
2003-06-12,22.14142360996128,18.090063929535447
2003-06-13,22.193878510282556,18.121734621395085
2003-06-14,22.149837276881776,18.269356442676518
2003-06-15,22.029801967082776,17.936283563006107
2003-06-16,21.703076091995857,17.936313396789316
2003-06-17,21.5228314898831,17.80680352322773
2003-06-18,21.461266578633637,17.725750816877405
2003-06-19,21.477222178527647,17.884524790453188
2003-06-20,21.682583162234597,18.168728512572816
2003-06-21,22.018056967579543,18.52095752237534
2003-06-22,22.3676461030897,19.60774683903964
2003-06-23,22.465547157002405,19.579052422219064
2003-06-24,22.49394838477328,19.632381020031257
2003-06-25,22.218325495910157,19.395168347776675
2003-06-26,22.126667156505576,19.288067907373208
2003-06-27,22.329837256184394,19.318594970876546
2003-06-28,22.414649158029043,19.8417417246768
2003-06-29,22.41918201725341,19.783035942605487
2003-06-30,22.532371738086596,19.83347776672823
2003-07-01,22.44292193760968,19.780751527205574
2003-07-02,22.332777987051735,19.587633186532173
2003-07-03,22.223947163625493,19.14311407870436
2003-07-04,22.04602545368747,18.92005824691007
2003-07-05,21.948267129184977,19.198928825117203
2003-07-06,21.905237834056344,19.317280863759052
2003-07-07,21.786779688379596,19.126975422645263
2003-07-08,21.69069733748388,18.958272481886635
2003-07-09,21.62735720849758,18.6487412984799
2003-07-10,21.547257488326668,18.702189231424917
2003-07-11,21.462927753584832,18.76130842449212
2003-07-12,21.435898433619233,18.77337405881518
2003-07-13,21.44492112213137,18.678232703509018
2003-07-14,21.47363610209622,18.737503906804942
2003-07-15,21.416217091101775,18.608036652933656
2003-07-16,21.38124387356361,18.307961358147463
2003-07-17,21.393591499155576,18.182209120613727
2003-07-18,21.28563062969834,17.6924350049723
2003-07-19,21.1886169155877,17.46126154283279
2003-07-20,21.060242159817165,17.409551072595544
2003-07-21,20.961037582375752,17.817752521665007
2003-07-22,20.924321579958256,17.74870578207132
2003-07-23,20.8629871344836,17.716330444665434
2003-07-24,20.802920654369657,17.530022730501493
2003-07-25,20.785889802794994,17.410885068901834
2003-07-26,20.747682861708125,17.282949282568552
2003-07-27,20.762538310924903,17.334838755505043
2003-07-28,20.78977092095245,17.587617559312406
2003-07-29,20.930884400768278,18.00750390680495
2003-07-30,21.003717670629502,18.05080551214661
2003-07-31,21.001278355465818,17.928370507174314
2003-08-01,21.024481032884093,18.235536297769567
2003-08-02,21.000192382521394,18.645431169200172
2003-08-03,21.065580541941216,18.930511436283567
2003-08-04,21.070949866708602,19.119340815456734
2003-08-05,20.98479312928433,18.9973348487001
2003-08-06,20.867986223797026,19.099147606194066
2003-08-07,20.815109303076476,19.12076005114363
2003-08-08,20.80805210368579,19.16503906804944
2003-08-09,20.843719285028335,19.111520102287262
2003-08-10,20.848072821803484,18.936233840034095
2003-08-11,20.847141313706665,18.75401051285694
2003-08-12,20.84930086184061,19.090001420656346
2003-08-13,20.91183966950359,19.56762466259412
2003-08-14,20.987473238235623,19.83706492399489
2003-08-15,21.255406600821253,20.35539991476062
2003-08-16,21.502115773090054,21.419451626651515
2003-08-17,21.685085749412178,21.676130132121045
2003-08-18,21.78811034622648,22.613770421934934
2003-08-19,21.7379850233467,22.664239238528204
2003-08-20,21.64800478938311,22.22562011649382
2003-08-21,21.531751746862277,21.819541128001138
2003-08-22,21.4451390038746,20.9432731922148
2003-08-23,21.364051375136604,20.802615428327893
2003-08-24,21.29696809699638,20.792248898991343
2003-08-25,21.183432191111713,20.668880522801537
2003-08-26,21.093874122429394,19.87110811194772
2003-08-27,20.995931694373617,19.687555050433307
2003-08-28,20.97832154270289,19.586257991191932
2003-08-29,20.931491414710123,19.605517829237105
2003-08-30,20.86019836407588,19.281868163091346
2003-08-31,20.860223263072527,19.498818013922435
2003-09-01,20.832056806139647,19.584683903963644
2003-09-02,20.813764219127716,19.524685324619977
2003-09-03,20.840539540351685,20.05261400767154
2003-09-04,20.8205191119979,20.217179997158684
2003-09-05,20.755019041626685,20.079724392669412
2003-09-06,20.686243294035826,20.01169200170479
2003-09-07,20.517575607676278,19.887650234408294
2003-09-08,20.432664068450507,19.81846142918028
2003-09-09,20.305552745305874,17.874494956669984
2003-09-10,20.169053569063124,17.518175877255292
2003-09-11,20.15294979633736,17.830234408296636
2003-09-12,20.075335174023895,18.0390666287825
2003-09-13,20.055424007351725,17.75378462849837
2003-09-14,20.04600819203894,17.389592271629496
2003-09-15,20.05562500000006,17.388434436709762
2003-09-16,20.135901517534865,17.524979400483026
2003-09-17,20.16377212554232,17.365598806648677
2003-09-18,20.16896272808561,17.260328171615292
2003-09-19,20.177503580653692,17.315147037931528
2003-09-20,20.230707292942984,17.338008239806793
2003-09-21,20.348106786270193,17.933643983520394
2003-09-22,20.408389223267207,18.03814178150305
2003-09-23,20.41232032569458,17.87181133683762
2003-09-24,20.435322279531043,18.019015485154146
2003-09-25,20.494262737192443,18.047606194061657
2003-09-26,20.54071869722159,18.0425500781361
2003-09-27,20.638522783720184,18.22464696689871
2003-09-28,20.717377347087485,18.316752379599375
2003-09-29,20.80231873199325,18.55942605483734
2003-09-30,20.827040641454456,18.733608467111804
2003-10-01,20.817939633904043,18.68807643131127
2003-10-02,20.785946617213636,18.554439551072598
2003-10-03,20.78197540318574,18.634206563432308
2003-10-04,20.843793050634197,19.014783349907656
2003-10-05,20.944414304401075,18.941672112515988
2003-10-06,21.024466006556942,18.892680778519676
2003-10-07,21.00865553697391,18.93769711606762
2003-10-08,20.989771624664737,19.071356726807796
2003-10-09,20.980531261383607,18.923200738741304
2003-10-10,21.006321385402522,18.8684585878676
2003-10-11,21.017988914461714,18.812936496661454
2003-10-12,21.00947658293864,18.807133115499365
2003-10-13,20.992433250819616,18.920427617559312
2003-10-14,21.010908761631992,19.01151299900554
2003-10-15,21.070228603006946,19.000331012927973
2003-10-16,21.138160082127342,19.617215513567274
2003-10-17,21.183745032619157,19.90395368660321
2003-10-18,21.266697312646958,20.77491689160393
2003-10-19,21.363942713680245,20.86864185253587
2003-10-20,21.45907679156874,20.4794544679642
2003-10-21,21.654601222803596,20.426104560306857
2003-10-22,21.856801213696723,20.44083960789885
2003-10-23,21.996550630029475,20.383976417104705
2003-10-24,22.03087976454615,20.532292939337978
2003-10-25,22.010141756631455,20.666233840034096
2003-10-26,21.95595415107459,20.739651939195912
2003-10-27,21.89146268669077,20.80598806648672
2003-10-28,21.935242201212045,20.846956954112795
2003-10-29,21.873127856244007,20.553699389117774
2003-10-30,21.747487146902017,20.42689586589004
2003-10-31,21.699670517766695,19.975228015343088
2003-11-01,21.712781402125998,19.60321494530473
2003-11-02,21.76588781584258,19.6385310413411
2003-11-03,21.657882591813735,19.825632902400905
2003-11-04,21.71463444216319,20.186201164938204
2003-11-05,21.706759425605163,20.091628072169346
2003-11-06,21.749673125641607,20.04650234408297
2003-11-07,21.84595315759849,20.19495098735617
2003-11-08,21.87493393383441,20.26577638869158
2003-11-09,21.90222586266842,20.222533030259985
2003-11-10,21.9071209888399,20.295679784060237
2003-11-11,21.864160616120813,20.238877681488844
2003-11-12,22.04735104066626,20.926319079414693
2003-11-13,22.243241216014795,21.072781645120042
2003-11-14,22.12556808209426,20.86045887199886
2003-11-15,22.031946012848945,20.467089075152717
2003-11-16,22.11371876759279,20.56093479187385
2003-11-17,22.394377690664644,20.780028413126868
2003-11-18,22.516345601384284,20.83986645830374
2003-11-19,22.631468192204512,20.86467395936923
2003-11-20,22.667988624697823,21.212599801108112
2003-11-21,22.684713651190567,21.3276829095042
2003-11-22,22.67155067142432,21.102858360562585
2003-11-23,22.74505509653275,21.061024293223475
2003-11-24,22.84248077209664,21.148623384003407
2003-11-25,22.79185008030602,21.281856797840607
2003-11-26,22.727613463257917,21.286631623810198
2003-11-27,22.543410003477103,20.500152010228724
2003-11-28,22.512972149551352,20.539684614291808
2003-11-29,22.6089954714044,20.78250035516409
2003-11-30,22.777592144915065,20.854884216508026
2003-12-01,22.917297248070987,20.698460008523938
2003-12-02,23.298085923270502,21.31452621110953
2003-12-03,23.500823840116595,21.403963631197616
2003-12-04,23.514528243699715,21.276259411848276
2003-12-05,23.552290893962933,21.12402756073306
2003-12-06,23.36651486488728,21.028907515272056
2003-12-07,23.408974463522895,20.888971444807506
2003-12-08,23.446207114945196,20.888606336127292
2003-12-09,23.322410255985716,20.86339252734764
2003-12-10,23.21495858446204,20.939083676658612
2003-12-11,23.130093200483522,21.114308850689017
2003-12-12,23.228617081167048,21.024769143344223
2003-12-13,23.377002599595986,21.224698110527065
2003-12-14,23.517470588965757,21.861106691291376
2003-12-15,23.644325015730097,21.653297343372643
2003-12-16,23.58221750091071,21.28533456456883
2003-12-17,23.450321451634277,21.762383861343945
2003-12-18,23.238969847998135,21.667911635175447
2003-12-19,23.123347000529847,21.445269214377046
2003-12-20,23.21026498907176,21.419431737462713
2003-12-21,23.313092442957913,21.657292229009805
2003-12-22,23.46041347236479,21.69080267083392
2003-12-23,23.433742259164823,21.574753516124446
2003-12-24,23.20577617395763,21.287589146185535
2003-12-25,23.117594566513304,21.131149310981673
2003-12-26,23.372347501407386,21.46122602642421
2003-12-27,23.656362738848234,21.454820286972584
2003-12-28,23.656614999006496,21.22326040630772
2003-12-29,23.498977609530776,20.864416820571112
2003-12-30,23.3689451559758,20.82369086517971
2003-12-31,23.445567606053647,21.223234834493535
2004-01-01,23.766177352054864,21.225530615144205
2004-01-02,23.82769950243399,21.368575081687744
2004-01-03,23.88882370351361,21.648846427049296
2004-01-04,23.96576520432494,21.646516550646407
2004-01-05,24.167822196741398,21.584284699531185
2004-01-06,24.331944543332135,21.734188094899842
2004-01-07,24.485193251813055,22.33002841312686
2004-01-08,24.54268971255423,22.687013780366527
2004-01-09,24.590670430837505,22.429201591135104
2004-01-10,24.62337812944995,22.35377326324763
2004-01-11,24.61225392837036,22.34399488563716
2004-01-12,24.498706576812296,22.351368092058536
2004-01-13,24.52796629218135,21.80951981815599
2004-01-14,24.6044599422128,21.631626651513
2004-01-15,24.642252686525158,21.531407870436144
2004-01-16,24.774042558035557,21.554230714590147
2004-01-17,24.891202975461123,21.954949566699817
2004-01-18,25.081437290956067,22.18499928967183
2004-01-19,25.31492062539327,22.333381162096895
2004-01-20,25.267343837964045,22.170981673533177
2004-01-21,25.275346454117976,22.154344367097607
2004-01-22,25.339374172103206,22.048194345787753
2004-01-23,25.3426215766466,21.88334280437562
2004-01-24,25.061356384740186,21.746858928825123
2004-01-25,24.92667818823066,21.531018610598093
2004-01-26,24.8010829925158,21.552092626793577
2004-01-27,25.0116190557009,21.78090922005967
2004-01-28,25.216215497400427,21.836101718994172
2004-01-29,25.341590741629958,22.142375337405888
2004-01-30,25.43962610110277,22.537192783065784
2004-01-31,25.42404286849687,22.594831652223334
2004-02-01,25.450346536907634,22.68019605057537
2004-02-02,25.330434832102476,22.630502912345502
2004-02-03,25.381621228930015,22.65924705213809
2004-02-04,25.507528665927055,22.597194203722125
2004-02-05,25.724118765937046,22.54779514135531
2004-02-06,25.68342761698179,22.63575507884643
2004-02-07,25.56311413385438,22.941241653643992
2004-02-08,25.65833735553202,22.994560306861768
2004-02-09,25.69779367569628,22.740024151157836
2004-02-10,25.712423378150152,22.8074300326751
2004-02-11,25.868225361790895,22.99760903537434
2004-02-12,25.953779555916192,23.18985367239665
2004-02-13,26.042321857303666,23.275333143912487
2004-02-14,26.258823041196127,23.28852393805939
2004-02-15,26.426148975891635,23.5140289813894
2004-02-16,26.33037095986361,23.690262821423502
2004-02-17,26.315828248667092,23.77348487000995
2004-02-18,26.240588531145487,23.663145333143913
2004-02-19,26.296081729973157,23.75977127432875
2004-02-20,26.52654553846408,23.75851257280864
2004-02-21,26.653515063582468,23.619830941895163
2004-02-22,26.753873232440352,23.625560448927406
2004-02-23,26.61441531857477,23.34378462849837
2004-02-24,26.8197176871875,23.237914476488136
2004-02-25,26.91805425621749,23.204463702230434
2004-02-26,26.77244057770643,23.28075294786192
2004-02-27,26.714001287379503,23.42688165932661
2004-02-28,26.49570706527135,23.211223185111532
2004-02-29,26.14148321853165,22.79571956243785
2004-03-01,25.896721528628635,22.520875124307434
2004-03-02,25.65447358181271,22.25481602500356
2004-03-03,25.34375894128558,22.066516550646398
2004-03-04,25.36218475759179,21.951115215229443
2004-03-05,25.33014740702721,21.833712175024864
2004-03-06,25.405501415703533,21.522342662309992
2004-03-07,25.517459205384668,21.474955249325195
2004-03-08,25.485710376858638,22.059755647108965
2004-03-09,25.511623981686935,22.37007529478619
2004-03-10,25.320368124316964,22.3329904816025
2004-03-11,25.283784875153152,22.023580053984944
2004-03-12,25.447767162300938,21.74202017332008
2004-03-13,25.39215625724406,21.624344367097603
2004-03-14,25.098594583071165,20.854847279443106
2004-03-15,25.199856090836928,20.84607614718
2004-03-16,25.566128174984296,21.261275749396223
2004-03-17,25.63634108934662,21.193632618269646
2004-03-18,25.597950293075442,21.22013496235261
2004-03-19,25.47735257227541,21.18567552209121
2004-03-20,25.421504598966823,21.172432163659614
2004-03-21,25.52064306884788,21.30465549083677
2004-03-22,25.59872783306289,21.277404460860925
2004-03-23,25.52380366841075,21.41361557039352
2004-03-24,25.47770809186342,21.480232987640292
2004-03-25,25.43446246729808,21.366229578065067
2004-03-26,25.569953596383797,21.31606336127291
2004-03-27,25.787686711428208,22.496455462423633
2004-03-28,25.99020059939727,22.642709191646542
2004-03-29,26.256561061529275,23.134753516124448
2004-03-30,26.408845001159055,23.333621253018904
2004-03-31,26.295428684968716,23.189364966614583
2004-04-01,26.196854985594545,22.92099445944026
2004-04-02,26.182478247011268,22.74682625372922
2004-04-03,26.062174491671353,22.257094757778095
2004-04-04,26.17697314716689,21.99105554766303
2004-04-05,25.80391874606747,21.370899275465263
2004-04-06,25.579294135178962,21.277984088648957
2004-04-07,25.519319241149766,21.26435147037932
2004-04-08,25.422763002119382,21.154671118056548
2004-04-09,25.363625215253148,21.01240943315812
2004-04-10,25.33837045070701,21.06681772979117
2004-04-11,25.320145978905224,21.00711748827959
2004-04-12,25.418978251150726,21.01375905668419
2004-04-13,25.57896477713018,21.021490268504056
2004-04-14,25.538862800940493,21.08103565847422
2004-04-15,25.787811351293136,21.77959795425487
2004-04-16,25.876491476802325,21.787601932092628
2004-04-17,25.787905897108953,21.640669129137656
2004-04-18,25.424081696857343,20.926216792157984
2004-04-19,25.207396450806357,20.444293223469245
2004-04-20,25.19634429744677,20.4402301463276
2004-04-21,25.138680622247215,20.706111663588587
2004-04-22,25.27541750836176,21.22380167637449
2004-04-23,25.314976653309984,21.380869441682062
2004-04-24,25.43732554144452,21.701035658474215
2004-04-25,25.312091743385082,21.405291944878535
2004-04-26,25.258443305626336,21.119198749822424
2004-04-27,25.100004242971092,21.102433584315953
2004-04-28,24.984270436632844,20.93665293365535
2004-04-29,24.75026979087326,20.737084813183696
2004-04-30,24.570000931383877,20.51663020315386
2004-05-01,24.291272518793292,20.64752521665009
2004-05-02,24.11655520415933,21.108050859497094
2004-05-03,24.087325148193514,21.218535303310123
2004-05-04,24.073012426731125,21.095578917459864
2004-05-05,23.993224057853418,20.892534450916326
2004-05-06,23.884451559757657,20.7766316238102
2004-05-07,23.675621315859203,20.181744565989487
2004-05-08,23.52305361459747,19.936969740019894
2004-05-09,23.445280801900893,19.7117317800824
2004-05-10,23.291228184919063,19.64810768575082
2004-05-11,23.337624474285562,19.86894445233698
2004-05-12,23.460019931615687,20.07076431311266
2004-05-13,23.35686870798428,19.699131978974297
2004-05-14,23.291268710467953,19.795587441397924
2004-05-15,23.293281513892104,19.75075010654923
2004-05-16,23.23510988260428,19.62255434010513
2004-05-17,23.29041831556114,19.565765023440843
2004-05-18,23.37311082226715,19.56599232845575
2004-05-19,23.320291026426517,19.344476488137524
2004-05-20,23.41294551197143,19.440402045745138
2004-05-21,23.430522423585085,19.533999147606192
2004-05-22,23.339052823956063,19.384993607046457
2004-05-23,23.380056835116086,19.224341525784915
2004-05-24,23.324208572043567,19.243537434294645
2004-05-25,23.34061138109748,20.136786475351613
2004-05-26,23.32304498377325,20.223229151868164
2004-05-27,23.301598461767718,20.48270635033386
2004-05-28,23.18850875086927,20.302183548799555
2004-05-29,22.986944460542457,19.94085949708765
2004-05-30,22.807927443123543,19.95719846569115
2004-05-31,22.57720245388622,19.259035374342947
2004-06-01,22.484774273934487,18.866731069754227
2004-06-02,22.594249014802813,18.83695269214377
2004-06-03,22.606101909957975,19.216533598522524
2004-06-04,22.661001734443875,19.135995169768435
2004-06-05,22.57745757028848,18.698525358715727
2004-06-06,22.579125596085692,18.466654354311693
2004-06-07,22.603518996092355,18.67011365250746
2004-06-08,22.425167793986137,18.806618837903113
2004-06-09,22.232661046627147,18.830718852109673
2004-06-10,22.09607407192769,18.34567552209121
2004-06-11,21.983984543166574,18.380127859070893
2004-06-12,21.935272978275993,18.24729080835347
2004-06-13,21.893484203728832,18.400090922005965
2004-06-14,21.928418385932382,18.49363688023867
2004-06-15,22.010155934364327,18.328697258133253
2004-06-16,22.045444684074557,18.618249751385143
2004-06-17,21.996827685697234,18.39805370080977
2004-06-18,22.11514751051428,18.509403324335846
2004-06-19,22.23098627347092,18.623139650518542
2004-06-20,22.27161907639836,18.892341241653646
2004-06-21,22.23389931118985,19.273241937775254
2004-06-22,22.144918824717653,19.20446086091774
2004-06-23,22.001680692618457,18.856864611450487
2004-06-24,22.019055266251613,18.79115499360705
2004-06-25,22.039008448687046,18.904442392385285
2004-06-26,22.0179532942014,18.842132405171192
2004-06-27,21.82200870533493,18.381900838187242
2004-06-28,21.675895059939766,18.232883932376758
2004-06-29,21.696706295327335,18.3332007387413
2004-06-30,21.68507393118525,18.741611024293228
2004-07-01,21.639836221313367,19.1059085097315
2004-07-02,21.518375438785327,18.860961784344365
2004-07-03,21.47626005894625,18.716775110100865
2004-07-04,21.57893470377858,18.991649382014494
2004-07-05,21.423487660198038,19.048096320500072
2004-07-06,21.318001850349347,18.58063787469811
2004-07-07,21.327489858264023,18.60293649666146
2004-07-08,21.303106641388244,18.528350617985513
2004-07-09,21.30036435738649,18.48385992328456
2004-07-10,21.25105101500148,18.304989345077427
2004-07-11,21.20910417425568,18.311640858076434
2004-07-12,21.17736763999735,18.365033385424066
2004-07-13,21.22175673494056,18.67611308424492
2004-07-14,21.20096414792856,18.760971728938774
2004-07-15,21.164569535053168,18.71675522091206
2004-07-16,21.107565962678404,18.278960079556757
2004-07-17,21.084005551048115,18.27395936922859
2004-07-18,21.048638896247983,18.31086517971303
2004-07-19,21.018250240090076,18.468227020883653
2004-07-20,21.011224956121435,18.599565279158973
2004-07-21,20.948640282975138,18.09259980110811
2004-07-22,20.897159568831352,18.21169484301748
2004-07-23,20.83885061015995,18.17778803807359
2004-07-24,20.806168555651187,17.962116777951415
2004-07-25,20.7220262981422,17.700767154425343
2004-07-26,20.672547272907945,17.726794999289673
2004-07-27,20.602361679140277,17.608441539991475
2004-07-28,20.580353553333097,17.455279158971447
2004-07-29,20.658863690929582,18.050737320642135
2004-07-30,20.69234183031428,18.199597954254873
2004-07-31,20.718521831638935,18.395846000852394
2004-08-01,20.815195859688057,18.68657621821282
2004-08-02,20.783608884988585,18.93575223753374
2004-08-03,20.729930146206534,18.73727802244637
2004-08-04,20.66250999685402,18.484314533314397
2004-08-05,20.58002684455408,18.239221480323913
2004-08-06,20.513973118190524,17.98032106833357
2004-08-07,20.28363024472625,18.076381588293795
2004-08-08,20.23569686144317,18.298217076289248
2004-08-09,20.22355165662157,18.527961358147465
2004-08-10,20.2360593974567,18.5635786333286
2004-08-11,20.257148578501155,18.390423355590286
2004-08-12,20.397570371228948,18.06545532035801
2004-08-13,20.411131838427607,18.35955533456457
2004-08-14,20.39792088204121,18.39115499360705
2004-08-15,20.227863115541275,17.995507884642706
2004-08-16,20.08170670927577,17.904406875976708
2004-08-17,20.09309602361165,18.09504190936213
2004-08-18,20.036837599761558,18.096338968603497
2004-08-19,19.936327822300207,17.969589430316812
2004-08-20,19.9086794217969,17.82809205853104
2004-08-21,19.83810757277211,17.904605767864755
2004-08-22,19.94635855796931,18.007027986929963
2004-08-23,19.99109584561381,18.020078136098885
2004-08-24,20.011174971851503,17.864385566131556
2004-08-25,20.104850088584943,18.146445517829243
2004-08-26,20.072581982481676,18.20606194061657
2004-08-27,20.035397100705357,18.152253160960367
2004-08-28,20.202995992979474,18.146573376900125
2004-08-29,20.373783654005397,18.473536013638302
2004-08-30,20.90928546295991,18.9979230004262
2004-08-31,21.065473474186216,19.49149168916039
2004-09-01,21.031230420240398,19.469204432447793
2004-09-02,20.690828931681942,18.76253587157267
2004-09-03,20.54719744511045,19.29287114646967
2004-09-04,20.74665755290257,19.58188805228016
2004-09-05,20.60217945905224,19.753430885068905
2004-09-06,20.415453646057557,19.2538414547521
2004-09-07,20.343479505414408,18.957363261826966
2004-09-08,20.204537723118236,18.59753231993181
2004-09-09,20.110335443090378,18.41923852820003
2004-09-10,20.054195925919824,18.085541980394943
2004-09-11,20.081240603371175,17.95548941611024
2004-09-12,20.040441310395074,18.392801534308852
2004-09-13,20.022831220816684,18.435097314959513
2004-09-14,19.970510936516835,18.45701946299191
2004-09-15,19.877324775639952,18.566975422645264
2004-09-16,20.04748081349143,18.59088933087086
2004-09-17,20.04492201212042,18.47118056542123
2004-09-18,20.043797831738264,18.738599232845576
2004-09-19,20.047389082524756,19.063429464412565
2004-09-20,20.242937212305847,19.524732206279307
2004-09-21,20.423393756002287,19.49790169058105
2004-09-22,20.41269283786475,19.714058815172613
2004-09-23,20.3932244511044,19.678501207557897
2004-09-24,20.49148067274894,19.51628072169342
2004-09-25,20.6075909444647,19.51866316238102
2004-09-26,20.772682882405547,19.379271203295925
2004-09-27,20.84441693297348,19.490743003267514
2004-09-28,20.80564878133589,19.605320358005397
2004-09-29,20.767188027784165,19.45353459298196
2004-09-30,20.63308993857001,19.25068333570109
2004-10-01,20.657873112395286,19.499859355022018
2004-10-02,20.69451654965726,19.862427901690577
2004-10-03,20.75918864042786,20.104240659184548
2004-10-04,20.88675944630266,20.09041199033954
2004-10-05,20.9634927517634,20.41385992328456
2004-10-06,21.002569667516667,20.461162096888767
2004-10-07,21.055614858264057,20.55697258133258
2004-10-08,21.060526045633615,20.455499360704653
2004-10-09,20.977082491638285,20.15943173746271
2004-10-10,20.982336242010856,20.084797556471088
2004-10-11,20.971296651985327,20.020146327603356
2004-10-12,21.011343552339646,19.93225031964768
2004-10-13,21.10489282875779,19.68193777525217
2004-10-14,21.2075879847336,19.660255718141787
2004-10-15,21.283662967347762,19.71111947719847
2004-10-16,21.3341449481737,19.620657763886918
2004-10-17,21.389522551909167,19.639185963915335
2004-10-18,21.47082665496573,19.6869995738031
2004-10-19,21.451751043149994,19.70929393379742
2004-10-20,21.471256519687373,19.50795993749112
2004-10-21,21.475363984832935,19.426826253729235
2004-10-22,21.578119204722285,19.423464980821144
2004-10-23,21.894135385965523,20.943500497229717
2004-10-24,21.975076435573037,20.894247762466257
2004-10-25,21.785213183428812,20.832507458445804
2004-10-26,21.69637441219323,21.139997158687315
2004-10-27,21.75104310858692,21.342821423497654
2004-10-28,21.84476955492261,21.272103992044322
2004-10-29,21.926693214557734,20.94101150731638
2004-10-30,21.994744531741592,20.94055689728655
2004-10-31,22.098117611020907,20.728764028981388
2004-11-01,22.16115108702849,20.55745702514562
2004-11-02,22.3051650619267,20.474388407444245
2004-11-03,22.395020366261548,20.364720841028554
2004-11-04,22.45890682435338,20.648810910640723
2004-11-05,22.56041007798787,20.708225600227305
2004-11-06,22.71970897357349,21.68088791021452
2004-11-07,22.893306495678324,22.17826111663588
2004-11-08,23.000934033182137,22.36837903111237
2004-11-09,23.208617515812797,22.520318227020887
2004-11-10,23.200562700764994,22.151785765023444
2004-11-11,23.108978851375877,21.981051285693997
2004-11-12,23.112862639500538,22.037063503338548
2004-11-13,23.080009893366945,21.844864327319222
2004-11-14,23.076274091797227,21.578452905242223
2004-11-15,22.867152697287803,21.658666003693703
2004-11-16,22.638904257873254,21.267836340389263
2004-11-17,22.456684976984413,20.663168063645404
2004-11-18,22.42069570238759,20.32795709617844
2004-11-19,22.38844227075532,20.31832788748402
2004-11-20,22.37757066099278,19.887617559312403
2004-11-21,22.3661637952445,19.5262338400341
2004-11-22,22.34366598917113,19.51974428185822
2004-11-23,22.24791307911386,19.422224747833496
2004-11-24,22.12532739179386,19.437502486148595
2004-11-25,22.33491882471765,19.610100866600373
2004-11-26,22.49652751101104,19.870947577780928
2004-11-27,22.65410425704545,20.131130842449217
2004-11-28,22.662517572109817,19.944884216508033
2004-11-29,22.586518569725442,19.662339820997303
2004-11-30,22.569390709342006,19.65894587299333
2004-12-01,22.758292504222272,19.68037647393096
2004-12-02,22.87314279978145,19.68602642420799
2004-12-03,22.81110633920586,19.728184401193356
2004-12-04,22.735463663608975,19.82800823980679
2004-12-05,22.620330413617207,19.86627219775536
2004-12-06,22.778610706361604,20.14813609887769
2004-12-07,22.833522783720245,20.164419661883787
2004-12-08,22.876723039540316,20.05989203011791
2004-12-09,22.697924400602695,19.90558460008524
2004-12-10,22.546724115806228,19.87262821423497
2004-12-11,22.538374569493673,19.98561585452479
2004-12-12,22.64986954416001,20.13588293791732
2004-12-13,22.647109129218165,20.049176019320935
2004-12-14,22.58503257773958,19.791537150163382
2004-12-15,22.780606579295934,19.69945588862054
2004-12-16,22.95088024058679,19.89184401193352
2004-12-17,23.208812382024764,19.847633186532182
2004-12-18,23.181351168990318,19.79340815456741
2004-12-19,22.89063464499786,19.529481460434727
2004-12-20,22.796584056363223,19.655746554908372
2004-12-21,22.625175679703226,19.59989060946157
2004-12-22,22.638440718448834,19.477978406023585
2004-12-23,22.784062531046185,19.367921579769856
2004-12-24,22.912341664734935,19.469221480323913
2004-12-25,23.170136727158336,19.41960363688024
2004-12-26,23.32195369159185,19.440460292655207
2004-12-27,23.417979745504468,19.97094189515556
2004-12-28,23.708767178858835,20.19891603921012
2004-12-29,23.88013784481906,20.35605341667851
2004-12-30,23.978931123124852,20.596910072453472
2004-12-31,24.09095475129976,20.860196050575365
2005-01-01,24.216527262641986,21.19454610029834
2005-01-02,24.076924404742197,21.50680636454042
2005-01-03,23.785662565817848,21.69970450348061
2005-01-04,23.55192301801508,21.62643841454753
2005-01-05,23.671793265887313,21.408146043472087
2005-01-06,23.684641479286075,21.964165364398355
2005-01-07,23.72169758171341,22.088241227447092
2005-01-08,24.09839982034641,21.989264100014207
2005-01-09,24.260299926317227,21.919478619122035
2005-01-10,24.316896690896495,21.989438840744423
2005-01-11,24.433343895916806,22.163484870009945
2005-01-12,24.566211357916323,22.24559738599233
2005-01-13,24.644928221346596,21.94256712601223
2005-01-14,24.3923519306554,21.585760761471803
2005-01-15,24.38113717836207,22.17879528342094
2005-01-16,24.759394600457032,22.61259980110812
2005-01-17,25.03704295956553,22.745757920159118
2005-01-18,25.00034982779748,22.622677937206994
2005-01-19,25.19716002417465,22.814163943742006
2005-01-20,25.31699202321417,22.83466685608751
2005-01-21,25.284937079842347,22.34593124023299
2005-01-22,25.196445093883455,22.29265236539282
2005-01-23,25.15077725022349,22.08041625230856
2005-01-24,25.123466424644885,22.175066060519963
2005-01-25,25.127507368281627,22.038948714306002
2005-01-26,24.995370897771302,21.909529762750395
2005-01-27,24.651125463622222,21.557873277454192
2005-01-28,24.751215725072043,21.69374058815173
2005-01-29,24.85209714541182,21.942273050149176
2005-01-30,25.009826617710377,22.175698252592696
2005-01-31,24.964242909063827,21.875493678079284
2005-02-01,24.716623195184926,21.750943315811906
2005-02-02,24.555611981322667,21.691210399204433
2005-02-03,24.642145577375235,21.874301747407305
2005-02-04,24.88577795393584,22.02069896292087
2005-02-05,24.90000215253169,22.05278590708908
2005-02-06,24.83041189936085,22.186081829805378
2005-02-07,24.81644401761756,22.079501349623524
2005-02-08,25.066584656588425,21.95812615428328
2005-02-09,25.0936884251747,21.351008666003697
2005-02-10,25.029261619531734,21.065394232135244
2005-02-11,24.97489260108616,21.548884784770568
2005-02-12,25.049697859058842,22.01625941184827
2005-02-13,25.25108889128061,22.286714021878105
2005-02-14,25.41208890783853,23.04872140929109
2005-02-15,25.678997003013478,23.301764455178297
2005-02-16,25.680791697022904,23.23154567410144
2005-02-17,25.83448633142366,23.181558460008528
2005-02-18,25.924162520283453,22.866621679215797
2005-02-19,25.75918319700625,22.88002557181418
2005-02-20,25.668626643375244,22.871308424492117
2005-02-21,25.76288588270357,22.95851825543401
2005-02-22,25.894659630923584,23.00222616848984
2005-02-23,26.123571629632153,22.911477482596958
2005-02-24,25.912301801503492,22.51338968603495
2005-02-25,25.837959172268764,22.31966046313397
2005-02-26,25.925530909527392,22.34134678221338
2005-02-27,25.876456912110438,22.278495524932517
2005-02-28,25.765617176375113,22.128680210257144
2005-03-01,25.622925269894314,22.12656201164938
2005-03-02,25.495940428684982,21.65777667282285
2005-03-03,25.48668038215719,21.561312686461147
2005-03-04,25.253663981521296,21.101699104986505
2005-03-05,24.987042980262927,21.15771132263105
2005-03-06,24.883717794814075,21.205726665719563
2005-03-07,25.001522295261122,21.27708055121467
2005-03-08,25.76334731099118,23.90501349623527
2005-03-09,25.983805448388917,24.017286546384437
2005-03-10,26.167569191475952,23.900079556755223
2005-03-11,26.187795476371825,23.873220627930106
2005-03-12,25.826324303738776,23.412589856513716
2005-03-13,25.682991439546978,22.892393805938347
2005-03-14,25.53039320959031,23.103571530046885
2005-03-15,25.490045596416877,22.08366387270919
2005-03-16,25.652776621021957,21.663560164796138
2005-03-17,25.51462297579229,21.099417530899284
2005-03-18,25.117286381925396,20.499133399630633
2005-03-19,24.7898062307514,20.49681204716579
2005-03-20,24.49099397291124,20.191329734337266
2005-03-21,24.26007778090541,19.749697400198894
2005-03-22,24.086380559327058,19.904090069612163
2005-03-23,24.36147493956351,20.12373206421367
2005-03-24,24.46992296420172,20.03213240517119
2005-03-25,24.32123124813723,20.041709049580906
2005-03-26,24.125762037619563,20.432525926978272
2005-03-27,24.253566807133126,20.58829805370081
2005-03-28,24.422771798523023,20.69477766728229
2005-03-29,24.48637693727853,20.937161528626227
2005-03-30,24.622471954995532,21.375225174030405
2005-03-31,24.711245343080417,21.3343670975991
2005-04-01,24.87451410736164,21.343810200312546
2005-04-02,24.880744196443306,21.24556044892741
2005-04-03,24.757384653276805,21.173033101292802
2005-04-04,24.56601458754182,21.361663588577922
2005-04-05,24.484812005331626,21.453822986219638
2005-04-06,24.448493310593715,21.600551214661177
2005-04-07,24.638703348014698,21.901984656911495
2005-04-08,24.621238657813713,21.646880238670267
2005-04-09,24.394406004735565,21.31571956243785
2005-04-10,24.356198815279644,20.917709901974714
2005-04-11,24.514899058681316,20.77397499644837
2005-04-12,24.637221516210268,20.679051001562726
2005-04-13,24.761125318740213,20.84281005824692
2005-04-14,24.89289291982653,20.86973007529479
2005-04-15,24.989433408120004,21.513145333143914
2005-04-16,24.92740485395898,21.934486432731934
2005-04-17,24.826470903566573,22.245809063787473
2005-04-18,24.873341495016028,22.159157550788468
2005-04-19,25.072367991853408,22.112389543969318
2005-04-20,25.039097551081184,22.461684898423076
2005-04-21,25.176583311256124,23.18493962210541
2005-04-22,25.357961718051502,23.40057252450632
2005-04-23,25.40741006970889,23.466715442534447
2005-04-24,25.559146127926603,23.6392669413269
2005-04-25,25.625782942014144,24.265243642562865
2005-04-26,25.711876800675608,24.33055121466117
2005-04-27,25.64406596681794,22.994104276175587
2005-04-28,25.512711444845475,22.494948146043477
2005-04-29,25.389208302977114,21.945550504333
2005-04-30,25.209634607742455,21.86949992896718
2005-05-01,25.220983023975887,21.64573945162666
2005-05-02,25.3014895105474,21.35610740161955
2005-05-03,25.435678420041747,21.50163091348203
2005-05-04,25.608329800973625,22.202633896860352
2005-05-05,25.73215128986321,22.506300610882224
2005-05-06,25.779922695135333,22.273695127148738
2005-05-07,25.812328604662767,22.237283705071743
2005-05-08,25.700338216544736,22.289752805796283
2005-05-09,25.51990930390435,22.272731922148033
2005-05-10,25.24204442908237,21.967573518965764
2005-05-11,24.828845580686817,21.47307714163944
2005-05-12,24.26462574924659,20.87446086091775
2005-05-13,24.17044048249828,20.93222332717716
2005-05-14,24.09184681011359,21.17247336269357
2005-05-15,24.240462649435404,21.375013496235265
2005-05-16,24.25398145925097,21.524431027134533
2005-05-17,24.16226611915096,21.44848131836909
2005-05-18,24.264242060469602,21.49081261542833
2005-05-19,24.30846721114685,21.370144906947015
2005-05-20,24.264163637944183,21.054945304730786
2005-05-21,24.14396858545555,21.054210825401338
2005-05-22,23.926278169189054,20.972619690296913
2005-05-23,23.873618447196783,20.785637164369945
2005-05-24,23.82043648789617,20.560782781645123
2005-05-25,23.81444489518825,20.440691859639156
2005-05-26,23.74952286237044,20.477790879386284
2005-05-27,23.708488570884477,20.315031964767726
2005-05-28,23.539206812762856,20.03163091348203
2005-05-29,23.419959329569156,19.991355306151444
2005-05-30,23.26880695930062,19.939643415257848
2005-05-31,23.216959735238635,19.77300895013496
2005-06-01,23.26164182286323,19.469406165648532
2005-06-02,23.294033306288703,19.580282710612305
2005-06-03,23.12018863628837,19.385611592555758
2005-06-04,23.01629141553797,19.550416252308565
2005-06-05,22.863464582574437,19.237556471089647
2005-06-06,22.89896821290193,18.893035942605486
2005-06-07,22.975797223234125,18.890926267935793
2005-06-08,23.022407813690098,19.251223185111524
2005-06-09,22.982624370798426,19.18661315527774
2005-06-10,22.880309695499523,19.246096036368808
2005-06-11,22.65974947842502,18.936513709333717
2005-06-12,22.50850496324135,18.157349055263538
2005-06-13,22.40239104877974,18.4107358999858
2005-06-14,22.145995897771336,18.38103992044325
2005-06-15,22.016260948935408,18.256054837334847
2005-06-16,21.980647498095912,18.09170620826822
2005-06-17,22.031614315991714,18.233325756499507
2005-06-18,21.99491211875354,18.131177724108543
2005-06-19,22.093431301122642,18.04051427759625
2005-06-20,22.237115276351947,18.368759767012364
2005-06-21,22.19421099364175,18.177658758346357
2005-06-22,22.11574554177565,18.089328029549655
2005-06-23,22.09007571116332,18.276593266088934
2005-06-24,22.19965429098912,18.517263815882938
2005-06-25,22.07045136934133,18.43049722972013
2005-06-26,21.96212732225054,18.25719846569115
2005-06-27,21.86989779613874,18.332213382582758
2005-06-28,21.864372681888945,18.401944878533886
2005-06-29,21.98728269778463,18.517579201591136
2005-06-30,21.988274352584696,17.767296490978833
2005-07-01,21.826699299599287,17.733896860349486
2005-07-02,21.770577851276613,17.926010796988205
2005-07-03,21.83336542123391,18.214879954538997
2005-07-04,21.697609220286754,18.067856229578062
2005-07-05,21.56818967943832,18.061562721977552
2005-07-06,21.552067009967885,18.060404887057828
2005-07-07,21.45031145478028,17.879995738030974
2005-07-08,21.392990549557915,17.706327603352747
2005-07-09,21.265595444083825,17.967657337690017
2005-07-10,21.1560985776733,18.621548515414123
2005-07-11,21.183378460608665,19.028138940190367
2005-07-12,21.188700202006775,19.191845432589858
2005-07-13,21.176456622346535,19.001099588009662
2005-07-14,21.127257260654993,18.447705640005683
2005-07-15,21.280298104944137,18.56929109248473
2005-07-16,21.409563160247735,18.558572240375057
2005-07-17,21.408533049640724,18.34292513141071
2005-07-18,21.25125556760607,18.537991191930672
2005-07-19,21.147158161406733,18.68402045745134
2005-07-20,21.211525172202506,18.96569967324904
2005-07-21,21.402750749246625,19.263122602642422
2005-07-22,21.46609988161078,19.46010654922575
2005-07-23,21.466878580653738,19.546354595823267
2005-07-24,21.470869374441158,19.490352322773116
2005-07-25,21.662046623008877,20.094088648955818
2005-07-26,21.653494966387385,20.085628640431885
2005-07-27,21.610770751233552,20.143330018468536
2005-07-28,21.556460016723523,20.014253445091637
2005-07-29,21.494195222207438,19.906652933655348
2005-07-30,21.461857303705642,20.0393919590851
2005-07-31,21.42299245372052,20.119482881091066
2005-08-01,21.180172740669608,19.979778377610458
2005-08-02,21.000278980527874,19.368083534592984
2005-08-03,20.871434579594002,18.687815030544115
2005-08-04,20.63060328840615,18.57547663020316
2005-08-05,20.402368778355452,18.57598948714306
2005-08-06,20.23239133854355,18.512035800539856
2005-08-07,20.15994117793158,18.318001136525076
2005-08-08,20.116512381196845,18.137620400625092
2005-08-09,20.12362308341887,17.97669839465833
2005-08-10,20.114356351624306,17.889809632050014
2005-08-11,20.115349600125807,17.913886915755082
2005-08-12,20.11497377636855,18.173330018468537
2005-08-13,20.104342629234676,18.08990055405598
2005-08-14,20.15722973308605,17.833128285267794
2005-08-15,20.21404473126473,18.29267367523796
2005-08-16,20.228632935390895,18.535905668418806
2005-08-17,20.288821902838073,18.553963631197618
2005-08-18,20.246490027982855,18.39644267651655
2005-08-19,20.270769219624466,18.515505043330023
2005-08-20,20.271126353611255,18.51635033385424
2005-08-21,20.392686628638604,18.45516976843302
2005-08-22,20.452743794913424,18.328714306009378
2005-08-23,20.46099159270791,18.051848273902547
2005-08-24,20.549246945060773,17.990748685892882
2005-08-25,20.59806040335141,18.051848273902547
2005-08-26,20.58780739808592,18.00693138229862
2005-08-27,20.52714056859956,18.11381304162524
2005-08-28,20.407432071066584,18.04498224179571
2005-08-29,20.135631250620914,17.920546952692145
2005-08-30,20.08615388118026,17.780066770848137
2005-08-31,20.10141719376103,17.825425486574797
2005-09-01,20.16144178229625,17.811061230288395
2005-09-02,20.26992846971549,17.962525926978262
2005-09-03,20.312964450110957,18.1668319363546
2005-09-04,20.286495347219926,18.350771416394377
2005-09-05,20.191262728913493,18.496388691575508
2005-09-06,20.09567430125514,18.329693138229864
2005-09-07,20.103933648210102,18.048506890183265
2005-09-08,20.07257796718214,17.96076573376901
2005-09-09,20.084902908401464,18.052818582184972
2005-09-10,20.168776182236638,18.123776104560307
2005-09-11,20.218399965228336,18.064047449921866
2005-09-12,20.132994937411016,17.975695411280014
2005-09-13,20.07518871907807,17.90979258417389
2005-09-14,20.04365886925854,17.819937491120896
2005-09-15,19.966955202503545,17.649467253871293
2005-09-16,19.903259574626592,17.721005824691012
2005-09-17,19.921444886909317,17.983791731780084
2005-09-18,19.87783958257445,18.022032959227158
2005-09-19,19.82425768702189,17.900582469100726
2005-09-20,19.800386917574627,17.812402329876406
2005-09-21,19.803456965923754,18.002483307287967
2005-09-22,19.778141744213013,18.439904816025006
2005-09-23,19.913720982216798,18.372456314817445
2005-09-24,19.912715522237345,18.116009376331867
2005-09-25,19.931723950226907,18.94645262111096
2005-09-26,19.98166185796599,19.05307287967041
2005-09-27,19.970037938371423,19.015455320358004
2005-09-28,19.912820230486442,17.988849268361985
2005-09-29,19.77538006672854,17.94071743145333
2005-09-30,19.635521781965096,17.892793010370795
2005-10-01,19.588973656323493,17.915499360704647
2005-10-02,19.516884106864968,18.11275607330587
2005-10-03,19.52686701079583,18.12027986929962
2005-10-04,19.478462036791743,17.524583037363264
2005-10-05,19.475058490909685,17.488444381304163
2005-10-06,19.300265961850506,17.31295922716295
2005-10-07,19.325274841043814,16.89115357295071
2005-10-08,19.53311717637519,17.202025855945447
2005-10-09,19.710373050303023,17.50036937064924
2005-10-10,19.755100403185715,17.822132405171192
2005-10-11,19.583619626949698,18.06931382298622
2005-10-12,19.62361347981588,18.193696547805093
2005-10-13,19.79122907490812,17.92354311692002
2005-10-14,19.8571611211379,18.144475067481178
2005-10-15,19.96862502897639,18.112741866742436
2005-10-16,20.04381401712091,17.728366245205287
2005-10-17,20.057892195416798,17.531879528342095
2005-10-18,20.19709946352286,17.364402614007677
2005-10-19,20.08253206030398,17.274385566131553
2005-10-20,20.032893851210357,17.395817587725528
2005-10-21,20.130016081895565,17.477665861628072
2005-10-22,20.203223747392144,17.7597698536724
2005-10-23,20.297554372123034,18.034386986787897
2005-10-24,20.469344512699923,17.716371643699393
2005-10-25,20.46328304550118,17.602003125443957
2005-10-26,20.435732274729276,17.41701378036653
2005-10-27,20.362466139020444,17.141949140502916
2005-10-28,20.162860942312168,17.23453615570394
2005-10-29,20.095751440540482,17.67974996448359
2005-10-30,19.81133485942308,17.859776956954118
2005-10-31,19.681479637877928,17.860207415826107
2005-11-01,19.533573616584434,17.570663446512288
2005-11-02,19.49748296602308,18.251913624094332
2005-11-03,19.590183565420396,18.301946299190224
2005-11-04,19.654506490710947,18.387442818582183
2005-11-05,19.641717285657457,18.552591277170055
2005-11-06,19.573153624532207,18.825432589856515
2005-11-07,19.493644236182362,18.54297627503907
2005-11-08,19.628793174818718,18.548018184401194
2005-11-09,19.880720083948706,19.258053700809775
2005-11-10,20.248958423022103,19.8490765733769
2005-11-11,20.597966602642636,19.9548472794431
2005-11-12,20.815268735304798,20.516813467822136
2005-11-13,20.882590427029204,20.687647393095617
2005-11-14,20.881216076928187,20.64440403466402
2005-11-15,20.936045902738606,20.53572382440688
2005-11-16,20.975589214160316,19.572247478334997
2005-11-17,20.92428513180115,19.321311265804805
2005-11-18,20.884929132032962,19.182788748401766
2005-11-19,20.893764260522524,18.841005824691013
2005-11-20,20.927305444249406,18.809633470663442
2005-11-21,20.73279926399975,18.902027276601792
2005-11-22,20.524211738748882,18.50882937917318
2005-11-23,20.392350481835923,18.146083250461714
2005-11-24,20.57491948703516,18.196793578633333
2005-11-25,20.709347472431034,18.61656343230573
2005-11-26,20.90897835463791,18.38214803239097
2005-11-27,21.00030348627347,18.605415541980403
2005-11-28,21.01194425356816,18.877072027276604
2005-11-29,21.131265378183304,18.93918880522802
2005-11-30,21.30633252061464,18.990850973149602
2005-12-01,21.19045130724911,18.890562579911922
2005-12-02,20.9522843535781,18.69096746696974
2005-12-03,20.746180932708544,18.6123398209973
2005-12-04,20.834912884558133,18.676117346213957
2005-12-05,20.965742457860074,18.714871430600933
2005-12-06,21.10913846988111,18.802219065208124
2005-12-07,21.320515883200326,19.256948430174745
2005-12-08,21.60840112428385,19.915189657621816
2005-12-09,21.673736443189757,19.936411422077004
2005-12-10,21.68720851823028,20.012861201875275
2005-12-11,21.726822759711222,19.96788180139224
2005-12-12,21.694835828062338,19.84001278590709
2005-12-13,21.625858446203246,19.945576076147187
2005-12-14,21.679206253932527,20.000642136667143
2005-12-15,21.790570027651764,20.036728228441543
2005-12-16,21.98188379640356,20.0026353175167
2005-12-17,22.366150838659454,20.720730217360423
2005-12-18,22.68936999122433,21.82445659894871
2005-12-19,23.054108996754596,22.2905029123455
2005-12-20,23.18509587045068,22.347937206989627
2005-12-21,23.241407217604404,22.317140218781073
2005-12-22,23.184178705666195,22.29805938343515
2005-12-23,23.170050915653793,22.185813325756506
2005-12-24,23.277622921979027,21.976020741582616
2005-12-25,23.367897763022878,21.88964625657054
2005-12-26,23.049434422293583,21.774726523653932
2005-12-27,23.010183917276585,21.78082256002273
2005-12-28,23.057649290492414,21.22572524506322
2005-12-29,23.090544259363572,21.190259980110813
2005-12-30,23.139392841176335,21.140764313112655
2005-12-31,23.132195665132286,21.13876971160676
2006-01-01,23.18204540186112,21.055512146611733
2006-01-02,23.312945346392034,21.031792868305157
2006-01-03,23.51698364075896,21.294720841028557
2006-01-04,23.89160866559598,21.624311692001708
2006-01-05,24.09731101185549,22.195016337547948
2006-01-06,24.30227402556546,22.497580622247483
2006-01-07,24.28362422177703,22.089234266231003
2006-01-08,24.118283956187657,21.757725529194484
2006-01-09,24.024713278636945,21.782315669839477
2006-01-10,23.929813785309804,21.664412558602073
2006-01-11,23.97253562026037,21.672342662309987
2006-01-12,23.929992735205467,21.56848984230715
2006-01-13,23.623779411034306,21.37709901974712
2006-01-14,23.652825880882254,21.766850404887062
2006-01-15,23.847746009537424,21.826836198323626
2006-01-16,24.184774770672547,21.91530188947294
2006-01-17,24.170145627049013,22.32759198749823
2006-01-18,24.352881867404047,22.274834493536012
2006-01-19,24.571214069278447,22.324874271913632
2006-01-20,24.8380111020962,22.590396363119755
2006-01-21,24.92109971603144,22.68924989345078
2006-01-22,24.87877036626153,22.37923568688734
2006-01-23,24.789338055104867,22.20820713169484
2006-01-24,24.869235830546067,22.867752521665
2006-01-25,25.074933271517082,23.03112658048018
2006-01-26,25.03218231529621,22.875638585026287
2006-01-27,24.989647585025043,22.975685466685608
2006-01-28,25.31370481753156,23.23858644693849
2006-01-29,25.66668876461237,23.171055547663023
2006-01-30,25.713313636288373,23.485973859923284
2006-01-31,25.586060701394118,23.937081971871006
2006-02-01,25.474359269960605,23.84539991476062
2006-02-02,25.362070673411285,23.811629492825688
2006-02-03,25.081303585621086,23.826777951413554
2006-02-04,25.042048051130923,23.844740730217364
2006-02-05,25.10482535516781,23.77548373348488
2006-02-06,25.55928631155408,23.568907515272056
2006-02-07,25.68306839255556,23.636871714732205
2006-02-08,25.738492089446016,23.994243500497237
2006-02-09,25.959730250521538,24.30402756073307
2006-02-10,26.28164722488991,24.353399630629355
2006-02-11,26.436552099546297,24.93760193209263
2006-02-12,26.720037627910088,25.643477766728232
2006-02-13,26.617989390502412,25.674546100298343
2006-02-14,27.074868654170913,25.721845432589863
2006-02-15,27.398772208331973,26.28745560448928
2006-02-16,27.796569671656158,26.840687597670115
2006-02-17,27.840022787859677,26.940673391106685
2006-02-18,27.945097257177878,26.73893592839892
2006-02-19,27.9667774944531,26.302121039920447
2006-02-20,27.844580256316867,25.63241653643984
2006-02-21,27.705830897936867,25.434659752805796
2006-02-22,27.50952888531971,25.430066770848136
2006-02-23,27.12824988823396,25.261611024293227
2006-02-24,27.054779945027686,25.189082256002276
2006-02-25,26.972896148624006,25.25882085523512
2006-02-26,26.921601731960116,25.41760335274897
2006-02-27,26.953781004735628,25.758513993464987
2006-02-28,27.10360426946387,25.8806179855093
2006-03-01,27.28269811570681,26.18854524790453
2006-03-02,27.382520366261513,26.051020031254446
2006-03-03,27.341402643474485,25.574168205711043
2006-03-04,27.188598515581088,25.370123597101855
2006-03-05,27.048135845448197,24.978033811620975
2006-03-06,26.91211117826267,24.810539849410432
2006-03-07,26.705444663377197,24.81087938627646
2006-03-08,26.682214272113104,24.751081119477202
2006-03-09,26.490489328410202,24.160710328171625
2006-03-10,26.322459143292345,23.460626509447366
2006-03-11,26.15248002698939,22.89422361130843
2006-03-12,25.978986095473072,22.364192356868877
2006-03-13,26.01553082673772,22.856434152578494
2006-03-14,26.337475183793103,23.66888052280153
2006-03-15,26.34770386958972,23.78637022304304
2006-03-16,26.19949237507031,23.004162523085675
2006-03-17,26.197447987382876,22.54795851683478
2006-03-18,25.94180808524025,21.986306293507607
2006-03-19,25.69274990065236,21.55228583605626
2006-03-20,25.51138500927244,21.132467680068192
2006-03-21,25.438763287743782,20.874841596817735
2006-03-22,25.598738016193614,20.76556755220912
2006-03-23,25.69906474567012,20.816465407018047
2006-03-24,25.625607200218514,20.984163943742015
2006-03-25,25.601172674437873,21.00688592129564
2006-03-26,25.699582036295055,21.04675237959938
2006-03-27,25.7348297223234,21.05433868447223
2006-03-28,25.721736865417093,20.996137235402756
2006-03-29,25.538535264264667,20.72158261116636
2006-03-30,25.529064517998496,20.900308282426483
2006-03-31,25.661712111302418,20.779838045176867
2006-04-01,25.551657821969066,20.225399914760626
2006-04-02,25.198250633341054,20.014591561301323
2006-04-03,24.94768050220219,20.140741582611167
2006-04-04,24.74860644269296,19.868468532461996
2006-04-05,24.659765974268968,19.968518255434013
2006-04-06,24.724578952379385,20.13147322062793
2006-04-07,24.76817601914098,20.075313254723685
2006-04-08,24.602328666755017,19.563351328313676
2006-04-09,24.26511441533929,19.18751953402472
2006-04-10,23.847393905023683,19.185793436567696
2006-04-11,23.72036046627146,18.830542690723117
2006-04-12,23.790868939795295,18.619099303878393
2006-04-13,23.735075131635607,18.666034948146045
2006-04-14,23.758587815014756,19.166292086944168
2006-04-15,23.60499573633142,19.104565989487146
2006-04-16,23.62034090720933,18.879713027418667
2006-04-17,23.42946944232868,18.737562153715018
2006-04-18,23.917183557141428,19.447807927262396
2006-04-19,24.146418435606147,19.973696547805083
2006-04-20,24.287754868033254,20.18266230998722
2006-04-21,24.267235507666314,20.079879244210822
2006-04-22,24.083328579825825,20.043906804943884
2006-04-23,23.991376875186255,19.92648245489416
2006-04-24,23.921110002649254,19.821572666571956
2006-04-25,23.87348366559595,19.61840318227021
2006-04-26,24.014249759909877,19.774997869015486
2006-04-27,24.0973685713813,20.05855093052991
2006-04-28,24.190990164585866,20.606533598522518
2006-04-29,24.363415674570305,20.653763318653223
2006-04-30,24.59712968175644,20.721186248046596
2006-05-01,24.587694866211876,21.171326893024574
2006-05-02,24.674674388184325,21.71320358005399
2006-05-03,24.57992116352623,21.726901548515418
2006-05-04,24.513548696890354,21.631636596107406
2006-05-05,24.556544565685368,21.82489700241512
2006-05-06,24.620555042719484,21.785517829237115
2006-05-07,24.80108740106633,22.003803097030826
2006-05-08,24.796007012286005,22.02803807359
2006-05-09,24.742596118819794,21.55115925557607
2006-05-10,24.339423307778876,21.42500781360989
2006-05-11,24.363600585323,21.132371075436858
2006-05-12,24.208817494287505,20.70149026850405
2006-05-13,24.005986977183145,20.50768433016054
2006-05-14,23.8008926383415,20.384146895865893
2006-05-15,23.668676958803854,20.50002699247052
2006-05-16,23.535942457032213,20.368403182270214
2006-05-17,23.544180299367596,20.19068759767013
2006-05-18,23.50185107378208,19.99638727091917
2006-05-19,23.296109899162147,19.889717289387693
2006-05-20,23.196754375434626,19.954719420372214
2006-05-21,23.207221392025694,20.297797982668
2006-05-22,23.338026707951123,20.59589572382441
2006-05-23,23.554916278934986,20.543869867878964
2006-05-24,23.64729091466045,20.743405313254726
2006-05-25,23.65746388300159,20.96382724818866
2006-05-26,23.67145687071566,20.75397073447933
2006-05-27,23.797008643242723,20.793041625230856
2006-05-28,23.854650731032873,21.009926125870148
2006-05-29,23.9241862188297,21.150640716010802
2006-05-30,23.921137364638884,21.148985651370932
2006-05-31,23.955772551909142,20.82401761613866
2006-06-01,23.93417392456206,20.65316522233272
2006-06-02,23.727136325628326,20.803308708623387
2006-06-03,23.42485528363748,21.02193919590851
2006-06-04,23.068796693380143,20.266015058957237
2006-06-05,22.766605416100962,19.739865037647398
2006-06-06,22.605655073351773,19.237191362409437
2006-06-07,22.56376678560785,18.943636880238675
2006-06-08,22.470151712090562,18.97708765449638
2006-06-09,22.391917077855474,18.97725671260123
2006-06-10,22.508566931317755,18.986053416678512
2006-06-11,22.77609437609699,19.306965478050863
2006-06-12,22.968955173527107,19.48181417815031
2006-06-13,23.184667806404644,19.790923426623102
2006-06-14,23.268898317713724,20.06443813041625
2006-06-15,23.363606835943994,20.20215229435999
2006-06-16,23.339498025466032,20.37997584884217
2006-06-17,23.309969367818006,20.511254439551077
2006-06-18,23.14323864953464,20.427233982099736
2006-06-19,22.955992627578937,20.11047023724961
2006-06-20,22.84216302530059,19.81141071174883
2006-06-21,22.66949649385704,19.541166358857794
2006-06-22,22.484420782693633,19.22570393521807
2006-06-23,22.4084214491506,19.253901122318517
2006-06-24,22.379927538331604,19.268853530331015
2006-06-25,22.350862544292443,19.0647748259696
2006-06-26,22.351324593502685,18.996868873419515
2006-06-27,22.33500985197208,18.95341383719278
2006-06-28,22.312465476703043,18.872824264810344
2006-06-29,22.640710335463773,19.647147322062793
2006-06-30,22.594821671027017,19.630275607330592
2006-07-01,22.48747741911447,19.423141071174886
2006-07-02,22.32779309616846,19.43920301179145
2006-07-03,22.274400561314,19.58892740446086
2006-07-04,22.206342103520214,19.492736184117067
2006-07-05,22.181084234361048,19.316478192925132
2006-07-06,22.217318359439695,19.36023582895298
2006-07-07,22.27584085339608,19.435334564568834
2006-07-08,22.237241551313083,19.367195624378457
2006-07-09,22.068000546411938,19.199965904247755
2006-07-10,21.92432015183626,18.991403608467117
2006-07-11,21.8013066902341,18.81607330586731
2006-07-12,21.72335948107426,18.733545958232703
2006-07-13,21.660446112196514,18.762622531609605
2006-07-14,21.71196412309168,18.82283563006109
2006-07-15,21.90493641752493,18.82686461145049
2006-07-16,21.963056967579526,19.045739451626655
2006-07-17,22.05555847849121,19.336417104702367
2006-07-18,22.159061309898348,19.33245205284841
2006-07-19,22.13167069576453,19.40232419377753
2006-07-20,22.125447788687637,19.60632334138372
2006-07-21,22.215533413915274,19.329244210825404
2006-07-22,22.26856324717687,19.450518539565284
2006-07-23,22.2784108727688,19.64463702230431
2006-07-24,22.232901550650663,19.66580906378747
2006-07-25,22.135151712090664,19.56132263105555
2006-07-26,21.951198090869987,19.201078278164513
2006-07-27,21.932483524853435,19.139757067765306
2006-07-28,21.868788476504285,19.22372496093196
2006-07-29,21.763171486405877,19.336006535019184
2006-07-30,21.773788993939853,19.554494956669984
2006-07-31,21.816218125972703,19.664030402045746
2006-08-01,21.882393780839145,19.925127148742725
2006-08-02,21.94091012766171,19.93887057820713
2006-08-03,21.98487329039302,19.890696121608183
2006-08-04,22.04419940308643,19.85041625230857
2006-08-05,22.084255534490197,19.67076573376901
2006-08-06,22.154728222174434,19.636532177866176
2006-08-07,22.08074535549886,20.126526495240807
2006-08-08,21.914720771103084,20.074536155703942
2006-08-09,21.68710573484122,19.929306719704503
2006-08-10,21.602167971983963,19.883533172325613
2006-08-11,21.581636855482294,20.039772694985086
2006-08-12,21.649140146372165,19.92583747691434
2006-08-13,21.694526898367418,19.71065492257423
2006-08-14,21.828230287776886,19.81514987924421
2006-08-15,21.90450624234189,19.87648813751954
2006-08-16,21.98526277444786,19.918658900411987
2006-08-17,21.804163927708082,19.753530331012925
2006-08-18,21.68463100639136,19.536351754510587
2006-08-19,21.63626446749677,19.501910782781643
2006-08-20,21.545552559028994,19.131592555760758
2006-08-21,21.441490855879714,19.329789742861205
2006-08-22,21.423314195118717,19.41687739735758
2006-08-23,21.492811247806046,19.468764028981386
2006-08-24,21.50929728118687,19.535149879244212
2006-08-25,21.5709907648111,19.124261969029696
2006-08-26,21.488142613504586,18.671716152862622
2006-08-27,21.33333557555385,18.74010796988209
2006-08-28,21.202412160148402,18.60599374911209
2006-08-29,21.059968001788217,18.45626083250462
2006-08-30,21.351541481769733,18.950272766017903
2006-08-31,21.581930075835356,19.266731069754222
2006-09-01,21.579979095605466,19.279705924136955
2006-09-02,21.772009367652355,19.674058815172614
2006-09-03,22.035493736960657,19.900325330302604
2006-09-04,22.318840861674968,20.250725955391392
2006-09-05,22.302922392952972,20.279681772979124
2006-09-06,22.078991042156538,19.813776104560308
2006-09-07,21.906332727588865,19.630826821991757
2006-09-08,21.865218192204537,19.343747691433443
2006-09-09,21.727949879127006,19.25443244779088
2006-09-10,21.669147286982152,19.378295212388124
2006-09-11,21.484134309699602,19.252095468106265
2006-09-12,21.478698049475103,18.937246768006823
2006-09-13,21.569941736761898,19.716272197755366
2006-09-14,21.714209234360975,19.873567268077856
2006-09-15,21.79623139301918,19.88922005966757
2006-09-16,21.842956502301558,19.865732348344935
2006-09-17,21.750137555055165,19.74920869441682
2006-09-18,21.698333050468623,19.608957238244074
2006-09-19,21.665778140212566,19.260993038783926
2006-09-20,21.74035789979142,19.16309987214093
2006-09-21,21.75548773470874,19.425779230004263
2006-09-22,21.69626953836463,19.48233129705925
2006-09-23,21.6062677376892,19.171582611166357
2006-09-24,21.682812013610643,18.92601932092627
2006-09-25,21.930208443719565,18.911683477766726
2006-09-26,21.945958890783864,19.255159823838614
2006-09-27,21.89083373348347,19.727883222048586
2006-09-28,21.98308470212276,19.96945304730786
2006-09-29,22.234817552240322,20.19657621821282
2006-09-30,22.31253021823358,20.396434152578497
2006-10-01,22.336374515680344,20.65072879670408
2006-10-02,22.300583004934275,20.53228299474358
2006-10-03,22.183069655098222,20.141802812899563
2006-10-04,22.06678577342126,19.638028128995597
2006-10-05,21.98004596897039,19.29516408580765
2006-10-06,21.835181164519625,19.562817161528624
2006-10-07,21.842719558234247,19.78752379599375
2006-10-08,21.880615272212363,19.9884259127717
2006-10-09,21.937947954266942,20.409353601363833
2006-10-10,22.03911626154911,20.84803381162097
2006-10-11,22.076990512302505,20.836905810484442
2006-10-12,22.12925274033842,21.011389401903678
2006-10-13,22.23037828675037,21.17015343088507
2006-10-14,22.22217093171503,20.839024009092203
2006-10-15,22.208103557472587,20.816496661457595
2006-10-16,22.30386530532828,20.775090211677792
2006-10-17,22.82217356028747,21.18085949708766
2006-10-18,23.072808826207833,21.701294217928677
2006-10-19,23.11894399692024,21.81790737320642
2006-10-20,23.073641545517766,21.608795283420946
2006-10-21,23.129660893466216,21.55492257422929
2006-10-22,23.278788869755264,21.571863901122317
2006-10-23,23.39769712223064,21.910609461571248
2006-10-24,23.437205268735298,21.594587299332286
2006-10-25,23.428132699440333,21.58162949282569
2006-10-26,23.306833191211073,21.669514135530623
2006-10-27,23.22176288207443,21.578935928398927
2006-10-28,23.225875935523423,21.35552777383151
2006-10-29,23.199363719905847,20.887218354879955
2006-10-30,22.99943758899883,20.646651512999007
2006-10-31,22.834286849686965,20.50120755789175
2006-11-01,22.780474757426227,20.67211677795142
2006-11-02,22.71567049292976,20.779484301747406
2006-11-03,22.693968295691622,20.441436283563007
2006-11-04,22.60862465642283,20.167376047734063
2006-11-05,22.293322515481616,20.209735757920164
2006-11-06,22.25780628042522,19.884293223469246
2006-11-07,22.259650337781935,19.993168063645403
2006-11-08,22.35568705086598,20.367921579769856
2006-11-09,22.671484584561405,20.423443670975992
2006-11-10,22.862605060105373,20.501923568688735
2006-11-11,22.876751933139126,20.872484727944308
2006-11-12,22.65064824320301,20.88652081261543
2006-11-13,22.405227630228126,20.597743997726944
2006-11-14,22.34742878017692,20.555919874982244
2006-11-15,22.624307671291913,20.284276175593124
2006-11-16,22.855658591913134,20.174717999715867
2006-11-17,22.962363769579778,20.30111379457309
2006-11-18,22.906950276517556,20.267567836340394
2006-11-19,22.871961535914224,20.55718425912772
2006-11-20,22.961524509885052,20.670751527205564
2006-11-21,23.035526149120702,20.54077851967609
2006-11-22,23.06838276567209,20.48752805796278
2006-11-23,23.086257306189392,20.821233129705924
2006-11-24,23.302948740769075,21.02902258843586
2006-11-25,23.522758096830803,21.320768575081686
2006-11-26,23.617242130840836,21.455448217076288
2006-11-27,23.51929278984675,21.542074158261116
2006-11-28,23.59312322002188,21.445300468816598
2006-11-29,23.763682464317707,21.625453899701657
2006-11-30,23.86413534457068,21.502334138371932
2006-12-01,23.431295948273107,21.457623241937778
2006-12-02,23.205509508394922,21.22220343798835
2006-12-03,23.02218260506006,20.714270492967756
2006-12-04,23.074221238864833,20.397420088080693
2006-12-05,23.164652179852332,20.05251456172752
2006-12-06,23.029263089048598,19.918871998863477
2006-12-07,22.7725176548995,19.56636738173036
2006-12-08,22.9026659519158,20.08778661741725
2006-12-09,23.236238864787882,20.310531325472372
2006-12-10,23.348454937576616,20.45983804517687
2006-12-11,23.269646902010116,20.379640573945167
2006-12-12,23.38672837947477,20.21046029265521
2006-12-13,23.547624867536562,20.232960647819294
2006-12-14,23.738901401629303,20.343109816735325
2006-12-15,23.94516750422228,20.647717005256432
2006-12-16,24.31108110905059,20.800262821423495
2006-12-17,24.6370271674339,20.97000426196903
2006-12-18,24.870134822995702,21.327160107969885
2006-12-19,24.892469926648463,21.520771416394382
2006-12-20,24.891785421565046,21.49177582042904
2006-12-21,24.848390051163967,21.439011223185116
2006-12-22,24.89295917226879,22.272866884500633
2006-12-23,24.869388618902505,22.376084671118065
2006-12-24,24.828110987846493,22.45721693422362
2006-12-25,24.557298262244675,22.175451058388976
2006-12-26,24.350321265357543,21.729980110811194
2006-12-27,24.371672765506535,21.616537860491547
2006-12-28,24.428890887339815,21.479222900980258
2006-12-29,24.429342856906292,21.735205284841598
2006-12-30,24.407534833758298,21.818481318369084
2006-12-31,24.425553511110436,22.280578207131693
2007-01-01,24.50897282842661,22.336265094473653
2007-01-02,24.518361675000865,22.55368092058531
2007-01-03,24.44207800029804,22.75306719704504
2007-01-04,24.550935026658273,23.116804943884077
2007-01-05,24.725247603238753,23.291717573518966
2007-01-06,24.87957021806803,23.387077709901977
2007-01-07,24.853216317018234,23.49531325472368
2007-01-08,24.94636739576782,23.401834067339113
2007-01-09,25.049328782660506,23.267645972439265
2007-01-10,25.064602174885003,23.252484727944314
2007-01-11,25.015418667417276,22.930745844580198
2007-01-12,25.01228631983312,22.719265520670557
2007-01-13,24.95936670033457,22.545931240232992
2007-01-14,24.87209091548832,22.646117346213952
2007-01-15,24.923087703248648,22.46891745986646
2007-01-16,25.05258866774848,22.55259411848273
2007-01-17,25.184913381296177,22.71241653643984
2007-01-18,25.394819601284986,23.098683051569825
2007-01-19,25.50823604165976,23.337528057962782
2007-01-20,25.46345748335935,23.204719420372218
2007-01-21,25.419721764579215,22.90067481176304
2007-01-22,25.346548146339043,23.00709191646541
2007-01-23,25.253460960525903,23.09654780508595
2007-01-24,25.21816045468089,23.07497797982668
2007-01-25,25.202356111534264,22.835260690438986
2007-01-26,25.48973530069212,22.924176729649098
2007-01-27,25.530045430837486,23.205280579627793
2007-01-28,25.56730089081697,23.209737178576503
2007-01-29,25.541410922442605,22.861196192641007
2007-01-30,25.603888465741537,22.66301747407302
2007-01-31,25.68833234675631,22.750613723540273
2007-02-01,25.675315014736565,22.742531609603642
2007-02-02,25.737671457429506,22.60108822275891
2007-02-03,25.70088878862135,22.400772837050717
2007-02-04,25.783210087094776,22.60217786617418
2007-02-05,25.813077064774646,22.723102713453624
2007-02-06,25.916553527668327,22.909974428185826
2007-02-07,26.07066308325331,23.049933229151872
2007-02-08,26.085908554657735,22.922996164227875
2007-02-09,26.118419917541566,23.13816735331723
2007-02-10,26.159054624631587,23.55109674669697
2007-02-11,26.158025321223977,23.26298906094616
2007-02-12,26.094346706626496,22.852216223895436
2007-02-13,26.19101870632842,23.217968461429184
2007-02-14,26.18001219078053,23.274740730217363
2007-02-15,26.211799847667077,23.29273476346072
2007-02-16,26.238572498923702,23.448286688450068
2007-02-17,26.446327905089866,23.95366245205286
2007-02-18,26.512617126701347,23.934544679642
2007-02-19,26.599346478954853,23.384074442392386
2007-02-20,26.579554736397668,22.97378320784203
2007-02-21,26.580572283670552,22.968810910640716
2007-02-22,26.60011785111103,22.536880238670268
2007-02-23,26.58467296006224,22.432653786049148
2007-02-24,26.531836668377654,22.336489558175874
2007-02-25,26.421511139351637,22.329579485722405
2007-02-26,26.219836614564347,22.36282994743572
2007-02-27,26.273617639997344,22.436069043898286
2007-02-28,26.284879727290758,22.383656769427486
2007-03-01,26.21424253651024,22.078827958516836
2007-03-02,26.22008088551848,22.00868021025714
2007-03-03,26.209133937146124,22.396482454894162
2007-03-04,26.237114696824136,22.433354169626373
2007-03-05,26.27076870218889,22.356718283847137
2007-03-06,26.167646517038072,22.428577923000432
2007-03-07,26.210835492764172,22.79177013780366
2007-03-08,26.243185891810374,22.809920443244778
2007-03-09,26.32039490677878,22.9225202443529
2007-03-10,26.306739990727547,22.822383861343944
2007-03-11,26.30955697171903,22.515793436567694
2007-03-12,26.354249490843404,22.52952408012503
2007-03-13,26.451212144418317,22.95438982810058
2007-03-14,26.537952942345292,23.445172609745708
2007-03-15,26.43195294648476,23.245854524790452
2007-03-16,26.32081456767225,22.97397215513567
2007-03-17,26.228396425969486,22.698775394232143
2007-03-18,26.035054082359185,22.183872709191647
2007-03-19,25.829158091035573,21.37891603921012
2007-03-20,25.63833141537235,21.38365250745845
2007-03-21,25.601326145809185,21.384716579059532
2007-03-22,25.723943707156312,21.547346213950856
2007-03-23,25.920819659237637,21.707661599659048
2007-03-24,25.902644467993458,22.144304588719987
2007-03-25,25.770822598271355,22.26626083250462
2007-03-26,25.69861308656487,22.230056826253737
2007-03-27,25.653930647084156,22.25421366671402
2007-03-28,25.62237482200211,22.525884358573656
2007-03-29,25.723212922641306,22.86027844864327
2007-03-30,25.74827089611549,22.302952123881234
2007-03-31,25.71491832797959,22.36844296064782
2007-04-01,25.583502955591513,22.151157834919736
2007-04-02,25.449281095804213,21.729863616991047
2007-04-03,25.38557903102962,21.400617985509307
2007-04-04,25.339575558002476,21.35639295354454
2007-04-05,25.194847915355826,20.633135388549512
2007-04-06,25.078033186243655,20.18292939337974
2007-04-07,24.94812206096627,19.946165648529618
2007-04-08,24.875625558830382,20.004315953970742
2007-04-09,25.21743546544362,21.06228583605626
2007-04-10,25.515068094512724,21.8155107259554
2007-04-11,25.441531008874982,21.722750390680492
2007-04-12,25.408281907143078,21.555255007813617
2007-04-13,25.27142197486497,21.207792300042623
2007-04-14,25.14598683230125,20.837349055263534
2007-04-15,25.136744316488404,20.854750674811772
2007-04-16,25.057597836705636,20.706446938485573
2007-04-17,24.880623654667627,20.546944168205716
2007-04-18,24.733127359505907,19.975773547378886
2007-04-19,24.657836146802662,20.022631055547667
2007-04-20,24.805171974865118,20.83410853814463
2007-04-21,24.87762033480148,20.953283136809212
2007-04-22,24.84195729294301,20.722150873703658
2007-04-23,24.617974591846824,20.17480465975281
2007-04-24,24.459514893863588,19.94022872567126
2007-04-25,24.382601872702622,20.119630629350755
2007-04-26,24.15927480378843,20.1529379173178
2007-04-27,24.03601798191873,20.376283563006115
2007-04-28,24.24793238980695,20.668197187100443
2007-04-29,24.288834818028306,20.649225742292938
2007-04-30,24.18763507136473,20.49547520954681
2007-05-01,24.1304094156704,20.31993180849553
2007-05-02,24.082059269132685,20.150512856939912
2007-05-03,24.00993745239593,20.03787611876687
2007-05-04,23.921544731264618,19.858935928398925
2007-05-05,23.911185175679663,19.47177013780367
2007-05-06,23.86458518230278,19.30408864895582
2007-05-07,23.740186442361885,19.126206847563576
2007-05-08,23.625492660694793,19.186880238670266
2007-05-09,23.57914852882741,19.567621821281435
2007-05-10,23.69474767774939,20.408374769143343
2007-05-11,23.8349951775011,20.460468816593274
2007-05-12,23.765375306321847,20.126250887910217
2007-05-13,23.74631542454545,19.879659042477627
2007-05-14,23.757513370533477,19.522969171757357
2007-05-15,23.586813507964376,19.31525358715727
2007-05-16,23.378549069444023,19.26570677653076
2007-05-17,23.290550944630215,19.128286688450064
2007-05-18,23.454989320131176,19.13389970166217
2007-05-19,23.547024932112453,19.60793010370791
2007-05-20,23.506313665264706,19.4191817019463
2007-05-21,23.335326191343526,19.157153004688166
2007-05-22,23.178301217836232,19.148816593266094
2007-05-23,22.97312982249895,18.64374058815173
2007-05-24,22.797005621419324,18.491083960789886
2007-05-25,22.562151641719346,18.37159681772979
2007-05-26,22.44142172649599,18.366803523227734
2007-05-27,22.30099420058285,18.397640289813896
2007-05-28,22.222855271218982,18.61042761755931
2007-05-29,22.09431723350002,18.88146327603353
2007-05-30,21.94569472960887,18.952008808069323
2007-05-31,21.839872317614347,19.171991760193215
2007-06-01,21.81069535053153,19.000227305014924
2007-06-02,21.726745082292958,18.97170762892457
2007-06-03,21.655097029506248,19.10562721977554
2007-06-04,21.572853967281585,18.744334422503194
2007-06-05,21.63777989121441,18.692771700525647
2007-06-06,21.663366290525627,18.51935644267652
2007-06-07,21.792190946120552,18.56228157408723
2007-06-08,21.853144165811162,18.957962778803807
2007-06-09,21.97953316968568,19.44232135246484
2007-06-10,22.248489502268434,19.871294217928686
2007-06-11,22.461416303771905,20.678262537292227
2007-06-12,22.683033165546234,21.336851825543395
2007-06-13,22.786785628539253,21.71031822702089
2007-06-14,23.119465364937,21.566483875550507
2007-06-15,23.254476624333577,21.3010612302884
2007-06-16,23.220484443818915,21.3355732348345
2007-06-17,23.230131966751667,21.26831794288962
2007-06-18,23.225759822995627,20.636243784628505
2007-06-19,23.095697689340025,20.121946299190228
2007-06-20,22.85346439629763,19.78368234124166
2007-06-21,22.396746137861385,19.10153004688166
2007-06-22,22.285805398715095,18.88545532035801
2007-06-23,22.130998215882347,18.675693990623667
2007-06-24,21.927995309964583,18.437319221480326
2007-06-25,21.812346528628673,18.191102429322346
2007-06-26,21.785964893035725,18.59242932234692
2007-06-27,21.892217645792638,19.04453331439125
2007-06-28,21.953990793787405,19.050954681062656
2007-06-29,22.014516880815922,19.189234266230997
2007-06-30,22.049388370533492,19.185223753374064
2007-07-01,22.035013246348974,18.92441255860208
2007-07-02,22.021309567175557,19.079445944026137
2007-07-03,22.02634694671656,19.490299758488423
2007-07-04,22.01308360515948,19.947576360278447
2007-07-05,22.03304490098356,20.008532461997444
2007-07-06,22.033221781137218,19.467262395226598
2007-07-07,22.010119982945298,19.061588293791733
2007-07-08,21.715192299731722,18.78432163659611
2007-07-09,21.517065436963914,18.66631339678932
2007-07-10,21.310153699042946,18.480880806932806
2007-07-11,21.13371758783985,18.570163375479474
2007-07-12,21.01044722985729,18.487823554482166
2007-07-13,20.871609617677212,18.331692001704788
2007-07-14,20.840852381859165,17.8930956101719
2007-07-15,20.79828132761537,17.94334280437562
2007-07-16,20.80907302463819,18.356320500071032
2007-07-17,20.868504300923927,19.021417815030546
2007-07-18,20.866158848561078,19.248283847137376
2007-07-19,20.996088663608976,19.151693422361134
2007-07-20,21.075309509222755,19.13332291518682
2007-07-21,21.114509057191125,19.07304588719989
2007-07-22,21.10462285160775,20.681853956527917
2007-07-23,21.093382538000466,20.993767580622247
2007-07-24,21.05811877007653,20.92682341241654
2007-07-25,20.933398412921854,20.125934081545672
2007-07-26,20.820398073484153,20.02939764171047
2007-07-27,20.706092927277567,19.939808211393668
2007-07-28,20.653932985892624,19.774702372496094
2007-07-29,20.56332433685466,19.258482739025435
2007-07-30,20.430428457297047,18.42890325330303
2007-07-31,20.32277123969269,18.113244779087943
2007-08-01,20.216623298672072,18.00647677226879
2007-08-02,20.054413621386214,17.672523085665574
2007-08-03,19.978806586746963,17.596944168205713
2007-08-04,19.902014355730678,17.29772979116352
2007-08-05,19.936166651488517,17.385016337547953
2007-08-06,19.930279415173693,17.57289671828385
2007-08-07,19.975004305063386,17.69429890609462
2007-08-08,19.993151409908275,17.830215939764177
2007-08-09,19.987657424578618,17.76254723682341
2007-08-10,20.070725858529,17.806169910498653
2007-08-11,20.104654622147866,18.11937064923995
2007-08-12,20.052972853263622,18.211969029691712
2007-08-13,20.115820466437057,18.372067054979407
2007-08-14,20.162863964135493,18.381680636454043
2007-08-15,20.14958905272053,18.460610882227595
2007-08-16,20.119049615855886,18.520424776246628
2007-08-17,20.100750985197244,18.51996732490411
2007-08-18,20.082874933768235,18.249585168347785
2007-08-19,20.07352998642248,18.153807358999856
2007-08-20,20.024383382455206,18.190578207131693
2007-08-21,20.065582528893646,18.14937491120898
2007-08-22,20.07923651356098,18.12790595255008
2007-08-23,19.95401904576617,16.870291234550365
2007-08-24,19.828019298274643,17.379305299048163
2007-08-25,19.68980420240422,17.372731922148034
2007-08-26,19.57371295161771,16.89698820855235
2007-08-27,19.516917491803895,16.890373632618275
2007-08-28,19.503791084379266,16.833064355732347
2007-08-29,19.50475291419678,16.83283563006109
2007-08-30,19.42859774977651,17.34063219207274
2007-08-31,19.686572817663986,17.82461429180282
2007-09-01,19.822670215584353,17.930612302883937
2007-09-02,20.304985677385186,19.05418099161813
2007-09-03,20.392980780375495,19.19376189799688
2007-09-04,20.392067092757575,18.745490836766592
2007-09-05,20.39804926813921,18.867140218781085
2007-09-06,20.401580599894118,18.91972581332576
2007-09-07,20.297310618604484,18.616820571103858
2007-09-08,19.883137666821188,18.462650944736463
2007-09-09,19.775530971619656,18.392237533740584
2007-09-10,19.588003340563592,17.64744850120756
2007-09-11,19.528674930456706,17.665321778661742
2007-09-12,19.48331833460278,17.819032533030256
2007-09-13,19.407538083253304,17.674536155703933
2007-09-14,19.352070963175148,17.48191220343799
2007-09-15,19.182955881378952,17.896113084244924
2007-09-16,19.139799607576922,18.16960789884927
2007-09-17,19.17068878944925,18.121194771984662
2007-09-18,19.255767046395345,18.83244921153573
2007-09-19,19.378910177335488,18.81994459440262
2007-09-20,19.44828877868661,18.77335701093906
2007-09-21,19.480409167301385,18.747256712601217
2007-09-22,19.522126597840863,18.7709134820287
2007-09-23,19.523697739013826,18.687536581900837
2007-09-24,19.49804835745271,18.376188379031113
2007-09-25,19.5023149029705,18.34480181844012
2007-09-26,19.484588721561796,18.376452621110953
2007-09-27,19.44076818475339,18.244781929251317
2007-09-28,19.331260058946306,18.090176161386566
2007-09-29,19.24707266036358,18.017877539423214
2007-09-30,19.24010286617876,17.7835686887342
2007-10-01,19.226228764446798,17.709068049438844
2007-10-02,19.233145449051207,17.850998721409294
2007-10-03,19.475374147266283,18.07427475493678
2007-10-04,19.50729590273873,18.357114646966902
2007-10-05,19.561534817200368,18.660269924705215
2007-10-06,19.567374594330612,18.70646114504902
2007-10-07,19.479404969864582,20.121437704219353
2007-10-08,19.416744440672908,20.291905100156278
2007-10-09,19.35979327416631,20.141802812899567
2007-10-10,19.197781712587346,20.061002983378323
2007-10-11,19.16086732539654,19.87665151299901
2007-10-12,19.136631391363323,19.142453473504755
2007-10-13,19.252668104447473,18.367439977269502
2007-10-14,19.223978996257884,16.86652223327177
2007-10-15,19.258794934099384,16.72919590850973
2007-10-16,19.27129100158954,16.72340247194204
2007-10-17,19.286089657085185,16.42022304304589
2007-10-18,19.322471127098765,16.009437420088087
2007-10-19,19.35909016210223,15.877648813751957
2007-10-20,19.464025544756097,15.863963631197612
2007-10-21,19.680356223300343,16.502121039920446
2007-10-22,19.719121746365534,16.5356883079983
2007-10-23,19.652904448289572,15.537474073021738
2007-10-24,19.54682002765178,15.2697073447933
2007-10-25,19.457761801669054,15.281871004404035
2007-10-26,19.493138722389663,15.39278732774542
2007-10-27,19.557698674537143,15.813122602642423
2007-10-28,19.654634897506384,16.13528342094048
2007-10-29,19.603810477862066,16.95723682341242
2007-10-30,19.59305570503695,17.31986787896008
2007-10-31,19.501421043481155,17.364702372496094
2007-11-01,19.41855997698452,16.9988464270493
2007-11-02,19.38954124167965,16.594581616706925
2007-11-03,19.421602352882744,16.48705071743145
2007-11-04,19.449609149915545,16.437947151584037
2007-11-05,19.478546689240634,16.43390538428754
2007-11-06,19.409228607146453,16.954375621537153
2007-11-07,19.345068736132706,17.157674385566136
2007-11-08,19.418447176043983,16.761137945730933
2007-11-09,19.385311144318944,16.57006819150448
2007-11-10,19.508177799119093,16.868224179570966
2007-11-11,19.51807004834916,17.258218496945588
2007-11-12,19.499009835414125,17.456533598522515
2007-11-13,19.468976553962353,17.684870009944593
2007-11-14,19.51170730950096,17.744418241227446
2007-11-15,19.581825057124917,19.06293081403609
2007-11-16,19.577571344007662,18.790575365819013
2007-11-17,19.694011987945782,18.179265520670555
2007-11-18,19.79756269248607,18.219124875692575
2007-11-19,19.889748754015336,18.184993607046458
2007-11-20,19.95751430191743,18.052447790879388
2007-11-21,19.98204964483225,18.04802954965194
2007-11-22,20.05849217223563,17.55321636596108
2007-11-23,20.28170608835314,17.56103281716153
2007-11-24,20.40605573401335,17.92931382298622
2007-11-25,20.449686454780274,18.144477908793863
2007-11-26,20.45147680233135,17.996343230572524
2007-11-27,20.56273675779048,17.952983378320784
2007-11-28,20.597097517965317,17.861531467538
2007-11-29,20.713320425042216,18.47756215371502
2007-11-30,20.77720350945453,18.616189799687458
2007-12-01,20.873080686823222,18.30136809205853
2007-12-02,20.85542084064641,18.182085523511862
2007-12-03,20.800598734973725,18.15485864469385
2007-12-04,20.790217840348436,17.823375479471522
2007-12-05,20.700377810709668,17.29853814462282
2007-12-06,20.48829397373912,16.93884074442393
2007-12-07,20.23067235569765,16.831395084529053
2007-12-08,20.326150072854933,17.531055547663023
2007-12-09,20.377004752127682,17.43518255434011
2007-12-10,20.474024344305718,17.116574797556474
2007-12-11,20.500328136901018,16.92948856371644
2007-12-12,20.51917204109676,16.937242506037794
2007-12-13,20.750866621684235,17.735912771700523
2007-12-14,20.811627044905137,18.146556329024012
2007-12-15,20.767696418518398,18.03806506606052
2007-12-16,20.767955839984086,18.04635033385424
2007-12-17,20.77592057985886,18.88788890467396
2007-12-18,20.800614671987287,18.770456030686184
2007-12-19,20.85540581431931,18.578204290382157
2007-12-20,21.062435279166795,18.680490126438414
2007-12-21,21.288249494982956,18.91272197755363
2007-12-22,21.419493285756886,19.196081829805372
2007-12-23,21.592467298075928,19.590947577780938
2007-12-24,21.75501295658508,19.590933371217503
2007-12-25,21.84302782561181,19.5213439409007
2007-12-26,21.986929993045674,19.669139082256
2007-12-27,22.298297409510855,20.578367665861627
2007-12-28,22.384313673543673,20.77016053416678
2007-12-29,22.422430063416936,20.906319079414697
2007-12-30,22.464184480246384,20.879079414689595
2007-12-31,22.614138573368233,20.82768575081688
2008-01-01,22.723545136934124,20.86959653359853
2008-01-02,22.861574038811877,20.965215229436
2008-01-03,22.997977303208906,21.188001136525074
2008-01-04,23.071763813458332,21.015280579627788
2008-01-05,23.078965956883145,20.801984656911493
2008-01-06,23.08624074825318,20.80514987924421
2008-01-07,23.209910876908292,20.875847421508738
2008-01-08,23.608536547504812,21.39820002841313
2008-01-09,23.856912110474585,22.090720272766017
2008-01-10,24.00080397059314,22.149917601932092
2008-01-11,24.14220735917481,22.16579201591136
2008-01-12,24.26343684803127,22.286303452194918
2008-01-13,24.220288770407656,22.15638300895014
2008-01-14,24.268764488194176,22.295240801250177
2008-01-15,24.417832338477307,22.120946157124596
2008-01-16,24.690759367652472,22.82778093479188
2008-01-17,24.7966310395072,23.07665577496804
2008-01-18,24.758106496506215,23.51583747691433
2008-01-19,24.767931210054094,23.687147322062792
2008-01-20,24.81305121369666,23.66615428327888
2008-01-21,24.754174566182044,23.218349197329168
2008-01-22,24.76284798572706,23.18431311265805
2008-01-23,24.85281493194686,23.61105838897571
2008-01-24,24.875130373050258,23.65442818582185
2008-01-25,24.814687675928155,23.459190225884356
2008-01-26,24.92590346309241,23.53061514419662
2008-01-27,25.04892166440382,23.6436013638301
2008-01-28,25.126739473292073,23.644541838329307
2008-01-29,25.14754781104081,23.5618795283421
2008-01-30,25.139040095042574,23.58582895297628
2008-01-31,25.2849872296917,24.987945730927695
2008-02-01,25.49462388647876,25.08123597101861
2008-02-02,25.725015626552295,25.170044040346642
2008-02-03,25.82828534291485,25.40174740730218
2008-02-04,25.84439315163757,25.293220627930104
2008-02-05,25.85428215137269,25.171615286262256
2008-02-06,25.82491687916021,25.07855235118625
2008-02-07,25.852506188528633,24.841647961358145
2008-02-08,25.845912859721235,25.17550646398636
2008-02-09,25.705669540848476,24.867172893876976
2008-02-10,25.77965062754578,24.79218781076858
2008-02-11,25.727062166771493,24.466475351612445
2008-02-12,25.766520101334525,24.13971018610598
2008-02-13,25.87159405321716,24.31924136951272
2008-02-14,25.841747876444657,24.155509305299045
2008-02-15,25.918833079444973,24.12861486006535
2008-02-16,26.16585621088189,24.029938911777236
2008-02-17,26.296771492201174,23.871846853246197
2008-02-18,26.54137861376958,23.85913766159966
2008-02-19,26.626262749610895,23.871738883364124
2008-02-20,26.631079618836264,23.966921437704222
2008-02-21,26.808626726164857,25.63192356868874
2008-02-22,26.953574858429654,25.967782355448218
2008-02-23,27.209494155048507,26.300407728370516
2008-02-24,27.42475564625626,26.34556186958375
2008-02-25,27.462560953902717,26.39027702798693
2008-02-26,27.40575754627945,26.426383008950136
2008-02-27,27.454564112329038,26.399953118340672
2008-02-28,27.48118380964998,26.554871430600947
2008-02-29,27.321927157499044,26.3407557891746
2008-03-01,27.12953935821447,25.83392527347634
2008-03-02,27.08306346656953,25.792317090495814
2008-03-03,27.080171995562484,25.797984088648963
2008-03-04,27.05128003195681,25.794656911493114
2008-03-05,26.87814698066031,25.90707770990198
2008-03-06,26.742466366691996,25.708656059099308
2008-03-07,26.744461577309057,25.660870862338403
2008-03-08,26.738564675298893,25.531967609035377
2008-03-09,26.770402212968122,25.564391248756927
2008-03-10,26.87121611832297,25.637859070890755
2008-03-11,27.01060542024045,25.31451768717147
2008-03-12,27.04611080984869,25.04177582042904
2008-03-13,27.12093339156204,25.02146185537718
2008-03-14,27.26853317382516,25.097104702372494
2008-03-15,27.353115934529843,25.274040346640145
2008-03-16,27.36658080686832,25.59280721693422
2008-03-17,27.380712694969688,25.77359994317375
2008-03-18,27.31650275689628,25.567985509305306
2008-03-19,27.31059517501739,25.609924705213803
2008-03-20,27.518825359307247,25.698981389401908
2008-03-21,27.506970829055874,25.026456883079994
2008-03-22,27.430815043712972,24.926522233271772
2008-03-23,27.486279907772264,24.933680920585306
2008-03-24,27.476933242540625,24.639680352322777
2008-03-25,27.30924800062919,23.96586162807217
2008-03-26,27.13012074874995,23.853185111521526
2008-03-27,26.873655288604848,23.203974996448355
2008-03-28,26.748391499983487,22.54938911777241
2008-03-29,26.827962049210203,22.729235686887343
2008-03-30,27.010836072291966,24.05589146185538
2008-03-31,27.07054107196081,24.337410143486295
2008-04-01,27.02403049143966,24.33427901690581
2008-04-02,27.04027003924234,24.510747265236542
2008-04-03,27.155153802530045,25.03775394232136
2008-04-04,27.229913774547104,25.15135104418242
2008-04-05,27.218088199986717,24.57122318511152
2008-04-06,27.240045244560665,23.952459156130132
2008-04-07,27.118560949763193,22.356938485580333
2008-04-08,26.73567984816373,20.896608893308716
2008-04-09,26.407050369242043,20.37875976701236
2008-04-10,26.330967024870038,20.194479329450203
2008-04-11,26.15688743914959,19.496685608751246
2008-04-12,25.968121791899748,19.34951129421793
2008-04-13,25.75926149534729,19.44343940900696
2008-04-14,25.60466501225279,19.34408438698679
2008-04-15,25.606459540682945,19.500000000000004
2008-04-16,25.60429875070376,19.524686745276313
2008-04-17,25.635320747921913,20.23478477056401
2008-04-18,25.596633895751197,20.713895439693136
2008-04-19,25.445619328906808,20.864107117488285
2008-04-20,25.325853768586274,21.592307145901405
2008-04-21,25.35549212256189,21.993099872140927
2008-04-22,25.41189457975953,22.483858502628223
2008-04-23,25.415409374275583,22.38060662025856
2008-04-24,25.32950259959602,21.81877255291945
2008-04-25,25.27153945342249,21.595456741014353
2008-04-26,25.08023361178261,21.380706066202592
2008-04-27,25.077723656323453,21.419458729933236
2008-04-28,25.081700996787802,21.06981105270635
2008-04-29,24.749242598602425,20.500515698252592
2008-04-30,24.468561136039988,20.11722545816167
2008-05-01,24.30374141057062,20.218265378604922
2008-05-02,24.323304508726082,20.591247336269355
2008-05-03,24.251368823889816,19.880907799403325
2008-05-04,24.207446559260852,19.541258701520103
2008-05-05,24.23011522253873,19.353192214803244
2008-05-06,24.04305777477896,19.17641000142066
2008-05-07,23.958737788522054,19.171062650944737
2008-05-08,23.998043224492502,18.93048728512573
2008-05-09,24.082470526873493,19.055823270350906
2008-05-10,24.094744635228672,19.20278590708908
2008-05-11,24.111727986223755,19.66467680068192
2008-05-12,24.16877653409282,19.979562437846283
2008-05-13,24.251087256184377,20.21985509305299
2008-05-14,24.34960225767456,20.26306293507601
2008-05-15,24.363330628870404,20.327182838471376
2008-05-16,24.53105109779113,20.049707344793294
2008-05-17,24.675161915918824,20.092886773689443
2008-05-18,24.89051431019634,20.5848174456599
2008-05-19,25.064419665032965,20.593308708623386
2008-05-20,25.07525544756101,20.444449495666994
2008-05-21,25.029977377719643,20.598025287682916
2008-05-22,24.858313429314162,20.772467680068193
2008-05-23,24.89126034871012,20.835561869583742
2008-05-24,24.879425211941566,20.937968461429183
2008-05-25,24.84669259363517,20.996536439835204
2008-05-26,24.823428030930224,21.046368802386695
2008-05-27,24.939242867668927,21.080983094189516
2008-05-28,25.056756590058626,21.177955675522092
2008-05-29,25.144055452528438,21.318388975706778
2008-05-30,25.03624712305864,21.263530331012934
2008-05-31,24.867371096466567,21.240970308282424
2008-06-01,24.773310366095945,21.34643983520386
2008-06-02,24.720267845315757,21.344482170762895
2008-06-03,24.72549779365498,21.332015911351046
2008-06-04,24.70738316306259,21.379455888620544
2008-06-05,24.6657699647316,21.281453331439135
2008-06-06,24.39908335265102,21.026307714163945
2008-06-07,24.15473954366327,20.658603494814614
2008-06-08,24.000093490247394,20.46204858644694
2008-06-09,23.941962156836745,20.448438698678796
2008-06-10,23.885309281551173,20.597461287114644
2008-06-11,23.819528367884207,20.769184543258987
2008-06-12,23.611119854621307,20.702642420798412
2008-06-13,23.546632757393162,20.55673817303594
2008-06-14,23.585274654767073,20.549664725103003
2008-06-15,23.45250221462396,20.411907941468957
2008-06-16,23.286077590489146,20.206040630771415
2008-06-17,23.26665815312785,20.129720130700385
2008-06-18,23.285147696791103,20.47711038499787
2008-06-19,23.2669515597576,20.46221764455178
2008-06-20,23.352635050667327,20.242041483165227
2008-06-21,23.17259702950628,19.86157124591562
2008-06-22,22.937544499453658,19.757124591561308
2008-06-23,22.981954416001642,19.94807927262395
2008-06-24,23.13330798589264,19.961291376616
2008-06-25,23.145856335066338,20.271932092626795
2008-06-26,23.080706092492612,20.424158261116638
2008-06-27,22.98693624366663,20.302706350333853
2008-06-28,22.898661456436056,20.15612444949567
2008-06-29,22.867764430241454,20.205479471515844
2008-06-30,22.881635613637147,20.296415684046032
2008-07-01,22.882875016557932,20.36179855093053
2008-07-02,22.90251935208801,20.168681630913483
2008-07-03,23.01264339172762,20.257945730927688
2008-07-04,23.14786415041232,20.807188521096748
2008-07-05,23.159347017087835,20.722685040488706
2008-07-06,23.119398305295242,20.661638016763746
2008-07-07,23.172859369308256,20.609551072595544
2008-07-08,23.19537985975431,20.507471231709054
2008-07-09,23.17717422260492,20.511868163091354
2008-07-10,23.09800752144253,20.770778519676092
2008-07-11,23.02930578782662,20.89157976985367
2008-07-12,22.985323335099554,20.649556755220917
2008-07-13,22.960952391793928,20.366263673817308
2008-07-14,22.94584652448921,20.7839792584174
2008-07-15,23.020923125641612,21.243599943173752
2008-07-16,23.02404920190746,21.27885210967467
2008-07-17,23.00940410057291,21.152196334706638
2008-07-18,22.986294499453557,21.027518113368377
2008-07-19,22.963292897473213,20.865090211677796
2008-07-20,22.938617060469593,20.70570535587442
2008-07-21,22.802516868397543,20.54498082113937
2008-07-22,22.65346888763781,20.4673973575792
2008-07-23,22.494852448090807,20.901429180281294
2008-07-24,22.404301441368347,20.97319363545958
2008-07-25,22.36928026790744,20.973763318653226
2008-07-26,22.317308445375343,20.99662878249752
2008-07-27,22.26738101053078,20.89499786901549
2008-07-28,22.302034287346387,20.845752237533745
2008-07-29,22.298245603867915,20.749900554055973
2008-07-30,22.22708334023246,20.5294644125586
2008-07-31,22.207371096466563,20.427743997726946
2008-08-01,22.169797144583878,20.413510441824126
2008-08-02,22.091475436301614,19.823609887768153
2008-08-03,22.08047926946384,19.989782639579488
2008-08-04,22.056436442361825,20.282903821565572
2008-08-05,22.071533451170676,20.400919164654066
2008-08-06,22.138047633042977,20.606242363972157
2008-08-07,22.248210045699924,20.668860633612727
2008-08-08,22.393064708414745,20.66135530615144
2008-08-09,22.468769600457023,20.493233413837196
2008-08-10,22.50054202404211,20.518998437278025
2008-08-11,22.61971845299194,20.56435147037931
2008-08-12,22.54808639931119,20.530670549794003
2008-08-13,22.45382502814856,20.516410001420667
2008-08-14,22.457081477464595,20.7921096746697
2008-08-15,22.54465820280162,21.50487569256998
2008-08-16,22.56341167996817,21.675282000284138
2008-08-17,22.53290908451165,21.59683761897997
2008-08-18,22.3558772601582,20.506358857792307
2008-08-19,22.044705330827608,19.622179286830516
2008-08-20,21.86183679256217,19.501890893592844
2008-08-21,21.775384330397042,19.508904673959375
2008-08-22,21.73294031691891,19.527856229578063
2008-08-23,21.733288012882035,19.205678363403894
2008-08-24,21.788734166473517,19.08910782781645
2008-08-25,21.848036539225696,19.25407870436142
2008-08-26,21.901300646587355,19.69370223043046
2008-08-27,21.862674023909648,19.16202443528911
2008-08-28,21.883854397787868,19.153222048586453
2008-08-29,21.96804237589816,19.07425628640432
2008-08-30,22.04404775308802,19.120838187242505
2008-08-31,22.031421809285714,19.320973149595115
2008-09-01,22.112770846441713,19.407816451200453
2008-09-02,22.265392009139937,19.556481034237827
2008-09-03,22.30903535533333,19.533256144338683
2008-09-04,22.312036419180675,19.372692143770426
2008-09-05,22.117075164751444,19.343133967893163
2008-09-06,21.72049804202401,19.007942889615006
2008-09-07,21.337820665132295,18.891085381446228
2008-09-08,21.207404584892515,18.609275465264957
2008-09-09,21.26569479170115,18.81180139224322
2008-09-10,21.27723503162567,19.02620968887626
2008-09-11,21.544876312216434,19.290666287824976
2008-09-12,21.727500165579354,19.09893166642989
2008-09-13,21.82170569510223,19.190079556755226
2008-09-14,21.932718254296798,19.225729507032256
2008-09-15,22.003529800145714,19.31308850689019
2008-09-16,22.035908658144887,19.513507600511435
2008-09-17,21.965127102857874,19.577268077851965
2008-09-18,21.882540256482482,19.15402614007672
2008-09-19,21.892107639003857,19.087535161244496
2008-09-20,21.715111724674603,19.142246057678648
2008-09-21,21.6859531162036,19.097493962210542
2008-09-22,21.75905528694903,19.828651797130277
2008-09-23,21.869085008444543,19.852871146469674
2008-09-24,21.900803701526627,19.63960505753658
2008-09-25,21.935374788886268,19.736794999289675
2008-09-26,21.954006254760433,19.505074584458022
2008-09-27,21.873795948273017,19.321108111947723
2008-09-28,21.769942357684595,19.13913055831794
2008-09-29,21.686860635990367,19.49052280153431
2008-09-30,21.587836374474275,19.573551640858085
2008-10-01,21.47405311371992,18.791991760193206
2008-10-02,21.408710343742705,18.66957806506607
2008-10-03,21.513285115243274,18.49914050291235
2008-10-04,21.70230780375529,18.996587583463562
2008-10-05,21.74963456634768,19.1353303025998
2008-10-06,21.771053353810018,19.242994743571533
2008-10-07,21.827086196476436,19.303776104560303
2008-10-08,21.746191509090295,19.096800681915045
2008-10-09,21.51926238533625,18.247164369938915
2008-10-10,21.333720547570945,18.23989345077426
2008-10-11,21.335330310130175,18.400696121608185
2008-10-12,21.275296718216996,18.433010370791308
2008-10-13,21.22589626039008,18.228492683619834
2008-10-14,21.195373484948835,17.92589714448075
2008-10-15,21.19394182369109,17.78702940758631
2008-10-16,21.245469148425315,17.81676374485012
2008-10-17,21.339937121237256,18.058356300610885
2008-10-18,21.44691403533464,18.861167779514133
2008-10-19,21.584922301884312,19.20180139224322
2008-10-20,21.602893602841327,19.118704361414977
2008-10-21,21.727172897970025,18.990113652507464
2008-10-22,21.771229778620423,18.89315527773832
2008-10-23,21.760157341788975,18.970004261969038
2008-10-24,21.731420381163684,19.27601079698821
2008-10-25,21.510534262509566,19.142054269072315
2008-10-26,21.371773065205222,18.728572240375055
2008-10-27,21.198447921151075,18.329059525500785
2008-10-28,21.113793588767102,18.193570109390542
2008-10-29,20.80104604762063,17.36418809489984
2008-10-30,20.789020246216495,17.35163091348203
2008-10-31,20.869947739013835,17.411599659042484
2008-11-01,21.09495980560988,17.790680494388408
2008-11-02,21.259492188793555,18.221524364256286
2008-11-03,21.440580893797467,18.814413979258422
2008-11-04,21.5225449961917,19.05317516692713
2008-11-05,21.67934372619794,20.0929705924137
2008-11-06,21.787687766996676,20.231899417530904
2008-11-07,21.830468030764653,20.305327461287117
2008-11-08,21.8737307513992,20.572487569257007
2008-11-09,21.858339632248263,20.485772126722544
2008-11-10,21.69128075636649,20.20801676374486
2008-11-11,21.645418646719847,18.9505029123455
2008-11-12,21.614493823889774,18.83143628356301
2008-11-13,21.60131817730241,18.74218781076858
2008-11-14,21.6359008759148,18.595397073447934
2008-11-15,21.760961022618083,19.087717005256426
2008-11-16,21.867891636586382,19.199454467964205
2008-11-17,21.960291481769744,18.829329450205993
2008-11-18,21.936544296618894,18.558545247904537
2008-11-19,22.075273495711453,18.40937349055264
2008-11-20,22.10713357287145,18.256110242932234
2008-11-21,22.03827613256285,18.279049580906385
2008-11-22,21.819518660794117,18.26026566273618
2008-11-23,21.614702992019083,18.3952777383151
2008-11-24,21.554116861774336,18.42467538002558
2008-11-25,21.525312055005408,18.75341241653644
2008-11-26,21.450950384144093,18.124858644693848
2008-11-27,21.549990644766066,18.114871430600942
2008-11-28,21.592701696360518,18.37949140502913
2008-11-29,21.49046918982024,18.340402045745137
2008-11-30,21.515990516442066,18.11514419661884
2008-12-01,21.56026658277311,18.24573803097031
2008-12-02,21.63934306388051,18.3663062935076
2008-12-03,21.80249596400303,18.896067623241944
2008-12-04,21.82906675331985,18.880295496519395
2008-12-05,21.93758247921982,18.413835772126728
2008-12-06,22.110631830148726,18.46693848558034
2008-12-07,22.257902668311388,19.133065776388694
2008-12-08,22.236108119184088,19.35052706350334
2008-12-09,22.174487097228234,19.472825685466688
2008-12-10,22.221913517899168,19.591966188379036
2008-12-11,22.433369540020568,19.820895013496237
2008-12-12,22.51813272013779,19.876969740019888
2008-12-13,22.472944145941653,20.082793010370793
2008-12-14,22.526134694671637,19.981162096888763
2008-12-15,22.555180750571267,19.8189515556187
2008-12-16,22.54076222389636,19.518853530331018
2008-12-17,22.59133405222376,19.11468532461997
2008-12-18,22.63958729343984,19.080778519676095
2008-12-19,22.868503949067787,19.326741014348634
2008-12-20,23.050142211974737,19.823795993749112
2008-12-21,23.06279305477372,20.403182270208834
2008-12-22,23.092797980759748,20.724710896434157
2008-12-23,23.13442390800415,20.948229862196335
2008-12-24,22.938979306719286,20.86184827390255
2008-12-25,22.712599099248298,19.91791873845717
2008-12-26,22.735976504288494,19.81544111379458
2008-12-27,22.80589123091694,20.001177724108537
2008-12-28,23.026380952578087,19.897280863759054
2008-12-29,23.326175820445698,19.715120045461006
2008-12-30,23.321036857966035,19.761135104418244
2008-12-31,23.295219475444664,19.52043330018469
2009-01-01,23.265138341557098,19.376090353743432
2009-01-02,23.166800365102493,19.51305867310697
2009-01-03,23.19797949713551,19.555446796419947
2009-01-04,23.214107071894606,19.4580707486859
2009-01-05,23.2734470725569,20.085004972297206
2009-01-06,23.498318624366654,20.859340815456743
2009-01-07,23.720133891611766,20.76362409433158
2009-01-08,23.900862751266697,21.018965762182127
2009-01-09,23.982363169354556,21.163844296064777
2009-01-10,24.064086188197525,20.988146043472085
2009-01-11,24.04034918617753,20.717167211251606
2009-01-12,24.020639529589058,20.730342378178722
2009-01-13,23.980168973739065,20.83839465833214
2009-01-14,23.888030764645528,20.957918738457174
2009-01-15,24.13395713978207,21.77298764028982
2009-01-16,24.22902585521741,21.80396078988493
2009-01-17,24.32268838791937,21.62257564995028
2009-01-18,24.480598590091766,21.63559738599234
2009-01-19,24.675549640692797,23.26758630487285
2009-01-20,24.88066960294073,23.787354737888904
2009-01-21,25.059650751730278,23.740716010796987
2009-01-22,25.247660260125198,23.606535019178857
2009-01-23,25.353693289068453,23.698688734195205
2009-01-24,25.320391657283835,23.81997016621679
2009-01-25,25.22277554475609,23.646148600653508
2009-01-26,25.121814791204454,23.092714874271916
2009-01-27,25.040874859257574,22.41578775394233
2009-01-28,24.92493494800807,21.6973249041057
2009-01-29,24.87115582673771,21.24963347066345
2009-01-30,24.82294925820448,21.352864043187957
2009-01-31,24.793091180415242,21.54185821849695
2009-02-01,24.911267323740745,21.392878249751387
2009-02-02,24.919793729509546,21.198656059099303
2009-02-03,25.006139268801505,21.054723682341237
2009-02-04,25.1152180059277,20.919936070464555
2009-02-05,25.264731554459033,21.026715442534446
2009-02-06,25.35747859886745,21.012498934507747
2009-02-07,25.515296117991884,20.801825543401055
2009-02-08,25.50206481604138,20.91167353317233
2009-02-09,25.49061125691295,21.47655490836767
2009-02-10,25.467045319071456,21.88147890325331
2009-02-11,25.463110553200703,22.53459440261402
2009-02-12,25.439314936086376,22.41853246199745
2009-02-13,25.483746046792735,22.36275181133684
2009-02-14,25.461233400668977,22.703136809205855
2009-02-15,25.63366288455801,23.416107401619552
2009-02-16,25.747822279531054,22.840431879528335
2009-02-17,25.834561856310234,22.541380877965626
2009-02-18,25.853020333145707,22.606681346782214
2009-02-19,26.002530238931005,23.865546242363973
2009-02-20,25.99652761449819,23.529350760051145
2009-02-21,26.031747234824685,23.156260832504614
2009-02-22,26.135910293241086,23.31321210399204
2009-02-23,26.308687266119197,23.069613581474638
2009-02-24,26.41520997532878,22.848275323199324
2009-02-25,26.524649820346415,22.913923852820012
2009-02-26,26.502060262608904,23.182233271771565
2009-02-27,26.321882471768706,23.278570819718716
2009-02-28,26.26181052753592,23.249005540559743
2009-03-01,26.32755118472034,23.31799403324336
2009-03-02,26.398080521243788,23.237154425344503
2009-03-03,26.27271150693777,23.000159113510435
2009-03-04,25.79726257989208,22.318735615854532
2009-03-05,25.56390715551211,21.746486716863192
2009-03-06,25.35082237059979,21.595320358005402
2009-03-07,25.263665430340758,21.514313112658048
2009-03-08,25.29220054972357,20.096803523227734
2009-03-09,25.36463587028515,19.938312260264244
2009-03-10,25.455811959797362,20.009359283989205
2009-03-11,25.454292293108573,20.141298479897713
2009-03-12,25.478184753452318,22.128451484585884
2009-03-13,25.303623455972463,22.678178718567985
2009-03-14,25.1582588295195,22.60312970592414
2009-03-15,25.296916229261168,22.879764171047025
2009-03-16,25.390826137530183,22.69000568262538
2009-03-17,25.572656927840498,22.128155988066496
2009-03-18,25.581488392886744,22.13496093195056
2009-03-19,25.596451965427036,22.263925273476346
2009-03-20,25.614827176540725,22.26381020031254
2009-03-21,25.78137263221507,22.183312970592414
2009-03-22,25.884741406431136,22.248854950987354
2009-03-23,26.244194953140987,22.8602628214235
2009-03-24,26.556671916912283,23.621932092626793
2009-03-25,26.608371506275457,23.628346356016472
2009-03-26,26.634810059774104,23.525746554908373
2009-03-27,26.843594065635617,22.94667850546953
2009-03-28,26.78187003261914,22.565925557607624
2009-03-29,26.739381705964195,21.944949566699812
2009-03-30,26.74449968125967,21.37993038783918
2009-03-31,26.779255431003072,21.36522659468675
2009-04-01,26.857849600125803,21.766687029407592
2009-04-02,26.990727493625187,22.512641000142068
2009-04-03,26.882367412325802,22.240882227589154
2009-04-04,26.66604846921883,22.04624236397216
2009-04-05,26.493432066927237,21.819399062366813
2009-04-06,26.33293255538628,21.14819292513141
2009-04-07,25.92256908798891,19.87579201591135
2009-04-08,25.734486517700436,19.861545674101436
2009-04-09,25.79155984038148,20.317840602358295
2009-04-10,25.889016727655083,20.020926267935792
2009-04-11,26.047959606914546,20.465287682909512
2009-04-12,26.06410899675466,20.88433868447223
2009-04-13,26.012580492267436,20.947714163943743
2009-04-14,25.972959213663522,21.082547236823416
2009-04-15,25.933471412723108,21.20721835487995
2009-04-16,25.83396158972741,21.102547236823415
2009-04-17,25.728977154187525,20.911639437420085
2009-04-18,25.544592385005068,20.5489515556187
2009-04-19,25.42401509255885,20.417013780366542
2009-04-20,25.33908912723116,20.528918880522802
2009-04-21,25.222016653144358,20.561537150163375
2009-04-22,25.18971102261815,20.748540985935502
2009-04-23,25.422282511507753,21.051397925841737
2009-04-24,25.58369701460409,21.076219633470657
2009-04-25,25.564916548001463,20.952274470805513
2009-04-26,25.456246005397933,20.90796846142919
2009-04-27,25.334340373215827,20.74892030117915
2009-04-28,25.347329391164717,20.580423355590284
2009-04-29,25.460701828824025,20.655267793720704
2009-04-30,25.535990992482724,20.601718994175304
2009-05-01,25.499117068748554,20.297027986929965
2009-05-02,25.632972211643526,20.918567978406024
2009-05-03,25.771040645593985,21.0825926978264
2009-05-04,25.756011627810697,21.066564852962067
2009-05-05,25.64444837235485,21.340630771416393
2009-05-06,25.639799483392444,21.56031254439551
2009-05-07,25.58950228913471,21.620156272197754
2009-05-08,25.46136549160511,21.35427617559313
2009-05-09,25.45541380352353,21.03939622105413
2009-05-10,25.355124018942263,20.721821281432018
2009-05-11,25.21746245487959,20.497273760477338
2009-05-12,25.068181027916722,20.5971373774684
2009-05-13,24.997896045136898,20.67150589572383
2009-05-14,24.94807538828361,20.90424634180992
2009-05-15,24.92537950789818,21.075823270350902
2009-05-16,24.907945884524985,21.54064639863617
2009-05-17,24.95233694572309,21.73329450205995
2009-05-18,24.975914846673543,21.92152720556898
2009-05-19,24.987762070735446,21.90996306293508
2009-05-20,25.039484261681622,21.884669697400202
2009-05-21,25.005307191111704,21.815631481744564
2009-05-22,24.917709064642235,21.701687739735764
2009-05-23,24.798432211809132,21.272103992044325
2009-05-24,24.6398143648376,20.989262679357864
2009-05-25,24.492195768619396,20.99293081403609
2009-05-26,24.310169656753988,20.863178008239807
2009-05-27,24.230633651521686,20.609558175877254
2009-05-28,24.149068077954684,20.34162096888763
2009-05-29,24.054087637016874,20.461572666571954
2009-05-30,23.896516044640226,20.74161386560591
2009-05-31,23.81599045434979,20.711240232987638
2009-06-01,23.780025892472796,20.49501349623527
2009-06-02,23.76790968473698,20.379606478192926
2009-06-03,23.65193291138197,20.30130558317943
2009-06-04,23.525409001722085,20.35724676800682
2009-06-05,23.60045348047817,20.14207273760477
2009-06-06,23.860001345332375,20.452175024861482
2009-06-07,24.053816852667456,20.79818013922433
2009-06-08,24.218407995827356,21.064266230998722
2009-06-09,24.225857866675547,21.104021878107684
2009-06-10,24.256803179951618,21.144413979258424
2009-06-11,24.43642303043351,21.591704787611885
2009-06-12,24.416971118819763,21.476221054127006
2009-06-13,24.302347604894543,21.075408438698677
2009-06-14,24.30235673245687,21.139028271061232
2009-06-15,24.34337129930128,21.36803097030828
2009-06-16,24.249208758320346,21.43393948003978
2009-06-17,24.113047074212663,21.459769853672398
2009-06-18,24.031226446335793,21.35512999005541
2009-06-19,23.964437526906657,21.41497513851399
2009-06-20,23.969239514686915,21.39957806506606
2009-06-21,23.90644314832603,21.324476488137517
2009-06-22,23.833315250687196,20.983344225031967
2009-06-23,23.676083696228158,20.535972439266946
2009-06-24,23.647902461337214,20.471335416962635
2009-06-25,23.575882786369494,20.324588719988625
2009-06-26,23.539382202702278,20.199330870862344
2009-06-27,23.554101235222042,20.274749254155424
2009-06-28,23.474800663145405,20.27248472794431
2009-06-29,23.2895884317979,20.378116209688876
2009-06-30,23.214260232804545,20.249110669129138
2009-07-01,23.193467397423625,20.321568404602925
2009-07-02,23.268022051031615,20.6280906378747
2009-07-03,23.2624711477961,20.556157124591568
2009-07-04,23.227312729741335,20.487957096178437
2009-07-05,23.23822546527804,20.443007529478628
2009-07-06,23.287312067423862,20.251450490126437
2009-07-07,23.23247160313934,19.908030970308285
2009-07-08,23.227324920521937,19.94906236681347
2009-07-09,23.260268942279012,20.127755362977698
2009-07-10,23.366314306884725,20.537224037505325
2009-07-11,23.314380277842222,20.646245205284846
2009-07-12,23.219972182667178,20.456692712032957
2009-07-13,23.12454954134517,20.242572808637593
2009-07-14,23.116353466403964,19.916047734053137
2009-07-15,23.055127185647574,19.703038783918178
2009-07-16,23.084157201046448,20.021811336837622
2009-07-17,23.102278578997907,20.185122886773687
2009-07-18,23.061412516143957,20.348350617985513
2009-07-19,22.904199754942532,20.42264384145475
2009-07-20,22.755643503493772,20.463469242790172
2009-07-21,22.59339611550817,20.398393237675812
2009-07-22,22.502908339404605,20.17412274470806
2009-07-23,22.401006205086585,19.77784770564001
2009-07-24,22.257761470510314,19.616924279016906
2009-07-25,22.275317788190904,19.64723682341242
2009-07-26,22.39109814302752,19.611436283563005
2009-07-27,22.44511940341749,19.523791731780086
2009-07-28,22.461911800013247,19.64917886063361
2009-07-29,22.454124623306985,19.70131552777383
2009-07-30,22.446958948736654,19.666573376900125
2009-07-31,22.43932586432427,19.914240659184543
2009-08-01,22.393244900155633,19.81679357863333
2009-08-02,22.14963976140012,19.735793436567693
2009-08-03,22.078230681027854,19.644538997016625
2009-08-04,22.042653802530094,19.633240517118907
2009-08-05,21.955972219922497,19.538755505043333
2009-08-06,21.929795985528354,19.45567126012218
2009-08-07,21.828618240222514,19.418894729364972
2009-08-08,21.70657089280391,18.92595681204717
2009-08-09,21.632872201708775,18.554206563432313
2009-08-10,21.571050745935015,18.792937917317804
2009-08-11,21.732066968573022,18.920798408864904
2009-08-12,21.755913335761786,18.736628782497515
2009-08-13,21.869259901645833,18.848525358715722
2009-08-14,22.044827280027835,19.2016692712033
2009-08-15,22.080064513859053,19.6711137945731
2009-08-16,22.156689592509146,20.14583463560165
2009-08-17,22.179349500778283,20.358485580338122
2009-08-18,22.161188963307563,20.40041483165223
2009-08-19,22.107405164420303,20.53772837050718
2009-08-20,21.866302074709377,20.17628072169342
2009-08-21,21.676826257575186,19.71991333996306
2009-08-22,21.551555369738704,19.165502202017336
2009-08-23,21.41714609481074,19.2702003125444
2009-08-24,21.312036419180718,19.351349623526065
2009-08-25,21.190552890187707,19.182057110385
2009-08-26,21.1443461064013,19.202555760761474
2009-08-27,21.26002409179719,19.07968461429181
2009-08-28,21.291661030069186,19.23061798550931
2009-08-29,21.590327826439722,19.342960647819293
2009-08-30,21.72927801188858,19.907229720130694
2009-08-31,21.793734125078625,20.18750106549226
2009-09-01,21.806012641984303,20.20565137093337
2009-09-02,21.826472911216356,20.456150021309853
2009-09-03,21.890716730966687,20.59390680494388
2009-09-04,21.847841693711274,20.171525784912625
2009-09-05,21.759935920786848,19.712889615002133
2009-09-06,21.702672926946352,19.316319079414697
2009-09-07,21.72644534225258,19.110913482028703
2009-09-08,21.700278856343314,19.149326608893315
2009-09-09,21.574690428684974,19.173473504759198
2009-09-10,21.449228441567108,18.927699957380312
2009-09-11,21.36697856989099,18.793098451484592
2009-09-12,21.359178271020273,18.73656769427476
2009-09-13,21.389125264926943,18.673697968461433
2009-09-14,21.309134185515063,18.613158119051008
2009-09-15,21.22786458505803,18.456185537718426
2009-09-16,21.231474670497082,18.10075436851826
2009-09-17,21.22570961105406,17.839265520670555
2009-09-18,21.148806607444445,18.166360278448646
2009-09-19,21.02798390568599,18.256591845432588
2009-09-20,21.00560508908173,18.172707770990197
2009-09-21,21.064335488624643,18.32431311265805
2009-09-22,21.126511284233494,18.449149026850407
2009-09-23,21.08203739195949,18.560109390538432
2009-09-24,21.151905301023277,18.61241795709618
2009-09-25,21.16850885435639,18.254534735047592
2009-09-26,21.150016164685198,18.105644267651652
2009-09-27,21.129507318607814,18.253199318084953
2009-09-28,21.00912642398258,18.322103992044326
2009-09-29,20.88750558830345,18.22997726949851
2009-09-30,20.7930314476604,18.121554198039494
2009-10-01,20.824033099314537,18.19289529762751
2009-10-02,20.873803109580436,18.381942037221197
2009-10-03,20.863119515183634,18.36197045034806
2009-10-04,20.903250343577216,18.365590282710613
2009-10-05,20.887187531046106,18.36632760335275
2009-10-06,20.830730846607317,18.7423824406876
2009-10-07,20.487508113388753,18.871207557891744
2009-10-08,20.376269455575002,18.57056968319364
2009-10-09,20.59141419263503,18.832317090495806
2009-10-10,20.932591399807947,18.722308566557754
2009-10-11,21.121724115806167,18.64841880948999
2009-10-12,21.150955165248206,18.7859184543259
2009-10-13,21.154623865781353,18.78652791589715
2009-10-14,21.168518996092363,18.749363545958232
2009-10-15,21.197620521078267,19.071951981815598
2009-10-16,21.15093014206714,19.025345929819583
2009-10-17,21.017695714806152,18.969035374342944
2009-10-18,21.003473420372853,17.875729507032247
2009-10-19,21.120885601218674,17.884512004546103
2009-10-20,21.240894728781,18.053999147606195
2009-10-21,21.351531919561523,18.406448359141926
2009-10-22,21.462695238765466,18.46088648955818
2009-10-23,21.60437704904455,18.215894303168067
2009-10-24,21.763624718515075,18.80901264384146
2009-10-25,21.867597919495253,19.162055689728657
2009-10-26,21.833773926217777,19.325698252592698
2009-10-27,21.86482133986819,19.913028839323776
2009-10-28,21.926925894956454,20.102480465975276
2009-10-29,22.012034142464447,20.08859781218924
2009-10-30,22.18635276269159,20.197049296775113
2009-10-31,21.99001299797994,20.236692712032962
2009-11-01,21.862765941153125,20.2058460008524
2009-11-02,21.78624517750111,19.823807358999854
2009-11-03,21.737675824585207,19.618438698678787
2009-11-04,21.666831700996752,19.538809489984374
2009-11-05,21.64682315296217,19.554075863048727
2009-11-06,21.781200657350105,19.555827532319928
2009-11-07,21.86856461320659,19.63304730785623
2009-11-08,21.975352828923345,19.88878533882654
2009-11-09,22.0015792338643,19.80183122602643
2009-11-10,21.982696232241608,19.566824833072875
2009-11-11,21.905218005927715,19.296071885210967
2009-11-12,21.878142199556272,19.14231566983947
2009-11-13,21.94555883034745,19.168705782071324
2009-11-14,21.897523905520455,19.272909504190938
2009-11-15,21.88815037503723,19.266104560306868
2009-11-16,21.87354534390832,19.231386560590995
2009-11-17,21.944274534722005,19.397506748117628
2009-11-18,21.96627078020996,19.526648671686317
2009-11-19,21.981506254760422,19.804762040062506
2009-11-20,22.023793547372307,19.902481886631627
2009-11-21,22.055198198496537,19.72789174598665
2009-11-22,22.02550586564886,19.50715016337548
2009-11-23,21.950698537934265,19.469350760051146
2009-11-24,21.777273404642788,19.114624236397216
2009-11-25,21.82769813640424,19.09424207984089
2009-11-26,21.906392584528316,19.263477766728226
2009-11-27,21.969354012815852,19.336482454894163
2009-11-28,22.176565387290154,19.29075010654923
2009-11-29,22.509318744411708,19.604567410143485
2009-11-30,22.67275428850551,20.0357508168774
2009-12-01,22.78056412888696,20.421817019462996
2009-12-02,22.740601446335695,20.17018326466827
2009-12-03,22.76463721561746,20.300855235118625
2009-12-04,22.777016715236616,20.73614291802813
2009-12-05,22.930516814584173,21.770660605199605
2009-12-06,23.054403831506395,22.17930387839182
2009-12-07,23.13870885352849,22.31898138940191
2009-12-08,23.235222124714408,22.333847137377465
2009-12-09,23.376147382190272,22.42295496519393
2009-12-10,23.3823516615888,22.988009660463145
2009-12-11,23.305625703712273,22.944269072311403
2009-12-12,23.210595154320007,22.620105128569406
2009-12-13,23.289106616551322,22.137972723398214
2009-12-14,23.342805328343857,21.996975422645264
2009-12-15,23.402375360135117,22.145918454325898
2009-12-16,23.484474865052885,22.136708339252735
2009-12-17,23.541812328211428,22.177618979968745
2009-12-18,23.652728002781746,22.030120755789174
2009-12-19,23.702813628009444,22.109873561585456
2009-12-20,23.776384429744713,22.619063787469816
2009-12-21,23.824137724774,22.640163375479474
2009-12-22,23.883074270622906,22.44364398352039
2009-12-23,23.927136346325828,22.565729507032252
2009-12-24,23.900585571414407,22.48209546810627
2009-12-25,23.876579275259125,22.33627361841171
2009-12-26,23.914885419081415,23.125732348344933
2009-12-27,24.012979414345846,23.17612729080837
2009-12-28,24.124661535086243,23.05674101434863
2009-12-29,24.129217761698232,22.86461287114646
2009-12-30,24.089458514090836,22.599183122602643
2009-12-31,24.09766855979075,22.260944736468254
2010-01-01,24.166574059509195,22.112750390680496
2010-01-02,24.078979368811517,22.015384287540847
2010-01-03,24.00295205235625,21.881154993607055
2010-01-04,23.997699605921106,21.883060093763326
2010-01-05,23.984074245786005,21.835502202017334
2010-01-06,24.08956878994599,22.08853956527916
2010-01-07,24.127079242143243,22.449166074726524
2010-01-08,24.087380762161807,22.440132121039916
2010-01-09,24.19793497698448,22.461424918312257
2010-01-10,24.276186893565644,22.510039778377614
2010-01-11,24.42463386263536,22.72751669271203
2010-01-12,24.56681280425209,22.726800681915048
2010-01-13,24.56980358148163,22.73597812189232
2010-01-14,24.57084197105679,23.06814604347208
2010-01-15,24.5835753551677,23.077763886915754
2010-01-16,24.578244734576298,23.03599801108112
2010-01-17,24.54166303771897,22.773830089501352
2010-01-18,24.590368020829946,22.579947435715304
2010-01-19,24.63872551495179,22.611555618695842
2010-01-20,24.68408473937813,22.955711038499782
2010-01-21,24.770407594297467,23.06733626935645
2010-01-22,24.871979853131027,23.041544253445096
2010-01-23,24.96009003377818,23.153743429464413
2010-01-24,25.050294710567332,23.203719278306586
2010-01-25,25.148367573765672,23.241400767154428
2010-01-26,25.097585501043152,22.680144906947003
2010-01-27,24.99883699125746,22.343727802244636
2010-01-28,24.948643139219232,22.10175593124023
2010-01-29,24.982270030963395,21.9836510868021
2010-01-30,25.065640088419403,21.974161102429328
2010-01-31,25.02079306305263,22.005264952408016
2010-02-01,24.96229956618204,21.95195908509731
2010-02-02,24.964008055435993,21.96454610029833
2010-02-03,24.83590590538788,21.80889046739594
2010-02-04,24.728864022088302,21.580107969882086
2010-02-05,24.76178105440945,21.568052280153438
2010-02-06,24.776987138623007,21.669829521238817
2010-02-07,24.84494763552672,21.982865463844306
2010-02-08,25.063452453886207,21.97784344367098
2010-02-09,25.16771365946954,21.935971018610598
2010-02-10,25.239877988707548,24.263433726381592
2010-02-11,25.361182857568625,24.636435573234838
2010-02-12,25.46159254230559,24.28862764597244
2010-02-13,25.638717049706923,24.345276317658755
2010-02-14,25.977995268569753,24.707054979400482
2010-02-15,26.079626701327953,24.695198181559878
2010-02-16,26.196495926747627,24.888941611024293
2010-02-17,26.347657879921847,25.02819008381872
2010-02-18,26.388236497002964,24.707741156414265
2010-02-19,26.339882687021873,24.512902400909226
2010-02-20,26.34229050071199,24.54292513141072
2010-02-21,26.395409353578128,24.53900838187242
2010-02-22,26.54056003079775,24.478487000994463
2010-02-23,26.57513656157891,24.468654638442967
2010-02-24,26.60198699374107,24.44154425344509
2010-02-25,26.674290388945888,24.24621253018895
2010-02-26,26.703121233069503,24.02265946867453
2010-02-27,26.718315271384576,23.69895723824407
2010-02-28,26.698568318044753,23.698430174740732
2010-03-01,26.574696762095538,23.510505753658194
2010-03-02,26.626683238401096,23.255884358573656
2010-03-03,26.48423678262733,23.14395226594687
2010-03-04,26.313486894393456,22.96872425060378
2010-03-05,26.246699796337413,21.99278448643273
2010-03-06,26.13387211477956,21.694253445091626
2010-03-07,25.92855548564434,21.445837476914342
2010-03-08,25.85906443520881,21.388373348487004
2010-03-09,25.840398632314418,21.665705355874415
2010-03-10,25.941519376924884,22.54248472794431
2010-03-11,26.128477001026628,23.017832078420238
2010-03-12,26.183059058018973,23.23904958090638
2010-03-13,26.19805673990792,23.350495809063794
2010-03-14,26.122978793423165,23.388450063929533
2010-03-15,26.213144041626688,23.187454183832923
2010-03-16,26.285912901115978,23.087823554482164
2010-03-17,26.33763875550552,22.734698110527066
2010-03-18,26.530764003874538,22.603793152436435
2010-03-19,26.60020846441698,22.87834067339111
2010-03-20,26.72363219028386,23.919428896150023
2010-03-21,26.851048903864672,23.938677368944447
2010-03-22,26.849521682617514,23.94477624662594
2010-03-23,26.897793013378823,23.821704787611882
2010-03-24,26.855491377454687,23.78533314391249
2010-03-25,26.7621138068351,23.88880238670265
2010-03-26,26.875060022518763,24.0326026424208
2010-03-27,26.929870579030993,23.95715442534451
2010-03-28,26.76529108851877,23.382642420798412
2010-03-29,26.514359456237344,23.165746554908377
2010-03-30,26.41035185614463,22.881571245915623
2010-03-31,26.545404717356014,23.19956812047166
2010-04-01,26.651381490711024,23.369144764881376
2010-04-02,26.687127736198942,22.725588862054273
2010-04-03,26.70461244080539,22.755486574797555
2010-04-04,26.70469980461628,22.776839039636315
2010-04-05,26.70884448372355,22.81867026566274
2010-04-06,26.77387861376958,23.315159823838616
2010-04-07,26.715274178726382,23.534499218639013
2010-04-08,26.649200210285734,23.639919022588437
2010-04-09,26.52868314733249,23.330673391106696
2010-04-10,26.36953403897741,23.18611024293223
2010-04-11,26.298884988575008,22.992797272339825
2010-04-12,26.389335985362724,23.14917317800824
2010-04-13,26.531821683445365,23.907800823980686
2010-04-14,26.679208199489977,24.05858218496946
2010-04-15,26.73341474318639,24.01435289103566
2010-04-16,26.653661973871632,24.057353317232565
2010-04-17,26.50502945242906,23.98026566273619
2010-04-18,26.385678026790686,23.747481176303452
2010-04-19,26.348882691161386,23.224009092200607
2010-04-20,26.30541930903737,23.099387697116068
2010-04-21,25.98160599562867,22.442192072737605
2010-04-22,25.83172953853029,22.111226026424216
2010-04-23,25.836405789482384,22.174196618837904
2010-04-24,25.710460289929465,22.07609887768149
2010-04-25,25.62279359290652,21.885563290240093
2010-04-26,25.60411822780402,21.63299474357153
2010-04-27,25.602628572374723,21.495469526921443
2010-04-28,25.60582340547074,22.347016621679217
2010-04-29,25.49889732423756,22.62656769427476
2010-04-30,25.40091217670629,22.680143486290675
2010-05-01,25.288710136768564,22.48756641568405
2010-05-02,25.356827685697255,22.318725671260122
2010-05-03,25.45567808888301,22.578742719136248
2010-05-04,25.537862722290296,22.663703651086795
2010-05-05,25.6567740379839,22.5041341099588
2010-05-06,25.69145577375245,22.296064781929253
2010-05-07,25.501354770341457,22.06059525500781
2010-05-08,25.27217393284099,22.075939764171043
2010-05-09,25.114571149451894,22.04963631197613
2010-05-10,25.032718895916783,21.921520102287253
2010-05-11,24.980396914428578,22.321014348629067
2010-05-12,25.02195503692415,22.44061940616565
2010-05-13,25.006549346789456,22.33464554624237
2010-05-14,25.004855925257417,22.08316096036369
2010-05-15,24.95051706295328,21.844537576360285
2010-05-16,24.909825479352318,21.461169200170477
2010-05-17,24.797062704904423,21.313399630629352
2010-05-18,24.464179119614553,21.11977837761046
2010-05-19,24.238506660429813,20.925478050859496
2010-05-20,24.19643753932509,21.13550362267368
2010-05-21,24.240158997582476,21.441015769285414
2010-05-22,24.204872565983443,21.229948856371646
2010-05-23,24.021190350034807,20.514240659184544
2010-05-24,23.795028769414216,20.05959795425487
2010-05-25,23.60937071563401,20.041755931240235
2010-05-26,23.536814170281858,19.969113510441822
2010-05-27,23.904498398019648,19.966820571103856
2010-05-28,24.081355453356387,20.47507032248899
2010-05-29,23.983370574891612,20.89001278590709
2010-05-30,24.006521053415874,21.069674669697402
2010-05-31,24.148091718548184,20.84566415684046
2010-06-01,24.34722882239965,20.900868021025712
2010-06-02,24.372859866046312,20.916142918028132
2010-06-03,24.22868147084142,20.994777667282285
2010-06-04,24.072942138291868,21.06233413837193
2010-06-05,23.92340220054973,21.068073589998583
2010-06-06,23.8030813698381,20.76785622957807
2010-06-07,23.64003462678414,20.659823838613445
2010-06-08,23.60492470278508,20.680194629919026
2010-06-09,23.653538472364822,20.439812473362693
2010-06-10,23.73812827019246,20.57850262821424
2010-06-11,23.725643896744664,20.32562011649382
2010-06-12,23.807606984965396,20.250505753658196
2010-06-13,23.87960722505551,20.532784486432732
2010-06-14,23.868621324138147,20.803885495098736
2010-06-15,23.88715137265291,20.86295922716295
2010-06-16,23.862074026393266,20.799941753089925
2010-06-17,23.672885903400996,20.80257849126297
2010-06-18,23.504479045931713,20.537614717999716
2010-06-19,23.335969425770802,20.264509163233413
2010-06-20,23.078772684372595,20.243253303026002
2010-06-21,23.013982618306436,20.770769995738036
2010-06-22,22.941246667715394,20.770620826821993
2010-06-23,22.916134611882,20.217967040772837
2010-06-24,22.8492831448488,20.08146327603353
2010-06-25,22.688219814882263,19.9355831794289
2010-06-26,22.527219860416576,19.573930956101723
2010-06-27,22.205298870748766,19.10630061088223
2010-06-28,21.819081572672793,18.634675380025566
2010-06-29,21.49422924876643,18.49909504190936
2010-06-30,21.353465700235056,18.63072595539139
2010-07-01,21.418918249329376,19.023655348771133
2010-07-02,21.556364291154743,19.156167069185972
2010-07-03,21.600442303871258,19.003827248188667
2010-07-04,21.56324444481239,19.06090637874698
2010-07-05,21.467227477067265,19.063074300326754
2010-07-06,21.387467794814047,19.121565563290243
2010-07-07,21.255994366162177,18.839464412558605
2010-07-08,21.15332166688748,18.887449921863904
2010-07-09,20.967076158227623,18.385209546810625
2010-07-10,20.91077644302411,18.362562864043195
2010-07-11,20.76252777593805,18.487719846569117
2010-07-12,20.580582984236877,18.184844438130416
2010-07-13,20.432470982216778,18.12924421082541
2010-07-14,20.48694642679737,18.444315953970733
2010-07-15,20.454978060734504,18.427955675522092
2010-07-16,20.375831705136292,18.705236539281145
2010-07-17,20.533523466735108,19.058334990765733
2010-07-18,20.655036303275164,19.28542122460577
2010-07-19,20.66708062887038,18.902572808637593
2010-07-20,20.61665399294629,18.839708765449636
2010-07-21,20.649342877603722,18.528512572808637
2010-07-22,20.567701986124423,18.733983520386417
2010-07-23,20.547520593933154,18.852980537008097
2010-07-24,20.52759075818794,18.671663588577925
2010-07-25,20.392757827764363,18.642067054979407
2010-07-26,20.181974927145095,18.406448359141923
2010-07-27,20.148295422558547,18.189168916039208
2010-07-28,20.333706845878734,18.35180139224322
2010-07-29,20.58108278554165,18.632099730075293
2010-07-30,20.636951559757588,18.87579059525501
2010-07-31,20.59922138374678,18.785995169768437
2010-08-01,20.537009616021468,18.594624236397223
2010-08-02,20.479684550617623,18.460566841880947
2010-08-03,20.635161605457473,18.901122318511153
2010-08-04,20.611897270424198,19.2675451058389
2010-08-05,20.5772477605391,19.231868163091345
2010-08-06,20.54613866857629,19.33241795709618
2010-08-07,20.615149952809865,19.484271913624095
2010-08-08,20.45087516971887,19.275519249893453
2010-08-09,20.327728996257935,19.226462565705358
2010-08-10,20.230673783819533,18.537869015485157
2010-08-11,20.18639643424845,17.947616138656063
2010-08-12,20.07930864407059,17.846944168205717
2010-08-13,20.010170401861135,17.9093592839892
2010-08-14,19.95046515382326,17.607373206421368
2010-08-15,19.92799282627416,17.369749964483592
2010-08-16,19.96684500943802,17.216708339252733
2010-08-17,20.004191724343475,17.630414831652224
2010-08-18,20.019741220154383,18.368698678789602
2010-08-19,20.020712881246457,17.95462423639722
2010-08-20,19.950959946352235,17.694067339110678
2010-08-21,19.93204136586418,17.663416678505467
2010-08-22,19.918158612610508,17.691799971586875
2010-08-23,19.850252570619652,17.516769427475495
2010-08-24,19.81277740752393,17.294358573661032
2010-08-25,19.76615841391524,17.068194345787756
2010-08-26,19.678091697850753,16.87404034664015
2010-08-27,19.457825673908037,16.469417530899275
2010-08-28,19.305662338146142,16.517222616848986
2010-08-29,19.236462603901057,16.701649382014494
2010-08-30,19.21751390866637,16.584438130416252
2010-08-31,19.18937046726497,16.33694274754937
2010-09-01,19.048199759082042,16.415715300468822
2010-09-02,18.961545704043466,16.44713595681205
2010-09-03,18.887183101798257,16.02244068759767
2010-09-04,18.991468833824538,16.946194061656488
2010-09-05,18.971112817498444,16.899512714874273
2010-09-06,19.027001730304335,16.816111663588583
2010-09-07,19.241395730536137,18.079320926267936
2010-09-08,19.373386118654196,18.397275181133686
2010-09-09,19.410250024836962,18.286017900269922
2010-09-10,19.387756751498504,18.208398920301182
2010-09-11,19.424774543000982,18.3951527205569
2010-09-12,19.45118155363114,18.455213808779657
2010-09-13,19.470225850250067,18.15358715726666
2010-09-14,19.4116333783157,17.94139366387271
2010-09-15,19.385405648739972,17.99967893166643
2010-09-16,19.348123509785722,17.98770848131837
2010-09-17,19.37587287230519,17.829058104844442
2010-09-18,19.419536377785846,17.77871998863475
2010-09-19,19.29226719541679,17.723216365961076
2010-09-20,19.2196427418287,17.72905952550078
2010-09-21,19.179381167831245,18.182109674669704
2010-09-22,19.205982692817162,17.95915755078847
2010-09-23,19.231494001887633,17.555618695837477
2010-09-24,19.26432141437897,17.594602926552064
2010-09-25,19.354124540517272,17.711777241085386
2010-09-26,19.365921366360944,17.934793294502068
2010-09-27,19.41702331771367,17.994645546242367
2010-09-28,19.43434691360065,17.650355164085813
2010-09-29,19.415657536344654,17.47926836198324
2010-09-30,19.28841565387295,17.075949708765453
2010-10-01,19.12485592525751,16.686787896007957
2010-10-02,19.02197327135148,16.48887910214519
2010-10-03,18.953841275623404,16.395844580196055
2010-10-04,19.10128332284662,17.417293649666146
2010-10-05,19.133315685332942,17.461358147464132
2010-10-06,19.143349256548657,16.939123455036228
2010-10-07,19.12395689141302,16.656974001988925
2010-10-08,19.13955225270721,16.637216934223616
2010-10-09,19.499653918435627,17.42134536155704
2010-10-10,19.51237045484647,17.81657479755648
2010-10-11,19.491110768453847,18.321292797272346
2010-10-12,19.476745206477474,18.10507316380168
2010-10-13,19.44391742143264,17.92372922290098
2010-10-14,19.34015427857076,17.42970308282427
2010-10-15,19.289849343477883,17.178702940758637
2010-10-16,19.25802449332713,16.973410995880094
2010-10-17,19.296855337450758,16.697181417815028
2010-10-18,19.332965319402557,16.722750390680496
2010-10-19,19.404140601715397,16.740299758488423
2010-10-20,19.512147522932697,17.586544963773267
2010-10-21,19.583434095274427,17.743666714021874
2010-10-22,19.722788252972133,18.251871004404034
2010-10-23,19.804303200649063,18.50036368802387
2010-10-24,19.835075938834986,18.522855519249894
2010-10-25,20.03364862403554,18.41456598948715
2010-10-26,20.058806752326433,18.35508879102145
2010-10-27,20.080431127264326,18.01998437278023
2010-10-28,20.03934892125043,17.845083108396082
2010-10-29,20.0863978002782,17.580009944594398
2010-10-30,20.059949581084187,17.421920727376047
2010-10-31,20.095523003112866,17.549512714874275
2010-11-01,19.9707666738418,17.38889046739594
2010-11-02,19.892079883763326,17.342075578917463
2010-11-03,19.81693291138194,17.360752947861915
2010-11-04,19.7757031948538,17.372481886631633
2010-11-05,19.775038683478503,16.882221906520815
2010-11-06,19.739549355068352,16.72283136809206
2010-11-07,19.73002256018808,16.7892768859213
2010-11-08,19.835116733450317,16.652710612302883
2010-11-09,19.993236683279836,17.32601221764455
2010-11-10,20.04497127198069,17.84293507600512
2010-11-11,20.075118451336238,18.181844011933517
2010-11-12,20.181003328145188,18.739711606762324
2010-11-13,20.205475999271446,18.910752947861916
2010-11-14,20.321330947610694,18.943089927546524
2010-11-15,20.372101491870076,18.985615854524784
2010-11-16,20.431299818690594,19.009775536297777
2010-11-17,20.457061049110866,19.28842449211536
2010-11-18,20.418104923502373,18.721092484727947
2010-11-19,20.542339677782547,18.50959511294218
2010-11-20,20.647349446964895,18.7974825969598
2010-11-21,20.819405756366493,19.314141213240514
2010-11-22,20.92621945060768,19.56987782355448
2010-11-23,20.939348486604572,19.32835630061088
2010-11-24,20.939863810974636,19.1601150731638
2010-11-25,21.098316368347863,19.26541980394942
2010-11-26,21.10929216892405,18.79612018752664
2010-11-27,20.9985470617942,18.23852820002841
2010-11-28,20.902310970460686,18.23974428185822
2010-11-29,20.799052161638553,18.100537008097742
2010-11-30,20.626415020531855,18.035448217076294
2010-12-01,20.680026782461848,17.985115783491977
2010-12-02,20.81280913666914,17.99256854666856
2010-12-03,21.030717455376333,18.122883932376755
2010-12-04,21.150658591913086,18.174460860917744
2010-12-05,21.124786340530484,17.89737462707771
2010-12-06,21.101487978938227,18.01107827816452
2010-12-07,21.0241459830447,17.924303168063652
2010-12-08,20.98668127214623,17.849588009660465
2010-12-09,21.05975893714607,18.87073732064214
2010-12-10,21.093900221876336,18.95366103139651
2010-12-11,21.14642814269629,18.95173604205143
2010-12-12,21.13671333245026,18.615914192356872
2010-12-13,20.97310192237645,18.394926836198323
2010-12-14,20.898544391827002,18.358943031680642
2010-12-15,20.820802066430407,17.93927830657764
2010-12-16,20.823284535715437,17.991897996874556
2010-12-17,20.903049930456714,18.342275891461853
2010-12-18,21.012763912805905,18.609687455604494
2010-12-19,21.233668534953832,18.508749822417958
2010-12-20,21.52885261780972,18.99772410853815
2010-12-21,21.711798316057905,19.578617701378043
2010-12-22,22.11043255538625,19.928631907941465
2010-12-23,22.421364580918663,19.96120329592272
2010-12-24,22.621214276252623,20.517478334990766
2010-12-25,22.872827785044933,20.698518255434006
2010-12-26,23.000724513196676,20.738538144622815
2010-12-27,23.109113902043248,21.054969455888624
2010-12-28,23.17653165049508,21.069102145191085
2010-12-29,23.155204428420117,21.13513425202444
2010-12-30,23.184167177203026,20.60258133257565
2010-12-31,23.296639773818544,20.636221054127013
2011-01-01,23.333346027751116,20.73716010796989
2011-01-02,23.265185407490858,20.360140644977985
2011-01-03,23.235221421002077,19.930917743997732
2011-01-04,23.197643308937934,19.673186532177873
2011-01-05,23.29094214657088,19.90396505185396
2011-01-06,23.276353031758138,19.978072169342237
2011-01-07,23.225378928370375,19.7721622389544
2011-01-08,23.283837881246534,19.760657763886915
2011-01-09,23.394094819021777,19.992138087796558
2011-01-10,23.40926648342559,19.939595112942182
2011-01-11,23.412869304069922,20.160956101718995
2011-01-12,23.420271653641098,20.221539991476067
2011-01-13,23.34535135940657,19.990620826821996
2011-01-14,23.46352357022223,19.94070748685893
2011-01-15,23.65697142928104,20.04886631623811
2011-01-16,23.729660583004947,19.81068475635744
2011-01-17,23.88566513229794,20.012488989913344
2011-01-18,23.983834031526307,19.97888762608325
2011-01-19,24.067244924992554,18.936169910498652
2011-01-20,24.249605610656662,18.93679641994602
2011-01-21,24.290885704705723,19.663500497229723
2011-01-22,24.23881778405143,20.338495524932522
2011-01-23,24.218298465079354,21.7858133257565
2011-01-24,24.174975804715682,21.804719420372212
2011-01-25,24.28673800377521,21.785210967466973
2011-01-26,24.43281455939331,21.948028128995603
2011-01-27,24.58939538695893,21.89334280437562
2011-01-28,24.73950837417629,22.108302315669846
2011-01-29,24.85605362287645,22.91633612729081
2011-01-30,25.033603193197987,22.86510299758489
2011-01-31,24.988982535516705,22.324144054553198
2011-02-01,24.878503038381368,22.135449637732638
2011-02-02,24.701419449779774,22.245071743145335
2011-02-03,24.685333807994198,22.233429464412563
2011-02-04,24.825401799019776,22.29934649808212
2011-02-05,24.932746878828954,22.181555618695842
2011-02-06,25.079607742490992,21.963742008808065
2011-02-07,25.301687150213592,22.40398352038641
2011-02-08,25.64972511756142,23.098626225316096
2011-02-09,25.86825601467032,23.426347492541563
2011-02-10,26.142281662913472,23.68809916181276
2011-02-11,26.311485288273715,24.19071174882795
2011-02-12,26.37093897986558,23.610279869299617
2011-02-13,26.454879189157865,23.5043869867879
2011-02-14,26.61996473159589,23.552403750532743
2011-02-15,26.723795141073595,23.58391959085098
2011-02-16,26.859159374275624,23.805510725955394
2011-02-17,26.926511594694887,23.935821849694563
2011-02-18,26.94430661572341,23.44424350049723
2011-02-19,26.94896632943668,23.130885068901833
2011-02-20,26.853016876676406,22.66789458729933
2011-02-21,26.534850088584932,22.10246625941185
2011-02-22,26.39836637331522,21.84580764313114
2011-02-23,26.338108317879225,21.49138513993465
2011-02-24,26.294649903136076,21.42285267793721
2011-02-25,26.23924562042587,22.438644693848556
2011-02-26,26.160359017452098,22.205709617843443
2011-02-27,26.025842674768978,21.584301747407302
2011-02-28,25.79726299384044,21.304432447790884
2011-03-01,25.56996257906416,20.666080409149032
2011-03-02,25.492806942742668,20.79972865463845
2011-03-03,25.419987291783997,20.973111237391674
2011-03-04,25.313223933668915,21.14593692285836
2011-03-05,25.35104008676362,21.21274754936781
2011-03-06,25.61022827184831,21.121389401903677
2011-03-07,25.820414838394537,21.12229151868163
2011-03-08,25.895660206311856,21.006758062224748
2011-03-09,26.014496017816356,21.610036937064923
2011-03-10,26.298601930655387,21.767306435573232
2011-03-11,26.414771003742125,22.198616280721694
2011-03-12,26.549420948272985,22.932869725813323
2011-03-13,26.71110965079313,23.04276885921296
2011-03-14,26.74503829022752,22.921243074300325
2011-03-15,26.751416076100234,22.572013070038356
2011-03-16,26.596459602775067,21.835262111095336
2011-03-17,26.333236683279843,21.108124733626937
2011-03-18,26.137710037420913,20.16984372780224
2011-03-19,26.03784101069638,20.07471657905953
2011-03-20,25.99127415388945,21.266604631339682
2011-03-21,26.05169487035138,21.696053416678506
2011-03-22,26.189347037785193,21.823143912487573
2011-03-23,26.13326708779021,21.71082682199176
2011-03-24,26.05157850945459,21.65099730075296
2011-03-25,25.911932849289684,21.111677795141357
2011-03-26,25.803559459548932,20.930750106549226
2011-03-27,25.576048883167157,20.068935928398925
2011-03-28,25.354521144484472,19.83560875124308
2011-03-29,25.331266350962032,19.986826253729227
2011-03-30,25.407386681623965,20.54614717999716
2011-03-31,25.506215456005503,20.519397641710473
2011-04-01,25.485675211941597,20.415243642562867
2011-04-02,25.518650735172375,20.39276885921296
2011-04-03,25.498287516143904,20.403197897428612
2011-04-04,25.37593893847074,20.048812331297054
2011-04-05,25.325412478888648,19.73732064213667
2011-04-06,25.345454867205312,19.740953260406307
2011-04-07,25.379422686856362,20.29090779940333
2011-04-08,25.46780243070502,20.351953402471946
2011-04-09,25.495177728747837,20.38182838471374
2011-04-10,25.525122570122868,20.895314675380032
2011-04-11,25.473536816571166,20.981616706918594
2011-04-12,25.432732452727087,20.989357863332867
2011-04-13,25.45989789962582,20.92359426054837
2011-04-14,25.448292276550745,20.821652223327174
2011-04-15,25.42563919843025,21.130876544963773
2011-04-16,25.347356918733727,21.047624662594124
2011-04-17,25.359952023379794,20.935074584458018
2011-04-18,25.423969785905896,21.063312970592417
2011-04-19,25.424738777858725,20.818600653501925
2011-04-20,25.36340184869355,20.82096888762608
2011-04-21,25.5180140411299,21.096891603921012
2011-04-22,25.62398019670825,21.36627788038074
2011-04-23,25.67389194290824,21.082517403040214
2011-04-24,25.682396305924424,21.01113368376191
2011-04-25,25.61345092227714,20.93439124875693
2011-04-26,25.600092952114434,21.072244637022308
2011-04-27,25.635049632413835,21.607596249467264
2011-04-28,25.606568802364475,21.683854240659183
2011-04-29,25.610902614498116,21.754784770564
2011-04-30,25.598071352286713,21.98647108964342
2011-05-01,25.570006540384774,21.910379315243638
2011-05-02,25.43885895122026,21.704456598948717
2011-05-03,25.21430972033643,21.225828952976283
2011-05-04,25.020457102526677,21.076735331723256
2011-05-05,25.022043725370054,21.528586446938483
2011-05-06,25.037908587773632,21.769370649239953
2011-05-07,25.06791243749387,21.76389970166218
2011-05-08,25.149181603304967,21.794622815740873
2011-05-09,25.223386718879343,22.014107117488276
2011-05-10,25.186619738715862,22.41048160250036
2011-05-11,25.055235350365912,22.39175877255292
2011-05-12,24.965662979766208,22.172020173320078
2011-05-13,24.940205277014243,21.872250319647677
2011-05-14,24.889179740537173,21.738312260264244
2011-05-15,24.84855991489214,21.571123739167497
2011-05-16,24.68805342832069,21.269140502912347
2011-05-17,24.57684322945991,21.011245915613017
2011-05-18,24.59948562771131,21.115283420940475
2011-05-19,24.669993231943625,21.164048870578213
2011-05-20,24.69990501953835,21.32736184117062
2011-05-21,24.63338075802236,21.184213666714022
2011-05-22,24.533672633043032,20.733442250319648
2011-05-23,24.390234356889682,20.362775962494673
2011-05-24,24.212260303175807,20.573727802244637
2011-05-25,24.13353006921214,20.919946015058954
2011-05-26,24.02157977199724,20.662457735473787
2011-05-27,23.833979430903714,20.508812331297065
2011-05-28,23.88760597079183,20.797016621679223
2011-05-29,23.935896922707535,21.455012075578917
2011-05-30,23.856267220253713,21.600662025855947
2011-05-31,23.809151902506812,21.332828526779373
2011-06-01,23.79970417177201,21.078913197897432
2011-06-02,23.82184089065141,21.108475635743716
2011-06-03,23.929023019670858,21.301406449779805
2011-06-04,23.97147477398422,21.695928398920305
2011-06-05,23.946771968241872,21.484296064781937
2011-06-06,23.998002761035824,21.21193493393948
2011-06-07,23.946584925654918,21.11066912913766
2011-06-08,23.841198815279654,20.990975990907806
2011-06-09,23.727992122561908,20.865404176729655
2011-06-10,23.682770618770093,21.133038783918174
2011-06-11,23.55772289051895,21.42879670407729
2011-06-12,23.514724124085237,21.656920017047877
2011-06-13,23.472228222174394,21.710592413695128
2011-06-14,23.391274485048196,21.74597670123597
2011-06-15,23.400552910885253,21.654692427901697
2011-06-16,23.458246162698284,21.682598380451772
2011-06-17,23.451927964698474,21.980501491689154
2011-06-18,23.422016963605714,22.06233413837193
2011-06-19,23.40287100125843,21.590934791873845
2011-06-20,23.401605064244805,20.91418525358716
2011-06-21,23.393374652283317,20.562976275039066
2011-06-22,23.424738984832914,20.239785480892177
2011-06-23,23.448502189787025,20.20128001136525
2011-06-24,23.433544226247612,20.560059667566414
2011-06-25,23.341017981918775,20.616978263957954
2011-06-26,23.190358065370734,20.942031538570816
2011-06-27,22.851046979004614,21.124692427901696
2011-06-28,22.640774849322796,20.4892243216366
2011-06-29,22.560590932046203,19.67901974712317
2011-06-30,22.521086242010778,19.63468390396363
2011-07-01,22.504998406298608,19.506611734621398
2011-07-02,22.470821563400367,19.62309845148459
2011-07-03,22.321416014008005,19.61554624236398
2011-07-04,22.196287607212682,19.386076147180002
2011-07-05,22.151702321422626,19.604969455888625
2011-07-06,22.142150048017985,19.45189373490553
2011-07-07,22.096612473921255,19.153001846853243
2011-07-08,22.068918497698455,18.9233257564995
2011-07-09,22.11834201245158,18.880518539565283
2011-07-10,22.09279069526769,18.817817871856807
2011-07-11,22.119534473623247,18.973258985651373
2011-07-12,22.1819880079147,19.104507742577077
2011-07-13,22.21224254478917,19.101150731638022
2011-07-14,22.254731885617737,18.784882795851683
2011-07-15,22.322644012650265,19.353115499360705
2011-07-16,22.367375008278973,19.673149595112942
2011-07-17,22.401450620094725,19.68090637874698
2011-07-18,22.52727226628471,20.130100866600372
2011-07-19,22.62488121750506,20.422683619832366
2011-07-20,22.55626964185182,20.769674669697405
2011-07-21,22.49067293522527,21.26831794288962
2011-07-22,22.33555173113234,21.25653359852252
2011-07-23,22.18500366344339,21.178620542690723
2011-07-24,22.10358110905056,20.79260690438984
2011-07-25,22.001059935589694,20.305010654922576
2011-07-26,21.83526426466206,20.01170904958091
2011-07-27,21.639537495446593,19.626199744281855
2011-07-28,21.695058863463256,19.59523227731212
2011-07-29,21.82444443984503,19.48500781360989
2011-07-30,21.91416864671985,19.298935928398922
2011-07-31,21.885116216014804,19.140383577212674
2011-08-01,21.67913598619072,18.604152578491266
2011-08-02,21.541788960823922,18.343695127148745
2011-08-03,21.49121315859193,18.226874556044894
2011-08-04,21.429088630493023,18.247195624378463
2011-08-05,21.42289449283043,18.251926410001424
2011-08-06,21.43238862718149,19.058170194629923
2011-08-07,21.316748683644093,19.06539849410428
2011-08-08,21.35303144766042,19.207840602358292
2011-08-09,21.391631681127258,19.194229293933795
2011-08-10,21.355695785177346,19.325139934649815
2011-08-11,21.20414741116659,18.996543543116918
2011-08-12,21.09632260655033,18.88486716863191
2011-08-13,20.964080827565642,18.769985793436568
2011-08-14,20.897203054111333,18.510966046313396
2011-08-15,20.845134222770476,18.360426196902967
2011-08-16,20.808545882041212,18.390812615428327
2011-08-17,20.71639657913042,17.957337690012782
2011-08-18,20.67036936616226,17.833607046455466
2011-08-19,20.470733061231222,18.07184543258986
2011-08-20,20.35175102245255,18.214098593550222
2011-08-21,20.26318783736795,18.05979258417389
2011-08-22,20.252713576679827,18.13619832362552
2011-08-23,20.254278156770546,18.347462707770994
2011-08-24,20.27062019819855,18.444936780792727
2011-08-25,20.302224641520652,18.43887341951982
2011-08-26,20.38417464897177,18.347198465691147
2011-08-27,20.41305361459749,18.172912345503626
2011-08-28,20.44521218995266,18.143405313254725
2011-08-29,20.762011189025433,18.47641426338969
2011-08-30,20.80558141123293,18.23935076005115
2011-08-31,20.7368734683909,18.106492399488562
2011-09-01,20.65739912077361,17.823410995880096
2011-09-02,20.640929438354817,17.834146895865885
2011-09-03,20.65221176772527,17.9713638300895
2011-09-04,20.56813735635986,18.008062224747835
2011-09-05,20.477726077921673,17.424310271345366
2011-09-06,20.324127976289013,17.345624378462855
2011-09-07,20.250671445011047,17.42734905526354
2011-09-08,19.948012136967233,17.237252450632194
2011-09-09,19.73344620326528,16.81596249467254
2011-09-10,19.628886892737693,16.81642704929677
2011-09-11,19.687917135808206,17.250593834351466
2011-09-12,19.84799677948138,17.34068475635744
2011-09-13,19.877096276120128,17.371366671402193
2011-09-14,19.775453045832347,17.390478761187673
2011-09-15,19.73150174272279,17.169269782639578
2011-09-16,19.776990926250946,17.087557891745988
2011-09-17,19.80011526393349,16.919218639011223
2011-09-18,19.816625182137347,16.85272197755363
2011-09-19,19.92269523876543,17.064345787753947
2011-09-20,20.002224455243894,17.469461571245915
2011-09-21,19.926514347451747,17.46551498792442
2011-09-22,19.901182360830532,17.539183122602644
2011-09-23,19.891597012948296,17.68924705213809
2011-09-24,19.88225061678313,17.739323767580625
2011-09-25,19.877615139748976,17.552103992044326
2011-09-26,19.92141481355766,17.496421366671406
2011-09-27,19.91079780276189,17.455012075578917
2011-09-28,19.950734613537815,17.446789316664304
2011-09-29,19.942676921548497,17.846915755078847
2011-09-30,19.862682778918415,17.77505895723824
2011-10-01,19.837294722985774,17.50890467395937
2011-10-02,19.933115624068577,17.374916891603924
2011-10-03,20.02574868778358,17.39603778945873
2011-10-04,20.090796478127,17.384781929251318
2011-10-05,20.161393826373537,17.525389970166216
2011-10-06,20.249276004238798,17.706130132121043
2011-10-07,20.2812205268736,17.397069185963925
2011-10-08,20.13693885154154,17.275188236965477
2011-10-09,19.99182456038678,16.696601790026993
2011-10-10,19.808680829221448,16.56439409006961
2011-10-11,19.656745020200713,16.483976417104703
2011-10-12,19.465214425274016,16.345817587725534
2011-10-13,19.532761139351624,16.554585878675955
2011-10-14,19.55008701195485,16.522963489131982
2011-10-15,19.392937916018127,16.238150305441113
2011-10-16,19.331956071795226,15.664046029265524
2011-10-17,19.243071186707333,15.536324762040064
2011-10-18,19.233478843096936,15.590203153857084
2011-10-19,19.383433784813086,16.489070890751528
2011-10-20,19.66411321902839,17.747505327461287
2011-10-21,20.087577408351876,18.469525500781362
2011-10-22,20.30735551130913,18.87105128569399
2011-10-23,20.722426275788997,19.527601932092633
2011-10-24,21.02377365715138,19.86241511578349
2011-10-25,21.086215476703,20.016640147748262
2011-10-26,21.08030843295694,19.98440829663305
2011-10-27,20.914958791436234,19.67307714163944
2011-10-28,20.76440178246185,19.24614575934082
2011-10-29,20.462554930953395,18.928791021451914
2011-10-30,20.324729877967993,18.76880096604631
2011-10-31,20.420407842666496,18.029561017189945
2011-11-01,20.451731980825947,17.6141667850547
2011-11-02,20.540230569261844,17.72855803381162
2011-11-03,20.560046300129148,17.7498849268362
2011-11-04,20.524944386031713,17.366148600653503
2011-11-05,20.47917549756595,17.13403892598381
2011-11-06,20.50986668791599,17.072362551498795
2011-11-07,20.420315801238512,16.99663588577923
2011-11-08,20.558747516309527,18.17758346356017
2011-11-09,20.65837202371095,18.48042619690297
2011-11-10,20.599761607113308,18.456054837334847
2011-11-11,20.661296507103323,18.405166927120327
2011-11-12,20.673049516508225,18.03689018326467
2011-11-13,20.781676263370535,18.15384855803381
2011-11-14,20.763650341921387,18.291663588577922
2011-11-15,20.756950110938114,18.210811194771992
2011-11-16,20.714653980527867,17.743223469242793
2011-11-17,20.755199730105662,17.907596249467254
2011-11-18,21.03618583799716,18.063730643557324
2011-11-19,21.245777933238347,17.88839749964484
2011-11-20,21.45766483425512,18.11388123312971
2011-11-21,21.57231390949427,18.706647251029974
2011-11-22,21.72446430936841,18.96805228015343
2011-11-23,21.823920815809473,19.234671118056546
2011-11-24,21.80829004122922,19.07145759340815
2011-11-25,21.539726380103954,18.474750674811766
2011-11-26,21.45969011822366,18.378664583037363
2011-11-27,21.47345601384243,18.416596107401617
2011-11-28,21.484273665430344,18.63275891461856
2011-11-29,21.511246481438565,18.6781005824691
2011-11-30,21.47355670679211,18.32287398778236
2011-12-01,21.33464839222433,18.191640858076433
2011-12-02,21.49062090191077,18.512757493962212
2011-12-03,21.649289395469772,18.468606336127294
2011-12-04,21.693659655760502,18.205774968035232
2011-12-05,21.666190018876033,17.859092200596677
2011-12-06,21.684477576414846,17.909624946725387
2011-12-07,21.73088880931884,18.52206989629209
2011-12-08,21.77244424114974,19.05544111379458
2011-12-09,21.735003415074324,18.81876260832505
2011-12-10,21.644891048779655,18.432003125443956
2011-12-11,21.6074051644203,18.260902116777952
2011-12-12,21.578008163062595,17.968749822417966
2011-12-13,21.65044691939591,17.601758772552916
2011-12-14,21.88790223366561,17.731618127574944
2011-12-15,22.06680524969374,17.848381872425062
2011-12-16,22.138049661390188,17.993746270777102
2011-12-17,22.1263060486141,18.27754226452621
2011-12-18,22.108418758485996,18.585995169768438
2011-12-19,22.238971400304727,18.629136240943314
2011-12-20,22.413008783985163,18.55486858928825
2011-12-21,22.582500807199384,18.393915328881945
2011-12-22,22.7564239825148,18.59789884926837
2011-12-23,22.847756234062988,19.151836908651795
2011-12-24,22.82670766135713,19.200367949992902
2011-12-25,22.82878911812429,19.778319363545958
2011-12-26,22.864651496837425,19.91494956669982
2011-12-27,22.837124259032375,19.63596249467254
2011-12-28,22.852045298374048,19.518185821849695
2011-12-29,22.801726599496643,19.595354453757636
2011-12-30,22.744537288472355,19.540369370649234
2011-12-31,22.57613479815879,19.21569256996733
2012-01-01,22.53541775673075,19.15822844153999
2012-01-02,22.666985565619036,19.64511720414832
2012-01-03,22.95396928916785,19.72084813183691
2012-01-04,23.09348200980232,19.75264384145476
2012-01-05,23.199566140676303,19.64155277738315
2012-01-06,23.40230244312348,19.69543258985652
2012-01-07,23.543660690631523,19.939329450205996
2012-01-08,23.54544128969761,20.357307856229582
2012-01-09,23.489292934728613,20.026725387128863
2012-01-10,23.501973892274098,19.925898565137093
2012-01-11,23.58479575785681,20.553888336411426
2012-01-12,23.493597542802306,20.282427901690582
2012-01-13,23.438703203132764,20.33012359710187
2012-01-14,23.433806793721203,20.137884642704933
2012-01-15,23.474877450574606,19.792231851115215
2012-01-16,23.711165078484626,20.350532746128717
2012-01-17,23.879244337185835,20.72413695127149
2012-01-18,23.974896223134785,21.155783491973292
2012-01-19,24.008878448190192,21.09841454752095
2012-01-20,24.08127268437266,21.30838613439409
2012-01-21,24.323860855383,21.981058388975708
2012-01-22,24.437244200582924,22.19643131126581
2012-01-23,24.578434529920102,22.570056826253737
2012-01-24,24.72340793373509,22.743226310555485
2012-01-25,24.790387745471424,22.89292939337974
2012-01-26,24.74923237407693,22.65172467680068
2012-01-27,24.596250496738072,22.12344082966331
2012-01-28,24.50012801354443,22.103072879670414
2012-01-29,24.38808170099684,21.786772268788184
2012-01-30,24.29922140444415,21.43397925841739
2012-01-31,24.315830753054954,21.76702940758631
2012-02-01,24.42517938454151,21.957023724960944
2012-02-02,24.529354571646213,22.116515129990056
2012-02-03,24.526424334370883,22.150737320642143
2012-02-04,24.59590522237311,22.254664014774825
2012-02-05,24.738787048382285,22.50680778519676
2012-02-06,24.852927691492567,22.645037647393096
2012-02-07,25.17536578550847,22.786782213382583
2012-02-08,25.28737277295755,22.78313396789317
2012-02-09,25.404066753319874,23.65740304020458
2012-02-10,25.64967598188565,25.19388691575508
2012-02-11,25.739065697751474,25.664855803381165
2012-02-12,25.89876475726066,25.5943969313823
2012-02-13,25.94672115607509,25.598056542122457
2012-02-14,25.845263126303998,24.686570535587446
2012-02-15,25.976600759181405,24.361978974286128
2012-02-16,26.17261884458716,24.23540275607331
2012-02-17,26.386087421763786,24.13424776246626
2012-02-18,26.470942664006355,24.150694700951846
2012-02-19,26.586776563069122,24.361852535871577
2012-02-20,26.666729683412257,24.41075863048729
2012-02-21,26.71855664469986,24.240009944594405
2012-02-22,26.67087961966415,24.17414831652224
2012-02-23,26.661931441865118,24.18873277454184
2012-02-24,26.680592960393415,23.99470095183975
2012-02-25,26.71290184041453,23.754889899133403
2012-02-26,26.707910636818244,23.791897996874567
2012-02-27,26.705965017220297,23.379487143060103
2012-02-28,26.699348051958772,23.612471942037224
2012-02-29,26.67771974451104,23.893767580622246
2012-03-01,26.60558880021196,23.80524222190652
2012-03-02,26.54735271715732,23.661035658474216
2012-03-03,26.426834681425408,23.087124591561302
2012-03-04,26.246651633440393,22.40596391532889
2012-03-05,26.336992995992958,22.66192356868873
2012-03-06,26.529756370665908,22.862575649950273
2012-03-07,26.59909477762695,22.960558317942894
2012-03-08,26.648435419909227,22.85885068901833
2012-03-09,26.54992639997354,22.35988066486717
2012-03-10,26.333341660595458,22.05628498366245
2012-03-11,26.14749039639698,21.978994175308994
2012-03-12,26.00970969798326,21.574588719988633
2012-03-13,25.92173334685564,21.294817445659902
2012-03-14,25.927133593568882,22.126506606051993
2012-03-15,26.028433826207877,22.190139224321637
2012-03-16,26.121824518991936,22.302798692996163
2012-03-17,26.213032047885612,22.302410853814468
2012-03-18,26.359650606848426,22.7725699673249
2012-03-19,26.487027167433876,22.8020343798835
2012-03-20,26.538665844289245,23.026212530188953
2012-03-21,26.56411158393214,23.292497513851394
2012-03-22,26.55796300129149,23.461652223327178
2012-03-23,26.62656226197973,23.286614575934077
2012-03-24,26.74157211395177,22.98624520528484
2012-03-25,26.781290773918002,22.502736184117065
2012-03-26,26.777964201741867,22.12123455036226
2012-03-27,26.716024894857124,21.763778945873
2012-03-28,26.576494395138564,21.640988776814893
2012-03-29,26.338276215352465,20.84824691007246
2012-03-30,26.383794520151017,21.214844438130417
2012-03-31,26.414945234625897,21.334601505895723
2012-04-01,26.336934939729144,20.835071743145335
2012-04-02,26.260974206874852,20.60129705924137
2012-04-03,26.259483971917703,20.96169200170479
2012-04-04,26.236160318077943,20.83952408012502
2012-04-05,26.327856471669318,20.711018610598092
2012-04-06,26.42917026111862,21.54367949992897
2012-04-07,26.581800696261283,23.18345645688308
2012-04-08,26.49223948157101,23.284362835630063
2012-04-09,26.34741085621087,23.463303025998012
2012-04-10,26.402051631784673,23.703702230430462
2012-04-11,26.693854314998223,23.925600227305022
2012-04-12,26.8359624507401,25.206542122460583
2012-04-13,26.972916100937223,25.10320642136667
2012-04-14,27.018952731231586,24.858049438840737
2012-04-15,26.91870158873397,24.164469384855803
2012-04-16,26.781590803722178,23.571868163091352
2012-04-17,26.74460896363874,23.558296633044467
2012-04-18,26.689236099612497,23.273788890467394
2012-04-19,26.62723544557406,22.90083960789885
2012-04-20,26.58040295807531,22.52980963205001
2012-04-21,26.546882906414545,22.897506748117635
2012-04-22,26.563834962910207,23.554824548941603
2012-04-23,26.444071306752317,23.325836056257998
2012-04-24,26.288245458986,22.630232987640298
2012-04-25,26.21638333278139,22.16993038783918
2012-04-26,26.10083954945856,22.097718425912774
2012-04-27,26.004295480511285,22.22149453047308
2012-04-28,25.913229108023955,22.246436993891177
2012-04-29,25.844593751034935,21.87717147322063
2012-04-30,25.735085335463854,21.304548941611028
2012-05-01,25.69921285640959,21.587880380735903
2012-05-02,25.852855271218974,22.504679641994603
2012-05-03,25.90029013643732,22.07869583747691
2012-05-04,25.975867449581038,21.701086802102573
2012-05-05,26.05536197718311,21.50693422361131
2012-05-06,26.127750335298217,21.834314533314387
2012-05-07,26.03067558449515,22.009472936496664
2012-05-08,25.802015225022302,22.068167353317232
2012-05-09,25.693567365963467,21.508191504475064
2012-05-10,25.688859799814598,21.896711180565426
2012-05-11,25.773760390104947,21.687428612018756
2012-05-12,25.58747526658266,21.434175308992753
2012-05-13,25.45840882372425,21.32769995738031
2012-05-14,25.49172041096797,21.395003551640855
2012-05-15,25.355369200582906,21.527692854098593
2012-05-16,25.15642702503564,21.499181701946302
2012-05-17,24.993145511143513,21.02759198749823
2012-05-18,24.87960426532436,20.845216650092343
2012-05-19,24.840238310096975,20.463347066344657
2012-05-20,25.105712177534226,20.212075578917464
2012-05-21,25.1750869498626,20.223355590282708
2012-05-22,25.049461556611615,20.550988776814886
2012-05-23,25.028675220220492,20.59647535161245
2012-05-24,25.019845824916448,20.80571530046882
2012-05-25,25.03701340364934,21.317154425344512
2012-05-26,25.00761327698121,21.155475209546818
2012-05-27,24.86018224078546,21.03059241369513
2012-05-28,24.767754226413167,20.717076289245632
2012-05-29,24.708656820213946,20.915819008381874
2012-05-30,24.776402933238366,21.51447648813752
2012-05-31,24.807566376626877,21.576239522659467
2012-06-01,24.888398081763146,21.50610171899418
2012-06-02,24.988527171573324,21.438840744423928
2012-06-03,25.069324518991955,21.5457607614718
2012-06-04,25.114272589164475,21.66203580053985
2012-06-05,25.007499275590273,21.3884784770564
2012-06-06,24.87369829784418,21.037167211251607
2012-06-07,24.841563545219646,20.917736894445238
2012-06-08,24.805629284365956,21.033511862480474
2012-06-09,24.887253514421978,21.128498366245214
2012-06-10,24.858807518131023,21.091173462139512
2012-06-11,24.844991990098386,21.042915186816316
2012-06-12,24.90375769944035,21.130890751527208
2012-06-13,24.980776919064773,21.237153004688164
2012-06-14,25.032998269695653,21.36289955959653
2012-06-15,24.928384711229704,21.796402898138947
2012-06-16,24.782316351789902,21.88699247052138
2012-06-17,24.658543543232778,21.78747407302173
2012-06-18,24.517702482862564,21.718738457167213
2012-06-19,24.393788228135215,21.486721125159825
2012-06-20,24.29338007500749,21.17342662309988
2012-06-21,24.110483533132474,20.431211819860778
2012-06-22,23.919093266715223,20.59497371785765
2012-06-23,23.95108222671132,20.884091490268503
2012-06-24,23.896435076332118,20.724357153004693
2012-06-25,23.873370533496715,20.627610456030684
2012-06-26,23.746416986786798,20.543568688734197
2012-06-27,23.566928378646907,20.42489416110243
2012-06-28,23.291267096069195,20.210115073163802
2012-06-29,23.11049429579105,19.929183122602645
2012-06-30,22.993245872934427,19.67365819008383
2012-07-01,22.894375848594308,19.50974570251456
2012-07-02,22.80211324800477,19.575934081545675
2012-07-03,22.624473064377217,19.687626083250468
2012-07-04,22.436706026260847,19.53896007955675
2012-07-05,22.246211213034442,19.264448075010662
2012-07-06,22.054140870781907,18.85343656769428
2012-07-07,21.95142139533726,18.71900127859071
2012-07-08,21.94068106931147,18.87894729364967
2012-07-09,21.917643019174108,18.94373774683904
2012-07-10,21.997138892108534,18.950718852109674
2012-07-11,22.23263089048587,19.00108538144623
2012-07-12,22.46463847816007,19.378155988066485
2012-07-13,22.721637993840442,19.847915897144482
2012-07-14,22.796506896380482,19.898391817019462
2012-07-15,22.721819468821405,19.504645546242365
2012-07-16,22.6351743136735,19.18388123312971
2012-07-17,22.593052579726425,19.330946157124593
2012-07-18,22.505162184985316,19.30988634749254
2012-07-19,22.32333834900819,19.13796419946015
2012-07-20,22.195903421697526,18.930875124307434
2012-07-21,22.201907287975608,18.99574655490837
2012-07-22,22.126972588336617,18.925587441397933
2012-07-23,21.943279216478473,18.684787611876693
2012-07-24,21.789102911713055,18.569208694416826
2012-07-25,21.653602841341876,17.906120187526636
2012-07-26,21.49554049243306,17.79082966330445
2012-07-27,21.21128071497169,17.700970308282425
2012-07-28,21.016356715898898,17.357949992896724
2012-07-29,20.787885096201624,16.99243926694133
2012-07-30,20.82929376262539,17.30230288393238
2012-07-31,20.93540825661487,17.617897428612018
2012-08-01,20.934594516839383,17.777357579201595
2012-08-02,20.94435386793389,17.817755362977696
2012-08-03,20.849257687021897,17.676735331723258
2012-08-04,20.668163228135214,17.19681062650945
2012-08-05,20.60180734013313,17.10840460292655
2012-08-06,20.566176731132177,17.385459582327034
2012-08-07,20.4871727116932,17.542436425628637
2012-08-08,20.361195669271734,17.56824406875977
2012-08-09,20.325962078186535,17.625814746412843
2012-08-10,20.375782590158,17.537813609887767
2012-08-11,20.451155226512586,17.675934081545673
2012-08-12,20.635793849554616,17.85923710754368
2012-08-13,20.655822867337882,17.856374485012076
2012-08-14,20.67480662400231,17.783894019036794
2012-08-15,20.86570224277247,18.12908509731496
2012-08-16,21.111540343411555,18.51373916749538
2012-08-17,21.390314807762312,19.173680920585312
2012-08-18,21.490574539689362,19.128293791731792
2012-08-19,21.488291841904836,18.938695837476917
2012-08-20,21.431421519521813,19.057398778235548
2012-08-21,21.36505006705961,19.068778235544823
2012-08-22,21.417416216842746,18.960691859639155
2012-08-23,21.483772849951936,18.915938343514707
2012-08-24,21.320317312150177,18.791413553061517
2012-08-25,21.217097021227243,18.799143344225033
2012-08-26,21.180647539490682,18.683287398778237
2012-08-27,21.09639024571971,19.039757067765308
2012-08-28,21.152859058846914,19.27124307430033
2012-08-29,21.2104197022883,19.161848273902542
2012-08-30,21.20643290310295,19.146347492541558
2012-08-31,21.297749672980817,19.094301747407307
2012-09-01,21.23044193131771,18.890105128569402
2012-09-02,21.29485064741533,18.66917886063361
2012-09-03,21.33270583584462,18.874921153572952
2012-09-04,21.3553434736894,19.134874271913628
2012-09-05,21.36816310395077,19.294023298764035
2012-09-06,21.33492263304303,19.434222190652086
2012-09-07,21.366539784581267,19.41823270350903
2012-09-08,21.343445768619386,19.46469668987072
2012-09-09,21.302816753319853,19.452758914618553
2012-09-10,21.147280379673482,19.317228299474355
2012-09-11,21.103464706758945,19.324514845858793
2012-09-12,21.257870359638375,19.082908083534594
2012-09-13,21.358898255621455,18.929833783207847
2012-09-14,21.373765460972972,18.681126580480182
2012-09-15,21.36350452859556,19.14330444665435
2012-09-16,21.327925042222766,19.472058531041338
2012-09-17,21.373584793191384,19.540866600369373
2012-09-18,21.413952131006354,19.633108396078995
2012-09-19,21.343255807696096,19.611007245347352
2012-09-20,21.151708820412647,19.10661741724677
2012-09-21,21.10758964052722,19.07863759056684
2012-09-22,21.166505882206796,19.075152720556897
2012-09-23,21.15481678643571,19.0653530331013
2012-09-24,21.19997820561651,19.26252734763461
2012-09-25,21.220049860085428,19.098130416252307
2012-09-26,21.175046879656968,18.77557039352181
2012-09-27,21.06041434165646,18.497837761045606
2012-09-28,20.864323587608094,18.145314675380025
2012-09-29,20.697440287942545,17.952633896860352
2012-09-30,20.548685610325556,17.629335132831372
2012-10-01,20.479924557903107,17.50582184969456
2012-10-02,20.483524066960317,17.448950134962352
2012-10-03,20.466896504619715,17.54590424776247
2012-10-04,20.36869508974396,17.584567410143485
2012-10-05,20.19386362883735,17.539518397499645
2012-10-06,20.100433321190824,17.046385850262823
2012-10-07,20.05483611782626,17.04217502486149
2012-10-08,19.950556450144074,17.040609461571247
2012-10-09,19.883146690896456,16.8082582753232
2012-10-10,19.916353590588457,16.80992896718284
2012-10-11,20.011937547604077,16.814344367097597
2012-10-12,20.04319528843926,17.074852962068476
2012-10-13,20.024148942775817,17.18219775536298
2012-10-14,19.983538865615753,17.146839039636312
2012-10-15,19.998190631519673,17.40015911351044
2012-10-16,20.000136106235715,17.448236965478056
2012-10-17,20.088574879127084,17.381834067339113
2012-10-18,20.27296430522905,17.436455462423638
2012-10-19,20.408339218299826,17.493564426765165
2012-10-20,20.707382604232166,19.059703082824264
2012-10-21,20.848344206378126,19.04061372354028
2012-10-22,21.05130095704869,18.605398494104275
2012-10-23,21.07288501341195,18.194597243926697
2012-10-24,21.07136565718446,18.25376331865322
2012-10-25,21.082136015167066,18.12704929677511
2012-10-26,21.105136064840877,18.041145049012645
2012-10-27,21.138860006788747,18.616306293507606
2012-10-28,21.09633396943408,19.536875976701236
2012-10-29,21.093181193496015,19.260115073163806
2012-10-30,21.186875331158735,19.037064923994887
2012-10-31,21.27209844934925,19.09636880238671
2012-11-01,21.341920741298804,19.36589288251173
2012-11-02,21.507562154353078,19.823321494530475
2012-11-03,21.59653059492667,19.997248188663168
2012-11-04,21.628751717885855,20.029703082824266
2012-11-05,21.676252318111032,20.089704503480615
2012-11-06,21.90880962926778,20.551244494956673
2012-11-07,21.98246589065138,20.95475209546811
2012-11-08,21.94616598917113,20.43745702514562
2012-11-09,21.96223807414639,20.222484727944313
2012-11-10,21.99685254329899,20.106505185395648
2012-11-11,22.012412118753506,19.86198039494247
2012-11-12,21.952391731794567,19.896847563574372
2012-11-13,21.930674466834457,19.616806364540423
2012-11-14,21.896911800013292,19.21616280721694
2012-11-15,21.990852112792652,19.466381588293793
2012-11-16,21.96281097873964,19.83231282852679
2012-11-17,21.793166063681838,19.464933939480048
2012-11-18,21.6187436872868,18.745053274612868
2012-11-19,21.597730258800524,18.451494530473077
2012-11-20,21.494064290326854,18.26339963062936
2012-11-21,21.338590816140638,17.857869015485154
2012-11-22,21.279154427592164,17.822415115783492
2012-11-23,21.189237693313892,17.67564852962068
2012-11-24,21.00006482432031,17.43768290950419
2012-11-25,20.984888896247988,17.482937917317805
2012-11-26,20.98092707884889,17.56027986929962
2012-11-27,21.074398843428128,17.75906378746981
2012-11-28,21.151729724807083,17.532025855945445
2012-11-29,21.25709803540089,17.786503764739308
2012-11-30,21.441611625327063,17.979177439977267
2012-12-01,21.460804964069286,17.90314675380026
2012-12-02,21.474738839950955,17.79327177155846
2012-12-03,21.526046151107725,17.837965620116492
2012-12-04,21.588146214855772,17.971838329308138
2012-12-05,21.62089149998346,18.252963489131982
2012-12-06,21.740582653078103,18.646902969171762
2012-12-07,21.906340199357537,18.864369938911782
2012-12-08,22.004827487002043,19.178231282852682
2012-12-09,21.980425497565992,19.457314959511294
2012-12-10,21.843458683809697,19.515703935218067
2012-12-11,21.92531698099149,19.54713027418668
2012-12-12,22.04148516408915,19.714098593550222
2012-12-13,22.11923858330297,19.854483591419232
2012-12-14,22.243579122098215,19.767731211819864
2012-12-15,22.41667700847764,19.871393663872706
2012-12-16,22.625914412027754,20.118758346356014
2012-12-17,22.729352646786108,19.99995453899702
2012-12-18,22.85546817564664,19.85680210257139
2012-12-19,22.7973878613769,20.01421082540134
2012-12-20,22.834018031592528,20.08995738030971
2012-12-21,22.89368490661332,20.331220343798833
2012-12-22,22.872838878862176,20.40991049865038
2012-12-23,22.890004015299553,20.437269498508314
2012-12-24,22.85558730999772,20.244879954539005
2012-12-25,22.820398156273754,20.181916465407028
2012-12-26,22.785399460211288,20.095824691007238
2012-12-27,22.73027755240587,20.2959710186106
2012-12-28,22.770589835082983,20.69196050575366
2012-12-29,22.975164958439596,20.899968745560447
2012-12-30,22.95404021922706,20.76289245631482
2012-12-31,22.99376152846308,20.45105554766302
2013-01-01,23.112322084975368,20.83212814320216
2013-01-02,23.223730689306937,20.90313965051854
2013-01-03,23.427638838295227,21.486414263389683
2013-01-04,23.704422417789875,21.573401051285693
2013-01-05,23.796074196112222,21.605789174598662
2013-01-06,23.803892770805078,21.82173746270777
2013-01-07,23.73725726065505,21.971882369654786
2013-01-08,23.70838748468391,21.866924279016906
2013-01-09,23.756427625260823,21.92823128285268
2013-01-10,23.905331303606324,22.044225031964764
2013-01-11,24.085975821273674,22.30599516976844
2013-01-12,24.080366530615592,21.565834635601654
2013-01-13,24.054080661986305,21.176266515129992
2013-01-14,24.077637079014536,21.235922716294926
2013-01-15,24.15691469765208,21.55067623241939
2013-01-16,24.373845766963612,21.842479045318942
2013-01-17,24.584205363943436,22.278688734195203
2013-01-18,24.6453731537901,22.46900980252876
2013-01-19,24.70020378680003,22.222731922148032
2013-01-20,24.74434672732387,21.960066770848133
2013-01-21,24.76520556677821,21.7396974001989
2013-01-22,24.868448045335647,21.989505611592556
2013-01-23,24.902933548862514,22.180217360420517
2013-01-24,24.977060966321115,22.401071174882794
2013-01-25,25.151824146438443,22.627356158545243
2013-01-26,25.244772162797613,22.815301889472945
2013-01-27,25.21017578319039,22.828948714306005
2013-01-28,25.055304831605852,22.893966472510296
2013-01-29,25.07772655396238,23.016125870152006
2013-01-30,25.136637848958546,22.75650518539566
2013-01-31,25.06529620078153,22.487266657195633
2013-02-01,25.05410055220718,22.47525784912631
2013-02-02,24.953450404841533,21.84671828384714
2013-02-03,24.936775590290388,21.69470095183976
2013-02-04,24.908941596019538,21.67432589856514
2013-02-05,25.403314174421272,22.200887910214522
2013-02-06,25.71634469069772,22.516539281147896
2013-02-07,25.90746508345195,22.76321636596107
2013-02-08,26.133502106997295,23.360882227589144
2013-02-09,26.291828120343094,23.730610882227598
2013-02-10,26.329546436732095,23.456323341383715
2013-02-11,26.28849341408085,23.289924705213807
2013-02-12,26.375213121336525,23.02190652081262
2013-02-13,26.43653808739281,22.486196902969176
2013-02-14,26.552295178329075,22.319168916039207
2013-02-15,26.565977249395672,22.19933229151868
2013-02-16,26.51479410206317,21.856719704503487
2013-02-17,26.456859166473453,21.779059525500788
2013-02-18,26.29315205152825,21.69378604915471
2013-02-19,26.10780988177629,21.670687597670124
2013-02-20,25.79237515316088,20.366667140218784
2013-02-21,25.46709197105678,20.001859639153288
2013-02-22,25.475663310924958,20.45520670549795
2013-02-23,25.70942260406663,21.297339110669128
2013-02-24,25.717498385601235,21.280282710612305
2013-02-25,25.75794143457962,22.330015627219776
2013-02-26,25.91865957297082,23.51988350617986
2013-02-27,26.016184803126173,23.852030117914484
2013-02-28,26.03952228284264,23.802672254581623
2013-03-01,26.05713177219592,23.478001136525087
2013-03-02,26.123412197403713,23.630866600369373
2013-03-03,26.130953364572598,24.258494104276185
2013-03-04,26.186609886743707,24.825952550078135
2013-03-05,26.185312841507475,25.020423355590278
2013-03-06,26.271025846938436,24.90938627645973
2013-03-07,26.411752802430648,24.731723256144342
2013-03-08,26.55176855316753,24.684919732916605
2013-03-09,26.659296101433917,24.400304020457455
2013-03-10,26.568594396794413,23.90200170478762
2013-03-11,26.478775478524373,24.041325472368236
2013-03-12,26.49611488724038,24.259224321636598
2013-03-13,26.490860308971165,24.235597385992328
2013-03-14,26.52419749892373,24.332518823696553
2013-03-15,26.452564017120906,23.96629350760052
2013-03-16,26.366616033877513,23.54974001988919
2013-03-17,26.20647129681756,23.47541980394943
2013-03-18,26.01405152001854,22.930380735899984
2013-03-19,25.85135634334537,21.89370649239948
2013-03-20,25.800899365003186,21.595506463986364
2013-03-21,25.6709832930424,21.34095752237534
2013-03-22,25.798790235784924,21.13135530615144
2013-03-23,25.703533608471073,20.94927830657764
2013-03-24,25.496880443421507,20.686964057394526
2013-03-25,25.40959575868466,20.80367239664725
2013-03-26,25.425109696327514,21.21334564568831
2013-03-27,25.307944352915918,21.198741298479895
2013-03-28,24.99394629433389,20.348809489984376
2013-03-29,24.951108512435024,19.906790737320634
2013-03-30,24.90126717885887,19.6710384997869
2013-03-31,24.880428457297064,19.548276743855663
2013-04-01,24.80171809285687,19.33951555618696
2013-04-02,24.787999180382126,19.21939337974144
2013-04-03,24.625270577375186,19.121512999005542
2013-04-04,24.563248211742938,19.159475777809348
2013-04-05,24.691305344901796,19.62729791163517
2013-04-06,24.71507564907111,19.46166074726524
2013-04-07,24.66001136288371,19.29145617275181
2013-04-08,24.60771601897537,19.763743429464412
2013-04-09,24.66587833642408,20.351047023724963
2013-04-10,24.739568479484724,20.32029691717574
2013-04-11,24.676248965128927,20.447174314533317
2013-04-12,24.52236352121072,20.54577354737889
2013-04-13,24.35548440242413,20.45507174314534
2013-04-14,24.309613061728033,20.62631481744566
2013-04-15,24.305723312746302,20.64991476061941
2013-04-16,24.454170033447017,20.834800397783777
2013-04-17,24.451737320760323,20.87458303736326
2013-04-18,24.363507177865362,20.651602500355168
2013-04-19,24.462495570752115,20.829156130132123
2013-04-20,24.608540210948064,21.514719420372213
2013-04-21,24.59309972844985,21.171037079130564
2013-04-22,24.49157010630194,20.645935502202015
2013-04-23,24.32631414130548,20.529188805228017
2013-04-24,24.110133394873696,20.43798977127433
2013-04-25,23.99876662002847,20.125505043330023
2013-04-26,23.91742565486636,20.033855661315528
2013-04-27,23.936714015465125,20.027785196760906
2013-04-28,23.92507504884596,20.08188236965478
2013-04-29,23.89719276749346,19.986483875550505
2013-04-30,23.910325694605383,19.751160676232416
2013-05-01,23.801972567639208,19.36269214377042
2013-05-02,23.899815316918914,19.363010370791308
2013-05-03,23.96209942212808,19.42345929819577
2013-05-04,23.904094053217207,19.32992754652649
2013-05-05,23.776764537868004,18.795810484443813
2013-05-06,23.69927912954922,19.41764739309561
2013-05-07,23.621382918832996,19.43049722972014
2013-05-08,23.573838460774255,19.217127432873987
2013-05-09,23.67330678544225,19.516341809916177
2013-05-10,23.738775602708916,19.699474357153004
2013-05-11,23.665059173924583,19.534719420372213
2013-05-12,23.552085596251285,19.37904389828101
2013-05-13,23.431737941682965,19.445730927688597
2013-05-14,23.24886828575688,19.2997172893877
2013-05-15,23.113974401430553,19.361809916181272
2013-05-16,22.971008978540954,19.4787512430743
2013-05-17,22.94766700748418,19.532592697826395
2013-05-18,22.88329469814878,19.4118369086518
2013-05-19,22.84233522783723,19.218288109106403
2013-05-20,22.795022994833932,18.948116209688877
2013-05-21,22.77223672881405,18.468540985935505
2013-05-22,22.603515394741194,18.275344509163233
2013-05-23,22.456538045997902,18.35436709759909
2013-05-24,22.349799069444,18.37412700667708
2013-05-25,22.274470704871394,18.241764455178302
2013-05-26,22.307701427294084,18.590524222190652
2013-05-27,22.40734100241747,18.759826679926128
2013-05-28,22.404871117163943,18.70925841738884
2013-05-29,22.314835455508888,18.677265236539284
2013-05-30,22.212267091929586,18.4109134820287
2013-05-31,22.18798001457102,18.2086461145049
2013-06-01,22.190724658078636,18.523132547236823
2013-06-02,22.1638058002451,18.958677368944453
2013-06-03,22.06871158558795,18.895539139082256
2013-06-04,22.039197354041807,18.647233982099735
2013-06-05,22.02137254942549,18.61655064639864
2013-06-06,22.023860296552613,18.71722545816167
2013-06-07,21.90551849107527,19.097093337121755
2013-06-08,21.838170348047825,19.21245205284842
2013-06-09,21.849341739245638,19.398178718567976
2013-06-10,21.877133365897308,19.485324619974435
2013-06-11,21.79907476322151,19.03555334564569
2013-06-12,21.694155710832224,18.597806506606055
2013-06-13,21.594796316687102,18.33254155419804
2013-06-14,21.520194845514464,18.135232277312124
2013-06-15,21.499374172103177,18.22992186390113
2013-06-16,21.39971557605059,18.365310413411
2013-06-17,21.112248857502397,18.42320358005399
2013-06-18,20.946499321124605,17.78963062935076
2013-06-19,20.885334325429643,17.368188663162385
2013-06-20,20.747460571414422,17.3134735047592
2013-06-21,20.61602903434111,17.274139792584176
2013-06-22,20.353641028082233,17.054105696831936
2013-06-23,20.27221913600688,16.922865463844296
2013-06-24,20.252215100009938,16.935932660889332
2013-06-25,20.214136296652015,16.80720272766018
2013-06-26,20.175018772560204,17.047218354879956
2013-06-27,20.126715505679407,17.045335985225172
2013-06-28,20.048402842169732,16.541385139934654
2013-06-29,20.081371266185368,16.44166500923427
2013-06-30,20.131764786237046,16.980328171615284
2013-07-01,20.215873431135577,17.204260548373348
2013-07-02,20.17536357088457,17.181308424492116
2013-07-03,20.181627500248364,17.230056826253733
2013-07-04,20.46916856393018,17.221486006535013
2013-07-05,20.622229174255732,17.15522375337406
2013-07-06,20.67282687435843,16.91378462849837
2013-07-07,20.651540529688365,17.182800113652505
2013-07-08,20.61556410818957,17.264544679641993
2013-07-09,20.582239315991693,17.615257849126298
2013-07-10,20.535625351856126,17.924649808211395
2013-07-11,20.24411435738644,17.50449353601364
2013-07-12,20.060311020134485,17.162479045318936
2013-07-13,19.892772957578618,16.940595255007814
2013-07-14,19.692782706063493,16.74997158687314
2013-07-15,19.54483493807333,16.83686034948146
2013-07-16,19.521008336920897,16.886303452194912
2013-07-17,19.58648234923997,16.79509589430317
2013-07-18,19.7016452172401,16.759028271061233
2013-07-19,19.677959275755878,16.606299190225887
2013-07-20,19.608101156571834,16.543274612871148
2013-07-21,19.70623845083951,17.042635317516698
2013-07-22,19.864026103586475,17.468448643273195
2013-07-23,19.94959393731171,17.582818582184977
2013-07-24,19.91296608520723,17.61945588862054
2013-07-25,19.8804975659834,17.538013922432167
2013-07-26,19.85741294665032,17.350125017758206
2013-07-27,19.838390092558836,17.344996448359144
2013-07-28,19.90202060635163,17.686344651228875
2013-07-29,19.949826017485144,17.692507458445803
2013-07-30,19.962172173560326,17.626988208552355
2013-07-31,19.936954974831956,17.70060093763319
2013-08-01,19.86475719856278,17.39838045176872
2013-08-02,19.82806143822232,17.170221622389544
2013-08-03,19.83918085819786,17.40836056257991
2013-08-04,19.873609257542192,17.837920159113516
2013-08-05,19.908960140908047,18.22457309276886
2013-08-06,19.861129872172675,18.21525358715727
2013-08-07,19.902619693181446,18.0225401335417
2013-08-08,19.901347546941793,18.016932802954972
2013-08-09,19.79282946153589,17.887748259695975
2013-08-10,19.831883941285597,18.25680210257139
2013-08-11,19.848768068847896,18.33774399772695
2013-08-12,19.825751854488846,18.278157408722834
2013-08-13,19.67239071762097,17.88261116635886
2013-08-14,19.664152005993987,17.919616422787325
2013-08-15,19.616320660992788,17.767525216650093
2013-08-16,19.857164846673523,17.722527347634614
2013-08-17,19.96664147100707,17.84120045461003
2013-08-18,20.065374685399174,18.43501633754795
2013-08-19,20.10099467662352,18.686667140218784
2013-08-20,20.108528723879882,18.43209973007529
2013-08-21,20.051678208928035,18.265434010512855
2013-08-22,20.05357013941786,18.143058673106978
2013-08-23,20.077036481272984,18.202882511720418
2013-08-24,20.13911843477827,18.483537434294643
2013-08-25,20.0624464143789,18.025310413411002
2013-08-26,19.880119734576255,17.934331581190513
2013-08-27,19.77265465112427,17.855581758772555
2013-08-28,19.730421647845844,17.330931950561162
2013-08-29,19.67648017601087,17.45992044324478
2013-08-30,19.708993484452165,17.58889615002131
2013-08-31,19.68437512418453,17.354190936212536
2013-09-01,19.62749911001097,17.41015627219776
2013-09-02,19.573654398615755,17.99411280011366
2013-09-03,19.762406696029434,18.034371359568123
2013-09-04,20.058503949067795,18.36235118624805
2013-09-05,20.075533952048204,18.54006535019179
2013-09-06,20.179288898731663,18.976391532888194
2013-09-07,20.17554608073647,19.015824691007246
2013-09-08,20.118382206841773,18.78393379741441
2013-09-09,20.06680148276322,18.475904247762465
2013-09-10,20.01969067705401,18.2723724960932
2013-09-11,19.977926201278287,18.014581616706923
2013-09-12,19.92115874507403,17.8313965051854
2013-09-13,19.909574150577885,17.77643557323484
2013-09-14,19.87570296718219,17.69283136809206
2013-09-15,19.8007435341259,17.691352464838758
2013-09-16,19.767569315660463,17.589349339394804
2013-09-17,19.640446319170827,17.576868873419524
2013-09-18,19.66141071546842,17.39191220343799
2013-09-19,19.817545948272972,16.912862622531613
2013-09-20,19.903081680299344,17.236188379031113
2013-09-21,19.986094107030585,17.969849410427617
2013-09-22,19.992981794549173,17.673175166927123
2013-09-23,20.028949212670142,18.324166785054697
2013-09-24,20.066624933768214,18.611711890893595
2013-09-25,20.155411692386636,18.95499644835914
2013-09-26,20.178036994568988,18.96849126296349
2013-09-27,20.161041100937215,18.511554198039498
2013-09-28,20.04310804881278,18.14211819860776
2013-09-29,20.065045555022003,17.952277312118202
2013-09-30,20.071744813226466,17.85460008523938
2013-10-01,20.118259471139552,17.991495951129423
2013-10-02,20.147797132165458,18.03393521807075
2013-10-03,20.16029520730534,18.313808779656203
2013-10-04,20.12550286452298,18.313618411706212
2013-10-05,20.287044470477205,18.316770848131835
2013-10-06,20.31159219044941,18.444286120187524
2013-10-07,20.299373323508966,18.48422503196477
2013-10-08,20.37351419429086,18.191694843017483
2013-10-09,20.346748828525985,18.354213666714024
2013-10-10,20.303424760737816,18.09213666714022
2013-10-11,20.27247199639034,17.318670265662735
2013-10-12,20.255971909461252,17.02073732064214
2013-10-13,20.304515287114548,16.977091916465408
2013-10-14,20.3247840431169,17.07188094899844
2013-10-15,20.375911328112043,17.59841170620827
2013-10-16,20.415846752160807,17.393592839892033
2013-10-17,20.504749561214737,17.59188236965478
2013-10-18,20.451969007682887,18.383689444523373
2013-10-19,20.35066155164423,18.365456741014345
2013-10-20,20.418983963638784,18.36020599516977
2013-10-21,20.511321385402525,18.405054695269218
2013-10-22,20.603244424114987,18.70233271771558
2013-10-23,20.666560606186025,18.99601932092627
2013-10-24,20.606192150710367,19.27420230146328
2013-10-25,20.494855262940042,19.257445659894874
2013-10-26,20.387062187468967,19.58321636596108
2013-10-27,20.28309254644497,19.4875451058389
2013-10-28,20.18069870351359,19.19408296633045
2013-10-29,20.17123646388717,19.04822275891463
2013-10-30,20.16057702337981,18.907110384997868
2013-10-31,20.209826452131004,19.208725671260126
2013-11-01,20.256163174322037,19.530007103281715
2013-11-02,20.24669015133956,19.49183832930814
2013-11-03,20.24512014852469,19.362122460576785
2013-11-04,20.50588760886846,19.291352464838763
2013-11-05,20.823133651521662,19.914749254155424
2013-11-06,20.881960480345732,20.820146327603357
2013-11-07,20.937431491538895,21.224200880806933
2013-11-08,20.97161305344899,21.17791163517545
2013-11-09,20.93021630873932,20.504723682341243
2013-11-10,20.842830330827574,19.948286688450068
2013-11-11,20.77724391081898,19.636982525926978
2013-11-12,20.80726721611418,19.647170052564288
2013-11-13,20.861616220154296,19.70023298764029
2013-11-14,20.980781348312707,19.905807643131133
2013-11-15,21.043630555187587,19.629113510441826
2013-11-16,21.192165902241964,19.298937349055258
2013-11-17,21.235260497731595,19.208960079556753
2013-11-18,21.13239736149291,19.06611166358858
2013-11-19,21.081877669967263,19.06717005256429
2013-11-20,21.081779957446166,18.907091916465408
2013-11-21,21.198339652945624,18.88301037079131
2013-11-22,21.388113016193653,19.25374058815173
2013-11-23,21.678732738351492,19.40011791447649
2013-11-24,21.85411551644201,19.598504048870577
2013-11-25,21.885355291916444,19.622392385282
2013-11-26,21.861349264827606,19.463828668845004
2013-11-27,21.792849827797433,19.21885779230004
2013-11-28,21.710744775971122,19.23776246625942
2013-11-29,21.733704879623758,19.191280011365254
2013-11-30,21.876035347054334,19.184396931382302
2013-12-01,22.088246576646647,19.444999289671827
2013-12-02,22.238009177236147,19.79497797982668
2013-12-03,22.380479807596807,19.631059809632053
2013-12-04,22.595868463754687,19.468705782071318
2013-12-05,22.74959472381358,19.29923142491831
2013-12-06,22.700313234758404,19.38743429464413
2013-12-07,22.757532329370513,19.17945730927689
2013-12-08,22.899398408782368,19.234668276743857
2013-12-09,22.808578004437514,19.182359710186105
2013-12-10,22.724373965129057,19.198239806790742
2013-12-11,22.732543630161935,19.383183690865184
2013-12-12,22.638319265986667,19.690018468532465
2013-12-13,22.474330583336148,18.999200170478762
2013-12-14,22.297669470477217,18.741025713879814
2013-12-15,22.301356653806703,18.543145333143915
2013-12-16,22.399791556280437,18.74779372069896
2013-12-17,22.56631999867534,19.59015201022872
2013-12-18,22.62849693264228,19.606230998721408
2013-12-19,22.65037737606386,19.581737462707775
2013-12-20,22.718155570089774,19.5144196618838
2013-12-21,23.046589375600306,19.897339110669137
2013-12-22,23.186746137861395,19.963381162096894
2013-12-23,23.242768155777128,19.99286262253161
2013-12-24,23.451044640196088,20.383578633328604
2013-12-25,23.603620102990376,21.087726949850833
2013-12-26,23.68359503841444,21.619014064497797
2013-12-27,23.580977808225924,21.64285693990624
2013-12-28,23.50557509851977,21.550752947861913
2013-12-29,23.511222844984584,21.602363972155143
2013-12-30,23.68529094363679,21.73441824122745
2013-12-31,23.82148017601093,21.55326466827675
2014-01-01,23.78666877090438,21.514267651655068
2014-01-02,23.7122214748154,21.34599232845575
2014-01-03,23.65557961055739,21.210208836482455
2014-01-04,23.73814996108886,21.262013070038353
2014-01-05,23.71268890535485,21.139181701946303
2014-01-06,23.8875384972017,20.885649950277028
2014-01-07,24.08783558797233,21.864060235828955
2014-01-08,24.41560115657182,22.765405597386003
2014-01-09,24.533945135278373,23.220352322773124
2014-01-10,24.52788786965596,23.49296490978832
2014-01-11,24.535642282345922,23.503875550504336
2014-01-12,24.52070863827529,23.407093337121754
2014-01-13,24.553232523098412,23.222895297627506
2014-01-14,24.703570180812644,23.358494104276183
2014-01-15,24.78729081117328,23.605407018042342
2014-01-16,24.85920958621721,23.796479613581482
2014-01-17,24.8641931524656,24.476265094473657
2014-01-18,24.972274832764864,24.58077141639438
2014-01-19,25.117208642414834,24.2851001562722
2014-01-20,25.22446642050541,24.181206137235403
2014-01-21,25.22326342434684,24.025077425770707
2014-01-22,25.202869780110536,24.011400767154434
2014-01-23,25.163788166043005,23.950605199602215
2014-01-24,25.111848486604654,23.899407586304875
2014-01-25,25.249015713481455,23.666773689444526
2014-01-26,25.306183375004164,23.141399346498083
2014-01-27,25.3139633490082,22.852677937206995
2014-01-28,25.291179111335516,22.412808637590576
2014-01-29,25.361355701725376,22.414179570961792
2014-01-30,25.424254996357266,22.678235544821714
2014-01-31,25.474215257310348,22.628789600795564
2014-02-01,25.41405096118817,22.04265236539282
2014-02-02,25.36958959085346,21.737545105838894
2014-02-03,25.54272191774017,21.77951697684331
2014-02-04,25.522599740868266,21.97000852393806
2014-02-05,25.472324092625104,22.089114931098173
2014-02-06,25.3959637546776,21.509873561585454
2014-02-07,25.309381705964146,21.20589856513709
2014-02-08,25.266826298970113,21.090774257707068
2014-02-09,25.241483239229048,20.98453899701662
2014-02-10,25.14722847054341,20.8827702798693
2014-02-11,25.108405843295692,20.98630487285126
2014-02-12,25.043962665993295,21.05820713169484
2014-02-13,25.034452387654405,20.51026566273618
2014-02-14,25.034946931814492,20.39474499218639
2014-02-15,25.009189965062827,20.456034948146044
2014-02-16,24.92609843279129,20.734487853388266
2014-02-17,24.778801391694532,20.90556613155278
2014-02-18,24.641663058416352,21.082447790879385
2014-02-19,24.57493333360934,21.019617843443676
2014-02-20,24.510277324734187,20.849973007529478
2014-02-21,24.576333245024287,20.5123199318085
2014-02-22,24.767634305560115,20.726750958943033
2014-02-23,24.929218486107917,20.791194771984657
2014-02-24,25.081722811868662,21.325171189089364
2014-02-25,25.16265725899924,21.850875124307425
2014-02-26,25.234067436334765,22.679811052706356
2014-02-27,25.30752934894196,23.11957238244069
2014-02-28,25.363121295161708,23.43735047591988
2014-03-01,25.476010323873254,23.429971586873137
2014-03-02,25.73941306255591,23.65870578207132
2014-03-03,25.986246750504993,23.42539423213525
2014-03-04,25.98970444083851,22.6076729649098
2014-03-05,25.943148325992624,21.934529052422217
2014-03-06,25.904149667185532,21.757539423213522
2014-03-07,25.874304173427813,21.25093763318654
2014-03-08,25.79693974153059,21.121951981815595
2014-03-09,25.785114932774814,22.086483875550506
2014-03-10,25.73323796651988,22.183656769427476
2014-03-11,25.68320040070205,22.008711464696688
2014-03-12,25.632242275722763,21.964820286972586
2014-03-13,25.561369072258838,21.847572098309413
2014-03-14,25.39516015663805,20.872579911919306
2014-03-15,25.319091900685592,20.736094615712464
2014-03-16,25.239672504719024,20.548690154851542
2014-03-17,25.23922554392817,20.325185395652795
2014-03-18,25.339423576845324,20.287358999857936
2014-03-19,25.441584780773017,20.156873135388558
2014-03-20,25.54294395966489,20.152413695127155
2014-03-21,25.543154493823884,20.151029975848846
2014-03-22,25.39618076712919,20.11620826821992
2014-03-23,25.535673369871127,20.774676800681917
2014-03-24,25.634628564095763,20.869168916039207
2014-03-25,25.710221524489217,21.065929819576645
2014-03-26,25.792015576878462,20.746465407018047
2014-03-27,25.82393209590359,20.630683335701097
2014-03-28,25.74065254826638,20.56321778661742
2014-03-29,25.66613554326589,20.211669271203302
2014-03-30,25.640123604993793,20.17359568120472
2014-03-31,25.722958779017816,20.691750248614863
2014-04-01,25.76185703463917,21.340355164085803
2014-04-02,25.659981910454686,21.09472084102856
2014-04-03,25.56619749064475,20.643234834493537
2014-04-04,25.55986884044771,20.876144338684473
2014-04-05,25.557324485876126,20.9663062935076
2014-04-06,25.514444025896605,20.862510299758483
2014-04-07,25.437681205914476,20.764237817871862
2014-04-08,25.253558797231573,20.807215513567275
2014-04-09,25.15164171937606,20.689748543827257
2014-04-10,25.058807062787704,20.661305583179427
2014-04-11,24.872263221512128,20.340948998437284
2014-04-12,24.680298787959046,20.25118056542123
2014-04-13,24.636879781103993,20.309009802528767
2014-04-14,24.709434173924542,20.4071672112516
2014-04-15,24.807136429115424,21.063753374058816
2014-04-16,24.9332281145478,21.57587015201023
2014-04-17,25.00251703397694,21.714230714590137
2014-04-18,25.054811612080613,21.802785907089078
2014-04-19,25.061083592741006,21.761095326040625
2014-04-20,25.05185119796677,21.58154851541412
2014-04-21,25.118543729509526,21.938367665861627
2014-04-22,25.09128971834951,22.21435289103566
2014-04-23,25.12683606815242,22.513126864611447
2014-04-24,25.20071215683683,22.706699815314682
2014-04-25,25.30538946335732,22.80552919448786
2014-04-26,25.460941256581773,23.004452336979682
2014-04-27,25.611476616054645,23.138120471657903
2014-04-28,25.571847286154213,22.935483733484872
2014-04-29,25.52706129747988,22.703375479471514
2014-04-30,25.482112875451154,22.446905810484445
2014-05-01,25.367533571215723,22.235902827106127
2014-05-02,25.231892965360824,22.220947577780937
2014-05-03,25.186672041096802,22.21745560448928
2014-05-04,25.110307770639487,22.45734763460719
2014-05-05,25.050866704473982,22.514887057820708
2014-05-06,25.111661237043432,22.665870152010232
2014-05-07,25.226805829221433,22.739811052706358
2014-05-08,25.286799640692823,22.770667708481323
2014-05-09,25.319802629400268,22.797204148316524
2014-05-10,25.621748621551863,22.85118766870294
2014-05-11,25.714693367718624,23.215713879812476
2014-05-12,25.618550704540215,23.497688592129578
2014-05-13,25.463030640460996,23.439843727802256
2014-05-14,25.44493366476807,23.29398209973007
2014-05-15,25.45449827383517,23.01497087654497
2014-05-16,25.33710894294137,22.967188521096748
2014-05-17,25.15936413385436,22.628440119335135
2014-05-18,25.1273863504653,22.462599801108123
2014-05-19,25.107281600821295,22.53899559596533
2014-05-20,25.16437206096636,22.973156698394664
2014-05-21,25.195424628274356,23.083490552635322
2014-05-22,25.07138604414353,22.65619264100015
2014-05-23,25.009334950491805,22.5730231566984
2014-05-24,24.900436487896112,22.263557323483454
2014-05-25,24.950150987680892,22.095152720556893
2014-05-26,25.094814530416922,22.368881943457882
2014-05-27,25.071261362883728,22.49277596249468
2014-05-28,25.0955726148293,22.52880806932803
2014-05-29,24.968771815081034,22.253132547236827
2014-05-30,24.74622005083285,22.197141639437426
2014-05-31,24.544258887472267,22.234678221338264
2014-06-01,24.473880766301303,22.316286404318795
2014-06-02,24.56595688313413,22.49845006392954
2014-06-03,24.647070963175096,22.485307572098307
2014-06-04,24.82862564989903,22.599997158687323
2014-06-05,24.822542409014137,22.43278306577638
2014-06-06,24.664119552439022,22.109788322204864
2014-06-07,24.429122801933957,22.1349225742293
2014-06-08,24.332153918435573,22.355236539281147
2014-06-09,24.341949303738787,22.64605767864754
2014-06-10,24.498914772162866,22.861775820429052
2014-06-11,24.512069369473796,22.82616848984231
2014-06-12,24.507282801271696,22.588288109106408
2014-06-13,24.576769049905614,22.411069754226453
2014-06-14,24.70900747590823,22.507047876118765
2014-06-15,24.78220876659936,22.704011933513296
2014-06-16,24.884086270987172,22.78738315101577
2014-06-17,24.974024178726353,23.144146895865887
2014-06-18,24.93078252806569,23.26590140644978
2014-06-19,24.833459863562616,22.969112089785476
2014-06-20,24.712157664668673,22.58295354453758
2014-06-21,24.617284457065242,22.24484301747408
2014-06-22,24.519090203497065,22.060515698252598
2014-06-23,24.416947627247794,22.07443528910357
2014-06-24,24.379288422691037,22.030512856939907
2014-06-25,24.27003454399443,21.736714021878107
2014-06-26,24.106936388548544,21.49276601790027
2014-06-27,23.90895229658573,21.12645972439267
2014-06-28,23.671514616518262,20.588200028413127
2014-06-29,23.647787714839282,20.279109248472796
2014-06-30,23.665192361823944,20.182925131410702
2014-07-01,23.685315677054017,19.735367239664726
2014-07-02,23.679670641951226,19.456391532888194
2014-07-03,23.72533989303575,19.757080551214663
2014-07-04,23.709189882273165,20.048440119335137
2014-07-05,23.645643420704005,20.296410001420657
2014-07-06,23.44725034771669,20.52447790879387
2014-07-07,23.41674880782864,20.642571387981253
2014-07-08,23.46271018230291,20.80245915613013
2014-07-09,23.52307429132036,20.719491405029125
2014-07-10,23.467186537570015,20.533139650518546
2014-07-11,23.40130789068448,20.060372211961923
2014-07-12,23.384475858529047,20.091460434720844
2014-07-13,23.423835501043143,19.99191220343799
2014-07-14,23.349845369573174,20.274621395084527
2014-07-15,23.386577805742295,20.53397641710471
2014-07-16,23.459195056628168,20.615010654922585
2014-07-17,23.474557033811323,20.730183264668277
2014-07-18,23.489952706394646,20.643742008808072
2014-07-19,23.555987122065115,20.713794573092773
2014-07-20,23.576074879127102,20.633000426196904
2014-07-21,23.601575322051886,20.629545389970165
2014-07-22,23.436321985627668,20.246080409149027
2014-07-23,23.2290845324039,19.595591703366953
2014-07-24,23.01219340911347,19.51559738599233
2014-07-25,22.81743726611909,19.667293649666146
2014-07-26,22.73079622975797,19.944681062650947
2014-07-27,22.66030698413741,19.975705355874418
2014-07-28,22.647429483889155,19.819399062366816
2014-07-29,22.522443992780723,19.551954823128284
2014-07-30,22.435304479749615,19.422633896860347
2014-07-31,22.276010572242274,19.169667566415683
2014-08-01,22.31331887273568,18.8622346924279
2014-08-02,22.382235135112705,19.07298337832079
2014-08-03,22.369374213498006,19.240875124307433
2014-08-04,22.463912433354295,19.535456741014354
2014-08-05,22.471244680762993,20.154115641426337
2014-08-06,22.409049201907447,20.079553913908224
2014-08-07,22.186462065768133,19.976221054127002
2014-08-08,22.189912160148342,19.670296917175737
2014-08-09,22.04795215584331,19.338685892882516
2014-08-10,21.95707733798055,19.420576786475348
2014-08-11,21.904415898102503,19.316276459724396
2014-08-12,21.897774551279948,19.294243500497227
2014-08-13,21.885709797330865,19.466635885779233
2014-08-14,21.96354610971287,19.201264384145475
2014-08-15,21.962142762526057,19.03574513425203
2014-08-16,21.935873265556136,18.938077851967613
2014-08-17,22.01664563118847,19.008177297911637
2014-08-18,22.037746858131666,18.93235260690439
2014-08-19,22.007961117826248,18.957128853530335
2014-08-20,21.999539316819497,19.071588293791734
2014-08-21,22.03721160214592,19.324421082540134
2014-08-22,21.964377131834276,18.93992896718284
2014-08-23,21.786017112627064,18.559086517971302
2014-08-24,21.578989075901582,18.131032817161525
2014-08-25,21.538910632678686,18.142486148600657
2014-08-26,21.453507053680795,18.05401477482597
2014-08-27,21.34532861294169,17.77883790311124
2014-08-28,21.383398868265065,17.830886489558175
2014-08-29,21.513557182832734,18.339068049438847
2014-08-30,21.521189025399917,18.401682057110385
2014-08-31,21.49231657946155,17.89738030970308
2014-09-01,21.405704581580924,17.65985935502202
2014-09-02,21.386592045567426,17.440757209830945
2014-09-03,21.437640183627394,17.707769569541128
2014-09-04,21.45949510712989,17.81946157124592
2014-09-05,21.304098565254808,17.78687313538855
2014-09-06,21.043059430572562,17.72671402187811
2014-09-07,21.01502301553135,17.79851541412133
2014-09-08,21.169359911580617,17.987755362977694
2014-09-09,21.213398330132172,18.219845148458585
2014-09-10,21.20160204242144,18.179309561017188
2014-09-11,21.097964677782578,18.041447648813758
2014-09-12,21.11534707504057,18.835459582327033
2014-09-13,21.145694957280554,19.20364398352039
2014-09-14,21.027878059078738,19.19359426054837
2014-09-15,20.998084764214948,19.476513709333716
2014-09-16,21.161144546643673,19.453408154567416
2014-09-17,21.388402780077467,19.401988918880527
2014-09-18,21.53025511640224,19.65276459724393
2014-09-19,21.626967827929917,19.76735047591988
2014-09-20,21.666146264529598,19.74029833783208
2014-09-21,21.863431383912275,19.696297769569547
2014-09-22,21.84150877984573,19.702790169058105
2014-09-23,21.78984118869427,19.637192783065775
2014-09-24,21.669185618604462,19.148089217218356
2014-09-25,21.594165542106797,18.818620542690724
2014-09-26,21.507794855449205,18.90356016479613
2014-09-27,21.558298630658648,18.899485722403757
2014-09-28,21.524942130012814,18.813607046455466
2014-09-29,21.47821323310262,18.785733769001283
2014-09-30,21.411544462198226,18.899900554055975
2014-10-01,21.514047690995817,19.19695127148743
2014-10-02,21.655231272974092,19.27890325330303
2014-10-03,21.686693856177737,19.47251456172752
2014-10-04,21.69995924677948,19.763994885637167
2014-10-05,21.716924177070524,19.871552777383158
2014-10-06,21.582603093850356,19.57449637732633
2014-10-07,21.437339553598,19.50991191930672
2014-10-08,21.29058242540651,19.17356300610882
2014-10-09,21.183071021127937,18.494823128285265
2014-10-10,21.050193065536337,18.067363261826966
2014-10-11,20.923204974831936,17.46226310555477
2014-10-12,20.967290914660424,17.39729507032249
2014-10-13,21.153726053084753,17.929786901548514
2014-10-14,21.22159800642446,18.12040772837051
2014-10-15,21.282839251415734,18.70421082540134
2014-10-16,21.49732001523326,18.799339394800402
2014-10-17,21.578362420107993,18.605337405881514
2014-10-18,21.59363823393049,19.118388975706775
2014-10-19,21.601584946352244,20.69696547805086
2014-10-20,21.52687040517274,21.11775678363404
2014-10-21,21.404156062688305,21.046961216081826
2014-10-22,21.399668261747784,20.14302741866743
2014-10-23,21.420527556545345,19.91170052564285
2014-10-24,21.428660773421157,19.720316806364536
2014-10-25,21.38452410421569,19.29446654354312
2014-10-26,21.375796933470244,19.082150873703654
2014-10-27,21.252184943868606,18.797739735757922
2014-10-28,21.153589801967097,18.28540843869868
2014-10-29,21.072485242739386,18.066240943315815
2014-10-30,21.1527608495877,17.84929251314107
2014-10-31,21.336710662483007,18.444244921153572
2014-11-01,21.51524994204727,18.760873703651086
2014-11-02,21.709236306586767,18.928011081119475
2014-11-03,21.87095305411127,19.204291802812897
2014-11-04,22.014689145444905,19.11724676800682
2014-11-05,22.151049462694996,19.17985651370934
2014-11-06,22.19101984468654,19.215102997584886
2014-11-07,22.16008670149344,19.083999147606196
2014-11-08,22.114751693048973,19.09472652365393
2014-11-09,22.164827693976246,19.010457451342525
2014-11-10,22.374302807398138,19.580073874129848
2014-11-11,22.543520300029808,19.78337121750249
2014-11-12,22.64182213878858,19.802135246483875
2014-11-13,22.821593535781684,19.734050291234556
2014-11-14,22.959677368612823,19.723162381020032
2014-11-15,23.02741259479417,19.906191220343807
2014-11-16,23.001971677650097,20.255750816877406
2014-11-17,22.77090743699703,19.5396846142918
2014-11-18,22.771086738748934,19.596118766870298
2014-11-19,22.765886056561893,19.704053132547234
2014-11-20,22.69568396695036,19.766390112231853
2014-11-21,22.544548672053576,19.19340815456741
2014-11-22,22.409602982084337,18.99097030828243
2014-11-23,22.40989510547403,19.125742292939343
2014-11-24,22.486820772758904,18.980238670265667
2014-11-25,22.53692483938791,18.87582184969456
2014-11-26,22.58973140957716,19.016275039068052
2014-11-27,22.60445778968111,19.35351470379315
2014-11-28,22.536910392588656,19.26711322631056
2014-11-29,22.5256676159883,19.55905242221907
2014-11-30,22.48940066480115,19.66235402756074
2014-12-01,22.36639686889427,19.393760477340535
2014-12-02,22.190405772924475,18.949258417388837
2014-12-03,22.023656799516488,18.577229720130706
2014-12-04,22.011882968506853,18.8245546242364
2014-12-05,22.138687866344366,19.288488421650808
2014-12-06,22.202212326555664,19.266691291376617
2014-12-07,22.167428511110355,18.916162807216935
2014-12-08,22.16815379011161,19.012487569256997
2014-12-09,22.27357314054375,18.83005114362836
2014-12-10,22.47631246481437,19.28889046739594
2014-12-11,22.605971040169603,19.6253629776957
2014-12-12,22.60082466801332,19.70581900838187
2014-12-13,22.707672326721212,19.930953260406312
2014-12-14,22.913654481405484,20.6918994175309
2014-12-15,22.879409564691894,20.94173462139508
2014-12-16,22.835435183958655,21.018360562579907
2014-12-17,22.777832669636005,21.062935076005118
2014-12-18,22.761810237771932,20.550181844011938
2014-12-19,22.755203020995545,19.908589288251175
2014-12-20,22.78067171407759,19.541814178150304
2014-12-21,22.81200541444514,19.315080267083392
2014-12-22,22.90990042471108,19.132639579485726
2014-12-23,22.929213560121894,18.950792726239523
2014-12-24,22.92284268718753,18.888884784770568
2014-12-25,23.084368107759072,19.496716863190787
2014-12-26,23.131366629963267,19.774675380025567
2014-12-27,23.100285479517865,19.56871998863475
2014-12-28,23.2236483549691,19.940647819292515
2014-12-29,23.5741182691989,20.27145475209547
2014-12-30,23.734851909957964,20.420456030686182
2014-12-31,23.801005542769243,20.45994033243359
2015-01-01,23.74928703596384,20.608937349055267
2015-01-02,23.808972083319542,21.379005540559735
2015-01-03,23.807482158823735,21.60850546952692
2015-01-04,23.89382351723689,21.686436993891185
2015-01-05,24.002679943371817,21.930227305014924
2015-01-06,24.106502612014452,22.187346213950853
2015-01-07,24.13328863380468,22.620728796704086
2015-01-08,24.172592103520277,22.69137945730927
2015-01-09,24.211735395900224,22.605466685608754
2015-01-10,24.297427724608482,22.20221906520813
2015-01-11,24.327898094181506,22.01993180849553
2015-01-12,24.324901149120787,21.963028839323773
2015-01-13,24.37874052058155,21.721959085097325
2015-01-14,24.423904237175844,21.475338826537865
2015-01-15,24.47171565056136,21.20202727660179
2015-01-16,24.575826737755403,21.44011365250746
2015-01-17,24.69016338543558,21.504818866316242
2015-01-18,24.814786961453194,21.67860491547095
2015-01-19,24.870435390932933,21.518629066628787
2015-01-20,24.852287023545387,21.18288393237676
2015-01-21,25.007856388879734,21.382470521380885
2015-01-22,25.120608938801823,21.48488563716438
2015-01-23,25.09755302679081,21.293132547236823
2015-01-24,25.05104830363945,21.785441113794572
2015-01-25,25.169398781335904,22.02120897854809
2015-01-26,25.18678337252052,21.693899701662165
2015-01-27,25.31723919180717,22.39975280579628
2015-01-28,25.27390378183264,22.598192925131414
2015-01-29,25.180139459217823,22.517360420514276
2015-01-30,24.985833981852533,22.18586020741583
2015-01-31,24.958922368116035,22.16975422645263
2015-02-01,24.982342202867848,22.261704787611876
2015-02-02,25.02489061413387,22.151376615996593
2015-02-03,25.050022622280398,22.028163091348205
2015-02-04,24.99234505911178,21.64362977695696
2015-02-05,25.031471648673726,21.663955107259557
2015-02-06,25.088153500347715,21.99428612018753
2015-02-07,25.15392067092754,22.00195624378463
2015-02-08,25.28257047471602,22.509149026850405
2015-02-09,25.49131060204659,23.07668418809491
2015-02-10,25.48091314948507,23.19705924136952
2015-02-11,25.548032399741665,22.89625088791021
2015-02-12,25.509880327515955,22.692432163659614
2015-02-13,25.46638401579626,22.60435289103566
2015-02-14,25.439681218332982,22.587526637306436
2015-02-15,25.560849173759017,22.718080693280296
2015-02-16,25.744293265887332,22.788442960647824
2015-02-17,25.74596696277771,22.931670691859644
2015-02-18,25.643761714739846,22.956009376331867
2015-02-19,25.684798324336853,23.184824548941616
2015-02-20,25.81131045716469,23.441098167353317
2015-02-21,26.000389049408913,23.482926552067056
2015-02-22,25.976972671126216,23.267873277454193
2015-02-23,25.806796846541072,22.75209830941896
2015-02-24,25.70182037950795,22.537015201022875
2015-02-25,25.617099132364125,22.153044466543545
2015-02-26,25.701498824386576,22.784193777525218
2015-02-27,25.75846245074019,23.55558744139792
2015-02-28,25.792282511507715,23.40812047165791
2015-03-01,25.59794853379475,22.335313254723683
2015-03-02,25.651714160347066,22.383261826964066
2015-03-03,25.676576253435773,22.12412700667708
2015-03-04,25.705508887472277,21.88979684614293
2015-03-05,25.710261594694828,21.740644977979823
2015-03-06,25.822065416266504,21.954171047023728
2015-03-07,25.81107885303181,21.751049865037647
2015-03-08,25.74879967380865,21.377091916465407
2015-03-09,25.771356508924704,21.073051569825257
2015-03-10,25.831144111997904,20.84952834209405
2015-03-11,26.063889831771352,21.739477198465696
2015-03-12,26.21493422359837,21.822685040488714
2015-03-13,26.343098610789212,21.963973575792018
2015-03-14,26.450603391893207,22.274334422503195
2015-03-15,26.67277537917674,24.322993322915192
2015-03-16,26.73154377918335,24.58117914476489
2015-03-17,26.780331407093392,24.456050575365815
2015-03-18,26.810628766930492,24.02585026282143
2015-03-19,26.886838717422222,23.984777667282287
2015-03-20,27.09924313673542,24.67603636880238
2015-03-21,27.148148553664296,25.149325188236972
2015-03-22,27.246935809020766,25.190963205000713
2015-03-23,27.432342658211027,25.534979400483028
2015-03-24,27.5555862751267,25.553810200312547
2015-03-25,27.638964197602412,25.772429322346923
2015-03-26,27.664606914594213,26.18552777383151
2015-03-27,27.58606635178988,25.940173320073878
2015-03-28,27.592990653044957,25.6567893166643
2015-03-29,27.515717724442776,24.9985409859355
2015-03-30,27.415989605755456,24.298093479187386
2015-03-31,27.344923585124352,24.307205568972858
2015-04-01,27.424644314832513,24.279687455604485
2015-04-02,27.26686448571047,22.98851683477767
2015-04-03,27.15453399758253,22.596819150447512
2015-04-04,26.855074945358815,22.183361272908087
2015-04-05,26.512496522833445,21.83742719136241
2015-04-06,26.464805464946817,21.673294502059953
2015-04-07,26.48353433288079,21.55088364824549
2015-04-08,26.481542516640733,21.484942463418097
2015-04-09,26.388059223598415,21.82270919164655
2015-04-10,26.35621671854825,21.78995453899702
2015-04-11,26.452997959234374,22.261406449779805
2015-04-12,26.533309662383658,22.882048586446935
2015-04-13,26.496249648143866,22.448734195198185
2015-04-14,26.5149983028116,22.66809774115642
2015-04-15,26.621515196045962,23.063095610171903
2015-04-16,26.73476280756371,23.116537860491547
2015-04-17,26.7976748311091,22.88595681204717
2015-04-18,26.712556483259903,22.28837903111238
2015-04-19,26.589336275126705,21.82609745702515
2015-04-20,26.603108048812764,21.67245631481745
2015-04-21,26.586871377951425,21.62088648955817
2015-04-22,26.588500140742475,21.731880948998437
2015-04-23,26.55152664171943,21.703734905526353
2015-04-24,26.634205777891854,22.11586446938486
2015-04-25,26.643186595522767,22.026790737320642
2015-04-26,26.567551164022877,22.014759198749818
2015-04-27,26.498453136901023,21.73378889046741
2015-04-28,26.43860035765143,22.116137235402757
2015-04-29,26.27599397291123,22.62558744139793
2015-04-30,26.309676499321085,23.051143628356314
2015-05-01,26.37252792081996,23.420622247478327
2015-05-02,26.315224504917747,23.296436993891177
2015-05-03,26.345631416200213,23.554968035232278
2015-05-04,26.49320979733082,23.701495951129427
2015-05-05,26.59466828244532,23.724432447790875
2015-05-06,26.58473962645298,23.36512572808638
2015-05-07,26.49386718879363,23.158215655632908
2015-05-08,26.412803879524464,23.392284415399914
2015-05-09,26.260116940424567,23.354033243358437
2015-05-10,26.205303920919263,23.38816451200455
2015-05-11,26.22884183445379,23.400207415826117
2015-05-12,26.20214576365201,23.310073874129856
2015-05-13,26.12950483491739,23.289471515840322
2015-05-14,25.941254325760834,22.997738315101582
2015-05-15,25.893908811305735,23.266302031538572
2015-05-16,25.95446890419576,23.781017189941753
2015-05-17,25.9139127438156,23.735081687739747
2015-05-18,25.857338477332128,23.480082398067907
2015-05-19,25.809210683180467,23.118016763744855
2015-05-20,25.753117217769958,22.794644125586025
2015-05-21,25.755127537503725,22.74742150873704
2015-05-22,25.71317061711434,22.739779798266802
2015-05-23,25.73702890601713,22.517927262395226
2015-05-24,25.67305402854587,22.499771274328744
2015-05-25,25.535585260953106,22.584276175593125
2015-05-26,25.455212107163003,22.660833925273476
2015-05-27,25.39735795360468,22.809946015058955
2015-05-28,25.375848304467347,22.9543344225032
2015-05-29,25.332524360863655,23.240967466969746
2015-05-30,25.28561622429384,23.07732490410569
2015-05-31,25.33115249445302,22.852261684898423
2015-06-01,25.287611393515903,22.779541128001135
2015-06-02,25.278761052422418,22.513384003409577
2015-06-03,25.259996750505035,22.314102855519256
2015-06-04,25.338821778653525,22.34348771132263
2015-06-05,25.3555583543068,22.492253160960367
2015-06-06,25.344207019736974,22.69761613865606
2015-06-07,25.202427000198707,22.628621963347065
2015-06-08,25.289681176938103,22.585262111095325
2015-06-09,25.467892195416805,22.38130842449212
2015-06-10,25.593750227671563,22.4966316238102
2015-06-11,25.577111757790508,22.545142775962496
2015-06-12,25.521090484981965,22.382263105554767
2015-06-13,25.459511851342853,22.339551072595548
2015-06-14,25.339264848329336,22.00852535871573
2015-06-15,25.175103983839403,21.60844011933514
2015-06-16,25.07468063880532,21.666952692143767
2015-06-17,25.046080363943428,22.0136638727092
2015-06-18,24.907821182567883,21.80276175593124
2015-06-19,24.904718618571415,21.77511720414832
2015-06-20,25.022973743252685,21.89341383719279
2015-06-21,25.059836428287596,21.992042903821567
2015-06-22,25.02107336821542,21.859230004261967
2015-06-23,25.02858433784816,21.93789458729933
2015-06-24,24.92722797380526,21.80990055405598
2015-06-25,24.732680357320312,21.65664867168632
2015-06-26,24.556103317382515,21.518950134962356
2015-06-27,24.567586577308916,21.534455178292372
2015-06-28,24.632272928602223,21.561900838187245
2015-06-29,24.756809202901024,21.667954254865744
2015-06-30,24.888060072192626,22.137121750248614
2015-07-01,25.00548313988146,22.00824264810343
2015-07-02,25.099125823757355,21.917272339821004
2015-07-03,25.019095150180522,21.833328597812198
2015-07-04,24.88005834602775,21.473462139508463
2015-07-05,24.774486455608198,21.27759624946725
2015-07-06,24.658579225585306,21.14899701662168
2015-07-07,24.540359472795345,21.15849836624521
2015-07-08,24.551174557903106,21.236554908367673
2015-07-09,24.671680816803036,21.406486716863196
2015-07-10,24.719653628671786,21.675364398352045
2015-07-11,24.791226798191907,21.732041483165226
2015-07-12,24.79441997549428,21.89192783065777
2015-07-13,24.685928610458017,21.832403750532745
2015-07-14,24.519686558267388,21.552572808637596
2015-07-15,24.491974927145016,21.638519676090358
2015-07-16,24.43528144352087,21.736441255860214
2015-07-17,24.405337388647872,21.76588719988635
2015-07-18,24.558433702023393,21.813797414405453
2015-07-19,24.466867631718298,21.72891035658474
2015-07-20,24.29929140311955,21.684827390254302
2015-07-21,24.204982552074707,21.804510583889755
2015-07-22,24.14731080488124,21.83227589146186
2015-07-23,24.10076530781204,21.44929961642279
2015-07-24,23.97254319551615,21.40954965193919
2015-07-25,23.79366843146669,21.4243443670976
2015-07-26,23.699426391694555,21.02909504190936
2015-07-27,23.652641653144325,20.82992470521381
2015-07-28,23.601353445706494,20.535736610313975
2015-07-29,23.487868869424112,20.53320358005399
2015-07-30,23.49496059211185,20.78696263673817
2015-07-31,23.48249354240489,21.090822560022733
2015-08-01,23.502284767526493,21.005676942747556
2015-08-02,23.470532482531386,20.76235686887341
2015-08-03,23.45479120442434,20.703258985651367
2015-08-04,23.423849182037902,20.920282710612305
2015-08-05,23.396411191509088,21.205990907799407
2015-08-06,23.338038815942006,21.22483449353602
2015-08-07,23.218322681061007,21.20106265094474
2015-08-08,23.009926896711633,21.05945446796421
2015-08-09,22.781131962612175,20.57178150305441
2015-08-10,22.714148653011915,19.91915186816309
2015-08-11,22.595854803457307,19.75573661031397
2015-08-12,22.44235840894788,19.589141923568697
2015-08-13,22.274644997847457,19.461471799971587
2015-08-14,22.20206032470113,19.580197471231717
2015-08-15,22.17053028860477,19.811491689160388
2015-08-16,22.223922078352143,19.62323909646257
2015-08-17,22.259294010994502,19.459785480892172
2015-08-18,22.33003307447761,19.757999715868735
2015-08-19,22.612313060900085,19.852010228725675
2015-08-20,22.673039022916207,19.344635601647962
2015-08-21,22.760466913103922,19.310254297485443
2015-08-22,22.77303229625458,19.576691291376616
2015-08-23,22.72707303291722,19.934180991618124
2015-08-24,22.643482320263523,19.91083960789885
2015-08-25,22.474927248567706,20.095182554340113
2015-08-26,22.423095175017362,20.19765591703367
2015-08-27,22.322979497135538,20.35942037221196
2015-08-28,22.302275681359063,20.55793720698963
2015-08-29,22.338686603801694,20.55896434152579
2015-08-30,22.524351653309964,20.531689160392098
2015-08-31,22.87542431781307,20.455044750674812
2015-09-01,22.97007312398579,21.014767722687886
2015-09-02,22.981390411299074,21.190981673533177
2015-09-03,22.967779270291775,21.12794857224038
2015-09-04,22.91467455376364,20.82188236965478
2015-09-05,22.868787648607494,20.793807358999857
2015-09-06,22.868391520680866,21.075296206847568
2015-09-07,22.77621253766939,20.989471515840314
2015-09-08,22.66064934016625,20.64331154993607
2015-09-09,22.471985586316496,20.029801108111954
2015-09-10,22.358979099745014,19.65319505611593
2015-09-11,22.336050601053135,19.602311407870435
2015-09-12,22.31064811901845,19.326945588862053
2015-09-13,22.37579829949999,19.3385836056258
2015-09-14,22.54353609216153,19.28253445091633
2015-09-15,22.801701265854184,19.580684756357435
2015-09-16,22.916084772493956,19.90331439124876
2015-09-17,22.963491551313044,20.26494956669982
2015-09-18,22.901731898036182,20.51957238244069
2015-09-19,22.94609447958399,21.754732206279304
2015-09-20,22.98568957595125,22.67823270350902
2015-09-21,23.075188160247734,22.81288677368944
2015-09-22,23.190745790144696,22.75859355022021
2015-09-23,23.25175907374907,22.24826537860492
2015-09-24,23.247511590555373,22.02771558460009
2015-09-25,23.200795567440455,21.93284415399915
2015-09-26,23.214946207404754,21.67124449495667
2015-09-27,23.21177701841243,21.460535587441402
2015-09-28,23.18994469649303,21.320031254439552
2015-09-29,23.119826783289746,21.228255434010517
2015-09-30,23.02213686376132,21.161733200738748
2015-10-01,23.176949552107832,21.128140360846714
2015-10-02,23.336231351624257,21.518961500213106
2015-10-03,23.39924332301226,21.805647108964347
2015-10-04,23.48636532602585,22.0462537292229
2015-10-05,23.572931210053977,22.325827532319927
2015-10-06,23.52014001804817,22.411005824691006
2015-10-07,23.444189654601423,22.363341383719284
2015-10-08,23.308168505977452,22.052199176019318
2015-10-09,23.146820006954357,21.879021167779516
2015-10-10,23.15484888813461,21.81461287114647
2015-10-11,23.153328020995467,21.288334990765733
2015-10-12,23.137905835016703,21.115587441397924
2015-10-13,23.115970750405687,21.183688023867028
2015-10-14,23.05645722257177,21.144655490836772
2015-10-15,23.075636404278615,21.306120187526634
2015-10-16,23.114433759976144,21.222166500923432
2015-10-17,23.09064739460874,20.812812899559596
2015-10-18,23.06212243765936,20.620218781076858
2015-10-19,23.068473730834228,20.67273760477341
2015-10-20,23.115947921151072,20.811683477766735
2015-10-21,23.111033401496815,20.580815456741014
2015-10-22,23.03807814104046,20.525759340815465
2015-10-23,23.018796921051756,20.548987072027277
2015-10-24,23.03033074477597,20.711397925841737
2015-10-25,23.041978528496234,20.904163943742013
2015-10-26,23.037030313441683,20.839539707344798
2015-10-27,23.13721371328279,20.607246768006824
2015-10-28,23.22966718548202,20.589865037647396
2015-10-29,23.295695226346954,20.762101150731638
2015-10-30,23.37590278007747,20.85638869157551
2015-10-31,23.472532805411102,20.823398209973004
2015-11-01,23.627823749047987,20.89955675522092
2015-11-02,23.696643064708407,20.955421224605775
2015-11-03,23.693990814484845,21.217624662594112
2015-11-04,23.587146798523012,21.0457707060662
2015-11-05,23.534747801933978,21.134621395084526
2015-11-06,23.506090795443228,21.104479329450207
2015-11-07,23.485554380402046,20.7824023298764
2015-11-08,23.52837525250854,20.551726097457035
2015-11-09,23.588782536344727,20.758771132263107
2015-11-10,23.57727137629563,20.886468248330726
2015-11-11,23.529919983773183,20.98239096462565
2015-11-12,23.60412816256585,21.35958516834778
2015-11-13,23.657082056992422,21.500887910214516
2015-11-14,23.70027417872641,22.211123739167494
2015-11-15,23.650832119084658,22.31154283278875
2015-11-16,23.647931561910127,22.37719704503481
2015-11-17,23.7444701667384,22.382687881801388
2015-11-18,23.86368436848032,22.542160818298058
2015-11-19,23.79381114017949,22.313845716721122
2015-11-20,23.81116004901155,22.181386560591
2015-11-21,23.837475080305907,22.045779230004268
2015-11-22,23.83559763801037,21.98881091064072
2015-11-23,23.960154568334612,22.798075010654923
2015-11-24,24.040345543431464,23.479694558886205
2015-11-25,24.09301279928469,23.372746128711473
2015-11-26,24.155195052488637,23.06932660889331
2015-11-27,24.399260791634955,23.23106691291376
2015-11-28,24.425725630857396,23.332322773121177
2015-11-29,24.371569671656165,23.80000284131269
2015-11-30,24.360876804815117,24.106137235402755
2015-12-01,24.382173477497854,24.060882227589147
2015-12-02,24.46141870467265,24.167542264526222
2015-12-03,24.610427091267358,23.934470805512152
2015-12-04,24.744734307215936,23.672443528910367
2015-12-05,24.837842914859078,23.66592981957665
2015-12-06,24.897005559327063,23.855547663020314
2015-12-07,24.942164329238043,24.190910640716012
2015-12-08,24.8175483698712,24.238694416820568
2015-12-09,24.793520279332384,24.324628498366252
2015-12-10,24.800947258833663,24.35460860917744
2015-12-11,24.85294507732559,24.28282852677938
2015-12-12,24.96230639633078,24.203807358999857
2015-12-13,25.08245289267153,24.188333570109393
2015-12-14,25.129289892207865,24.21161386560591
2015-12-15,25.105100279001203,24.166023582895303
2015-12-16,24.994081738252156,23.990980252876824
2015-12-17,24.934121601483646,24.082007387412983
2015-12-18,25.00771649501608,23.97562011649383
2015-12-19,25.0775894542504,23.81875550504334
2015-12-20,25.15929047173558,23.574914050291238
2015-12-21,25.189635642613542,23.463631197613296
2015-12-22,25.275791593535786,23.44245631481745
2015-12-23,25.303732883233465,23.480872282994742
2015-12-24,25.356099695333945,23.334517687171477
2015-12-25,25.329252574759053,23.53659752805796
2015-12-26,25.377079076563938,23.689615002130985
2015-12-27,25.356719790045375,23.653979258417387
2015-12-28,25.402147585025,23.755762182128148
2015-12-29,25.49300394078883,23.73159255576076
2015-12-30,25.525665401364346,23.462021593976424
2015-12-31,25.519363388747294,23.209647677226886
2016-01-01,25.39218339156208,22.93113084244921
2016-01-02,25.351744999503325,22.920360846711183
2016-01-03,25.25156429032684,22.86146611734621
2016-01-04,25.325918054773684,22.726768006819153
2016-01-05,25.492504367155707,22.647833499076572
2016-01-06,25.60105395403518,22.70346640147748
2016-01-07,25.622186806636456,22.65013354169627
2016-01-08,25.50781900933871,22.547305014916898
2016-01-09,25.543706473325155,22.503608467111807
2016-01-10,25.574584271616406,22.380035516408583
2016-01-11,25.57522684372625,22.53181701946299
2016-01-12,25.513212632877522,22.615347350475925
2016-01-13,25.54380466188694,22.69574229293934
2016-01-14,25.62550965327683,22.78764455178293
2016-01-15,25.679142837036824,22.822032959227165
2016-01-16,25.560089764711726,22.83636169910499
2016-01-17,25.48205688892941,22.925374342946448
2016-01-18,25.550688665264765,23.266221054127
2016-01-19,25.521733367553097,23.358339252734766
2016-01-20,25.604910028314123,23.285502202017337
2016-01-21,25.930769033347723,23.454950987356167
2016-01-22,25.98345947031158,23.642400909220065
2016-01-23,25.944445743782545,23.586498082113934
2016-01-24,25.962754454084866,23.551343940900693
2016-01-25,26.00052356194329,23.84258559454467
2016-01-26,26.13562311653473,24.257164369938916
2016-01-27,26.161590824419655,24.337772410853812
2016-01-28,26.179165086763486,24.333396789316666
2016-01-29,26.30051969152567,24.347708481318378
2016-01-30,26.48187057075204,24.466178434436706
2016-01-31,26.612052066430426,24.71960363688024
2016-02-01,26.626846106401302,24.73470947577781
2016-02-02,26.63329685068054,24.748445801960514
2016-02-03,26.638226458754144,24.525418383293083
2016-02-04,26.764196526145003,25.115164085807653
2016-02-05,26.802387488823356,25.270193209262686
2016-02-06,26.779064248931956,25.066574797556477
2016-02-07,26.628503638606418,24.77607046455463
2016-02-08,26.56597230271212,24.5655533456457
2016-02-09,26.69268706328439,24.752301463276034
2016-02-10,26.96272692651594,24.83421082540134
2016-02-11,27.016282970990503,24.833180849552498
2016-02-12,26.940260290757347,24.679641994601514
2016-02-13,26.915626986952404,24.792768859212956
2016-02-14,26.910935109447944,24.81132547236824
2016-02-15,26.93563932261487,24.766138656059102
2016-02-16,26.842167723614892,24.86011649382014
2016-02-17,27.13555872686036,25.268414547520955
2016-02-18,27.376494395138593,25.510461713311553
2016-02-19,27.403400296387048,25.430690438982815
2016-02-20,27.386674276418248,25.431542832788754
2016-02-21,27.31143296519519,25.44256144338685
2016-02-22,27.375334884259956,25.50865037647393
2016-02-23,27.443900904891237,25.63146185537719
2016-02-24,27.508180924429528,25.632751811336835
2016-02-25,27.451511656787115,25.114651228867743
2016-02-26,27.483095216412227,25.144904105696835
2016-02-27,27.505340203497042,25.092416536439835
2016-02-28,27.530054579097293,25.082057110385
2016-02-29,27.55966985544924,25.214631339678938
2016-03-01,27.532281683610904,25.114899843727805
2016-03-02,27.40121814667016,25.129489984372785
2016-03-03,27.292399348445212,25.119998579343658
2016-03-04,27.133253572374738,25.057579201591132
2016-03-05,27.122977489485734,25.044618553771848
2016-03-06,27.17103867933901,25.046851825543403
2016-03-07,27.624027635195485,25.93404887057821
2016-03-08,27.606038679338976,26.016768006819156
2016-03-09,27.658514028711497,25.946202585594552
2016-03-10,27.74070636155912,25.877563574371365
2016-03-11,27.70902618637615,25.870538428754084
2016-03-12,27.710563135410833,25.202075578917466
2016-03-13,27.769106161208008,24.968343514703797
2016-03-14,27.848127318110944,24.794313112658052
2016-03-15,27.890065941980957,24.61738030970309
2016-03-16,27.783157577739438,24.285880096604636
2016-03-17,27.67098186492034,24.02696263673818
2016-03-18,27.69183753766928,23.948768290950426
2016-03-19,27.744941985130954,23.732125301889482
2016-03-20,27.77105765887334,23.54424207984089
2016-03-21,27.805886056561842,23.098077851967606
2016-03-22,27.74302182335997,23.466017900269932
2016-03-23,27.635011445673413,23.603689444523372
2016-03-24,27.60665316504949,23.4877354737889
2016-03-25,27.557084043944766,23.31843727802245
2016-03-26,27.531103669238657,23.601072595539137
2016-03-27,27.497238446700017,23.738792442108256
2016-03-28,27.526150052157565,23.794031822702088
2016-03-29,27.605604550948804,23.87154141213241
2016-03-30,27.599556806139667,23.65362835630061
2016-03-31,27.639627612014472,23.837361841170615
2016-04-01,27.705585012584056,23.806515129990057
2016-04-02,27.765650250852683,23.868586446938487
2016-04-03,27.68586159221106,24.14363830089502
2016-04-04,27.539408281451877,23.77303452194914
2016-04-05,27.302299835248526,23.63923994885638
2016-04-06,27.057476342848684,23.20179570961785
2016-04-07,26.795585881875663,22.67695979542549
2016-04-08,26.464159374275585,22.271788606336134
2016-04-09,26.048041278935003,21.994127006677086
2016-04-10,25.84964083766594,21.609346498082115
2016-04-11,25.708259533231725,21.37255576076148
2016-04-12,25.590691852667497,21.269458729933227
2016-04-13,25.577426068814773,21.817083392527355
2016-04-14,25.538655123025432,21.954166785054696
2016-04-15,25.54869486207234,21.8396320500071
2016-04-16,25.645630236447317,21.792554340105116
2016-04-17,25.64980401612748,21.846110242932237
2016-04-18,25.588515622412736,21.7899801108112
2016-04-19,25.49211130244731,21.487694274754936
2016-04-20,25.375024692022365,20.905362977695695
2016-04-21,25.02128982183665,20.059059525500786
2016-04-22,24.847079987250435,20.05639579485722
2016-04-23,24.871274588535336,20.418631907941474
2016-04-24,24.940170194886935,19.9356556329024
2016-04-25,25.09190979236348,20.746218212814327
2016-04-26,25.082925745935064,20.346834777667286
2016-04-27,25.204942316289667,21.0371572666572
2016-04-28,25.215734779117117,20.013804517687166
2016-04-29,25.21304140311959,19.90607898849268
2016-04-30,25.18605799003211,20.802339820997304
2016-05-01,25.379980420240408,21.197260974570256
2016-05-02,25.68079362188299,21.765249325188233
2016-05-03,25.566325193727792,21.72148884784771
2016-05-04,25.468908997582595,21.506138656059104
2016-05-05,25.45538846988112,21.668809489984373
2016-05-06,25.38722629731428,21.253919590850977
2016-05-07,25.2471502963871,21.146559170336698
2016-05-08,25.166096735602885,20.707738315101583
2016-05-09,25.339517646620532,21.13502202017332
2016-05-10,25.19929301751829,20.760602358289535
2016-05-11,25.483425692121767,21.33239664725103
2016-05-12,25.527050348544584,21.663092768859215
2016-05-13,25.459482212636978,21.382128143202163
2016-05-14,25.35689983690437,21.485451058388975
2016-05-15,25.31671591962784,21.17355448217076
2016-05-16,25.041021707454423,20.56861770137803
2016-05-17,24.960557505712444,20.346992470521382
2016-05-18,24.534189882273047,20.15850973149595
2016-05-19,24.480007927111934,20.062885353033092
2016-05-20,24.35229387439152,19.91631907941469
2016-05-21,24.39038737291788,19.87373064355732
2016-05-22,24.356118178130263,19.834010512856942
2016-05-23,24.351909833758352,19.903467822133827
2016-05-24,24.250386607113256,19.901363830089505
2016-05-25,24.308096851508495,19.45280721693422
2016-05-26,24.297266657283828,19.958099161812754
2016-05-27,24.16904553846411,19.401812757493968
2016-05-28,23.99357251962111,19.75794146895866
2016-05-29,23.925904518660772,19.788448643273195
2016-05-30,23.81196880070861,19.474485012075586
2016-05-31,23.771060742789007,19.554047449921864
2016-06-01,23.797244511044134,19.442426481034236
2016-06-02,24.25160980395398,19.38487711322631
2016-06-03,24.434458141537213,19.852825685466698
2016-06-04,24.37598788786967,19.497670123597107
2016-06-05,24.275949908103538,19.534848700099445
2016-06-06,24.125483533132417,19.095510725955393
2016-06-07,23.9244931615724,19.356607472652367
2016-06-08,23.647803341391555,18.773560164796137
2016-06-09,23.58010613637117,18.690852393805937
2016-06-10,23.575723085074653,18.76367239664725
2016-06-11,23.703752131834307,19.394355732348345
2016-06-12,23.771204817531533,19.916742435004974
2016-06-13,23.817923862469776,19.556756641568406
2016-06-14,23.908875157300407,19.827942889615002
2016-06-15,23.846460409974473,19.90559738599233
2016-06-16,23.66166231330928,19.643328597812193
2016-06-17,23.45396192088617,19.738012501775817
2016-06-18,23.330282395602232,19.518755505043337
2016-06-19,23.260662151869433,19.460029833783214
2016-06-20,23.233716408086913,19.27452621110953
2016-06-21,23.225071344007723,18.899231424918312
2016-06-22,23.12537435424054,18.894105696831943
2016-06-23,23.045947610689815,18.87481318369087
2016-06-24,23.007709230221515,19.045156982525928
2016-06-25,22.744406253104554,18.74582895297628
2016-06-26,22.561014835910886,18.54247478334991
2016-06-27,22.473894944034186,18.704862906662882
2016-06-28,22.433635626055565,18.311179144764882
2016-06-29,22.35575580769608,18.644007671544255
2016-06-30,22.47301447577577,18.98020599516977
2016-07-01,22.380374478425008,19.000204574513425
2016-07-02,22.484492644136875,19.059803949424634
2016-07-03,22.49991689985761,19.019849410427625
2016-07-04,22.4713196468192,19.320997300752953
2016-07-05,22.370364626452975,18.822460576786476
2016-07-06,22.29253528910158,18.738773973575796
2016-07-07,22.260771227274216,18.58313680920586
2016-07-08,22.224764194290813,18.699133399630632
2016-07-09,22.209894857105002,18.94131694843018
2016-07-10,22.215501208729354,19.362425060377895
2016-07-11,22.198381917077874,19.602707770990197
2016-07-12,22.19114667847791,19.50764313112658
2016-07-13,22.21827114448451,19.39741014348629
2016-07-14,22.162540773917957,18.868867736894455
2016-07-15,22.093414639699322,18.876952692143774
2016-07-16,22.197832359174765,18.977438556613155
2016-07-17,22.219189551114297,18.603682341241655
2016-07-18,22.278380840812005,18.297425770706074
2016-07-19,22.31563745984697,18.25495098735616
2016-07-20,22.385600121700797,18.7145844580196
2016-07-21,22.41408709888393,19.294777667282283
2016-07-22,22.38798711378617,19.520507174314535
2016-07-23,22.2961772899626,19.61339394800398
2016-07-24,22.26029036410899,19.715353033101294
2016-07-25,22.286955450872597,19.50257280863759
2016-07-26,22.10027858727691,19.004350049722976
2016-07-27,21.852889856608297,18.57664014774826
2016-07-28,21.74968343295689,18.492744708055124
2016-07-29,21.62888453323178,18.28064639863617
2016-07-30,21.631106835944003,18.477209830941895
2016-07-31,21.59903365814492,18.74081119477199
2016-08-01,21.618665430340776,18.850532746128714
2016-08-02,21.692744995363746,19.014097172893877
2016-08-03,21.69476131734941,18.80806648671686
2016-08-04,21.84786083882504,18.642780224463703
2016-08-05,21.867763767923968,18.773162381020036
2016-08-06,21.635282002351207,18.5477553629777
2016-08-07,21.36932429132033,18.348623384003417
2016-08-08,21.162097828426678,18.262926552067054
2016-08-09,21.14320290508995,18.515902827106128
2016-08-10,21.142143631817657,18.870048302315677
2016-08-11,21.176984944696542,18.928448643273192
2016-08-12,21.230440192734296,18.747350475919877
2016-08-13,21.29289925323703,18.68038073589999
2016-08-14,21.291207156340015,18.584122744708058
2016-08-15,21.325023243202985,18.271038499786908
2016-08-16,21.452545886180804,18.311213240517116
2016-08-17,21.498339963406984,18.53438982810058
2016-08-18,21.41975218978707,18.58503906804944
2016-08-19,21.323671204921006,18.401772979116352
2016-08-20,21.10044021343177,18.384192356868876
2016-08-21,20.99017634202073,18.60413268930246
2016-08-22,21.01545689555252,18.523358431595394
2016-08-23,21.038954531907144,18.443747691433444
2016-08-24,20.919582864191835,18.576921437704218
2016-08-25,20.95302594214655,18.5314590140645
2016-08-26,21.085327826439705,18.604186674243497
2016-08-27,21.174877347087467,18.539805370080977
2016-08-28,21.2211760895122,18.726319079414697
2016-08-29,21.181024543000948,18.62960363688024
2016-08-30,21.07208665181972,18.243652507458453
2016-08-31,21.05739048994936,17.86368234124166
2016-09-01,21.10327640162928,18.039955959653366
2016-09-02,21.10147794068945,18.299089359283997
2016-09-03,20.952963663608966,18.3525699673249
2016-09-04,20.937272680233132,18.396864611450493
2016-09-05,20.971561703149302,18.661775820429046
2016-09-06,21.148917028181582,18.946333285978124
2016-09-07,21.229015506507235,19.050716010796986
2016-09-08,21.309187233003332,18.998246910072456
2016-09-09,21.40744051561415,18.818485580338123
2016-09-10,21.376488579163524,18.86082256002273
2016-09-11,21.19690724658077,18.883945162665153
2016-09-12,21.141509421465653,19.06803523227731
2016-09-13,21.145894397622296,19.20087086233841
2016-09-14,21.23001072126374,19.295514987924424
2016-09-15,21.309616952843015,18.87839323767581
2016-09-16,21.17174764877297,18.118954396931386
2016-09-17,21.22872199639032,18.879633470663446
2016-09-18,21.34732943255951,19.352025855945445
2016-09-19,21.52240367420601,19.394766302031538
2016-09-20,21.61624822002184,19.07295212388123
2016-09-21,21.526622450077785,18.928857792300043
2016-09-22,21.486106359903292,19.160687597670126
2016-09-23,21.438796838262068,19.328756925699675
2016-09-24,21.337633933006632,19.188854950987363
2016-09-25,21.266106608272327,18.913632618269638
2016-09-26,21.23446180498066,18.93962068475636
2016-09-27,21.30882954018602,19.05181844011933
2016-09-28,21.298901753485392,19.046502344082974
2016-09-29,21.292732535516798,19.196576218212815
2016-09-30,21.323202449746717,18.782139508452904
2016-10-01,21.311657884061354,18.698130416252308
2016-10-02,21.256745475543916,18.75733911066913
2016-10-03,21.142625240090084,18.709809632050007
2016-10-04,20.966445155975723,18.481429180281292
2016-10-05,20.946946799350908,18.10619690296918
2016-10-06,20.912722828426695,18.043422361130844
2016-10-07,20.953198848395495,17.66785196760904
2016-10-08,21.240909899990086,17.727036510868025
2016-10-09,21.61324763221503,18.21647819292513
2016-10-10,21.82315265175347,18.74444807501066
2016-10-11,21.986853598867434,18.750887910214523
2016-10-12,21.9856303813292,18.69364966614576
2016-10-13,21.854285752723754,18.496151441966187
2016-10-14,21.71994693181442,18.446875976701232
2016-10-15,21.573952669139345,18.913074300326752
2016-10-16,21.403573016359207,18.54345361557039
2016-10-17,21.214360822267082,18.07044750674812
2016-10-18,21.095615624068625,18.164001988918884
2016-10-19,21.060595361294155,18.030505753658186
2016-10-20,21.139277411663425,18.267887484017617
2016-10-21,21.226440064410408,18.237269498508315
2016-10-22,21.28066869225418,18.31918596391533
2016-10-23,21.379978888631314,18.391335416962637
2016-10-24,21.47998892688018,18.287545105838902
2016-10-25,21.735894790873267,18.392554340105125
2016-10-26,21.76359000894125,18.499779798266797
2016-10-27,21.74199208530648,18.533378320784205
2016-10-28,21.709522303540037,18.681798550930527
2016-10-29,21.620607055336585,19.076546384429612
2016-10-30,21.663068247673625,19.300717431453336
2016-10-31,21.657640887339777,19.482598380451766
2016-11-01,21.728240512302577,19.466076147179997
2016-11-02,21.700815768122663,19.241410711748827
2016-11-03,21.67103542984408,18.705297627503906
2016-11-04,21.725688872238948,18.869227162949283
2016-11-05,21.783834155710814,18.848506890183266
2016-11-06,21.895511516044607,18.923148174456603
2016-11-07,21.94992226048946,19.257069185963914
2016-11-08,21.979394000231796,19.70027560733059
2016-11-09,22.065658529820823,19.63949992896719
2016-11-10,22.10042106831809,19.655073163801678
2016-11-11,21.96541510746098,19.56929961642279
2016-11-12,21.896458071165934,19.595189657621827
2016-11-13,21.910822701758434,19.686293507600517
2016-11-14,21.926772464979965,19.603027418667427
2016-11-15,21.821890316091025,19.057398778235545
2016-11-16,21.70857653492066,18.772057110385003
2016-11-17,21.63425472729074,18.500002841312686
2016-11-18,21.562753502003492,18.099819576644414
2016-11-19,21.475923767261662,18.09413695127149
2016-11-20,21.62944901397488,17.82200028413127
2016-11-21,21.771379524456,18.149610740161954
2016-11-22,21.975111497002978,18.836594686745276
2016-11-23,22.236771947544412,18.481575507884646
2016-11-24,22.39011410487789,18.6956982525927
2016-11-25,22.477746154419382,19.29617417246768
2016-11-26,22.412839623969333,19.37657479755647
2016-11-27,22.355199005695923,19.382628214234973
2016-11-28,22.235306094148374,19.59221054127007
2016-11-29,22.21660171126268,19.4378704361415
2016-11-30,22.22604213580817,19.525828952976276
2016-12-01,22.260655921945894,19.6729379173178
2016-12-02,22.33674680017877,19.86717147322063
2016-12-03,22.346221685929084,19.608185821849695
2016-12-04,22.378812816670557,19.45761045603069
2016-12-05,22.536281936119472,19.597268077851975
2016-12-06,22.698941244163294,19.955252166500934
2016-12-07,22.703048585124336,20.54397783776105
2016-12-08,22.740986480445056,21.15026992470522
2016-12-09,22.91915161274299,21.302074158261117
2016-12-10,23.073213253800013,21.665330302599802
2016-12-11,23.106279121270354,21.631343940900702
2016-12-12,23.134948939464266,21.17475067481176
2016-12-13,23.204528285094604,21.078827958516836
2016-12-14,23.248669611219732,20.88446654354312
2016-12-15,23.281593494386865,21.07910072453473
2016-12-16,23.496871233069527,20.875138513993466
2016-12-17,23.509928138556788,20.619890609461574
2016-12-18,23.45367002516811,20.29457167211252
2016-12-19,23.469786402622805,19.89378320784203
2016-12-20,23.4909005240587,19.68590140644978
2016-12-21,23.492138809318828,19.524729364966618
2016-12-22,23.551393743583855,19.12614007671545
2016-12-23,23.64508684637553,19.383997726949847
2016-12-24,23.78285212521119,20.344081545674108
2016-12-25,23.856210488624743,20.55575649950277
2016-12-26,23.929372412822453,20.25150731638017
2016-12-27,23.951156013014515,20.455674101434866
2016-12-28,23.929494155048555,20.443503338542403
2016-12-29,23.91798069758584,20.65425202443529
2016-12-30,23.929510899261587,20.905297627503913
2016-12-31,23.94183830347385,21.161652223327177
2017-01-01,23.98282374904795,21.13949850831084
2017-01-02,24.128261892737704,20.98773831510158
2017-01-03,24.215738049309596,21.06679073732065
2017-01-04,24.179767443785757,20.9192669413269
2017-01-05,24.16429376262542,20.73918596391533
2017-01-06,24.444071306752285,22.04709901974713
2017-01-07,24.717220315759825,22.660085239380596
2017-01-08,24.86856370252012,22.715326040630785
2017-01-09,24.808374134847867,22.631430600937627
2017-01-10,24.88179517004996,22.685124307430033
2017-01-11,24.833664333377524,22.876718283847143
2017-01-12,24.83004416829493,22.650984514845863
2017-01-13,25.117673092525756,22.56789174598665
2017-01-14,25.304199485876097,22.493327177155845
2017-01-15,25.507482655561816,22.901329734337267
2017-01-16,25.62270391098452,23.209386276459725
2017-01-17,25.75113303887805,23.525274897002422
2017-01-18,25.744489229062538,23.4634010512857
2017-01-19,25.779528574858418,23.417714163943742
2017-01-20,25.79972758055432,23.427442818582186
2017-01-21,25.99235035765138,23.593888336411425
2017-01-22,26.353415198529646,23.91557181417816
2017-01-23,26.71301596598997,24.46203864185254
2017-01-24,26.612219777626926,24.063456456883078
2017-01-25,26.703647837533413,24.22285267793721
2017-01-26,26.68222530383812,23.833550220201733
2017-01-27,26.789015941153057,24.37678647535162
2017-01-28,26.512131358247526,23.956469668987083
2017-01-29,26.868087599761587,25.405174030402048
2017-01-30,27.09293325909855,25.727954254865757
2017-01-31,27.021090484981958,25.512335559028273
2017-02-01,26.89427999884094,25.59497940048302
2017-02-02,26.625199585223708,25.505672680778524
2017-02-03,26.604740288770426,25.352525926978267
2017-02-04,26.824415815312772,26.023538854950992
2017-02-05,26.734056094148425,26.274659752805803
2017-02-06,26.774830260456316,26.265442534450916
2017-02-07,26.703995761168358,26.2513439409007
2017-02-08,26.6184634856111,25.91221906520813
2017-02-09,26.53357011872035,25.852061372354033
2017-02-10,26.725479724807137,26.09046881659327
2017-02-11,26.77368178130278,26.39796277880381
2017-02-12,26.72421608520714,26.54176871714732
2017-02-13,26.771839897175226,26.186722545816167
2017-02-14,26.86017369275088,25.983700809774113
2017-02-15,27.02143996092327,26.54258133257565
2017-02-16,27.194961399311154,26.908070748685894
2017-02-17,27.36745138175975,26.755080267083397
2017-02-18,27.438753787627878,26.500201733200733
2017-02-19,27.38772982415469,26.32690865179714
2017-02-20,27.41988755091564,26.963966472510307
2017-02-21,27.382739593337057,26.83037505327462
2017-02-22,27.550349041295465,26.70943031680637
2017-02-23,27.74257093005931,26.661360988776824
2017-02-24,27.926380931880608,27.23366529336554
2017-02-25,28.058424553763604,27.397197045034808
2017-02-26,28.293184277411655,27.93481886631625
2017-02-27,28.48350771599828,27.494538997016615
2017-02-28,28.63941629135343,27.9409660463134
2017-03-01,28.608732593469533,27.94254439551073
2017-03-02,28.657849331059364,27.722933655348776
2017-03-03,28.63486993741099,27.669907657337685
2017-03-04,28.510140266417242,27.690866600369382
2017-03-05,28.32872439729106,27.632237533740586
2017-03-06,28.288213647051084,27.711593976417106
2017-03-07,28.365953654336497,27.86844722261685
2017-03-08,28.39103191128256,28.003707913055834
2017-03-09,28.33139349521474,28.415367239664725
2017-03-10,28.387183288074997,28.513834351470386
2017-03-11,28.496740818624403,28.38873419519818
2017-03-12,28.655728093850392,28.389798266799264
2017-03-13,28.68855945954892,28.278877681488847
2017-03-14,28.723464727456328,28.176141497371795
2017-03-15,28.700272895486247,28.526799261258706
2017-03-16,28.96513161489558,28.606255149879246
2017-03-17,29.158773284597764,28.662623952265946
2017-03-18,29.179501088684297,28.607340531325473
2017-03-19,29.019479149418824,28.682338400340964
2017-03-20,28.7823663774547,28.604138371927824
2017-03-21,28.54108340646424,28.40919306719705
2017-03-22,28.172284953803366,27.899569541128013
2017-03-23,27.88156321406099,27.59470947577782
2017-03-24,27.74913927708054,27.579937491120905
2017-03-25,27.694040508991016,27.287415826111673
2017-03-26,27.730927327217966,27.499440261400768
2017-03-27,27.81780019538367,27.36531893734906
2017-03-28,27.874551114349106,27.389029691717568
2017-03-29,27.99969471305091,27.509100724534743
2017-03-30,28.024710091234212,27.396042051427756
2017-03-31,28.02097385501875,27.005980963204994
2017-04-01,27.890904497963394,25.585307572098312
2017-04-02,27.805014115640578,25.2568745560449
2017-04-03,27.46406919561542,24.575186816309127
2017-04-04,27.148255041891606,22.96880522801535
2017-04-05,26.946109712885402,22.04309134820287
2017-04-06,26.6654672028678,21.692851257280864
2017-04-07,26.3851342020731,21.422005966756643
2017-04-08,26.337443765109157,21.549705924136948
2017-04-09,26.271044826472806,21.734220769995737
2017-04-10,26.371334404079885,21.819345077425773
2017-04-11,26.39929254147764,21.52758630487285
2017-04-12,26.287160727886963,21.19774257707061
2017-04-13,26.199409254230545,21.073256144338682
2017-04-14,26.112239171109657,21.06435999431737
2017-04-15,26.090784701294762,21.1575550504333
2017-04-16,26.078089731595853,21.122646682767435
2017-04-17,26.147067941351843,21.124648387555048
2017-04-18,26.158666134053036,21.40865037647394
2017-04-19,26.200568020002027,21.632484727944313
2017-04-20,26.338149422955905,22.252378178718565
2017-04-21,26.323127318111034,22.478999857934376
2017-04-22,26.233571898698553,22.64425344509164
2017-04-23,26.18764602030005,22.491199033953688
2017-04-24,26.099807265622417,22.11724534735048
2017-04-25,25.959673125641626,21.636611734621404
2017-04-26,25.81915908451164,21.382261684898424
2017-04-27,25.786701079577394,21.401406449779802
2017-04-28,25.7208085240255,21.30339678931666
2017-04-29,25.711896483922292,21.460946157124592
2017-04-30,25.7393748758155,21.308293791731778
2017-05-01,25.82271376295657,21.36412274470805
2017-05-02,25.787588957512302,21.415478050859505
2017-05-03,25.64096021541876,21.210610882227595
2017-05-04,25.483905768784954,21.15334706634465
2017-05-05,25.35574647315948,20.86221054127007
2017-05-06,25.17110149600957,20.904516266515127
2017-05-07,25.197769211345495,20.963680920585315
2017-05-08,25.212122644633634,20.987654496377324
2017-05-09,25.236123352485343,21.3977127432874
2017-05-10,25.326014566844364,21.48864469384856
2017-05-11,25.401414854952478,21.437823554482172
2017-05-12,25.4759704192469,21.336580480181844
2017-05-13,25.469416767394097,21.237665861628074
2017-05-14,25.3692241985959,20.994463702230433
2017-05-15,25.36262550915655,20.924523369796848
2017-05-16,25.316828824055317,20.950117914476497
2017-05-17,25.104761669205516,20.728272481886634
2017-05-18,24.769475154816696,20.4550149168916
2017-05-19,24.49434093204621,20.25127006677085
2017-05-20,24.43189234443824,20.034520528484162
2017-05-21,24.33608808408124,19.947610456030688
2017-05-22,24.21201054740536,20.04538286688451
2017-05-23,24.209465323542084,20.15333285978122
2017-05-24,24.02254222273737,19.981748827958523
2017-05-25,23.908021761267708,19.715063219207277
2017-05-26,23.816897146239704,19.617053558744143
2017-05-27,23.848941306255544,19.56163943742009
2017-05-28,23.829106802828083,19.638914618553773
2017-05-29,23.728159005861542,19.674487853388268
2017-05-30,23.706400263271185,19.494885637164376
2017-05-31,23.722678680829205,19.45475635743713
2017-06-01,23.704818173162902,19.922511720414832
2017-06-02,23.692550232638972,20.13016621679216
2017-06-03,23.672280214094172,20.151562721977555
2017-06-04,23.693385621916125,20.314244921153577
2017-06-05,23.68316355929399,20.54390680494388
2017-06-06,23.646446998046134,20.65641994601506
2017-06-07,23.502436479617195,20.301196192641
2017-06-08,23.295995463125507,20.097894587299333
2017-06-09,23.121990429512817,19.826159965904253
2017-06-10,22.816708985991983,19.627116067623252
2017-06-11,22.729649530582527,19.603044466543547
2017-06-12,22.76169890634831,19.505864469384857
2017-06-13,22.95647036543366,19.916641568404604
2017-06-14,23.054366203596388,20.158067907373212
2017-06-15,23.14571178428332,20.1742491831226
2017-06-16,23.20869320627882,19.909840886489558
2017-06-17,23.21518528330628,19.913168063645404
2017-06-18,23.159694443984584,19.822804375621537
2017-06-19,23.06651318839618,20.399619264100014
2017-06-20,22.986788857336787,20.875037647393096
2017-06-21,22.95419768520045,20.979413268930244
2017-06-22,22.983996692552246,21.101048444381313
2017-06-23,23.06429943371863,20.96462991902259
2017-06-24,23.12344574792196,20.899228583605623
2017-06-25,23.115492433023103,20.778425912771702
2017-06-26,22.986877980428538,20.598779656201174
2017-06-27,22.871490338444207,20.3476928540986
2017-06-28,22.738712434182215,20.18141497371786
2017-06-29,22.4499578393549,20.070346640147758
2017-06-30,22.289555771268642,19.33435573234835
2017-07-01,22.182896852336324,19.176974001988924
2017-07-02,22.168397315958483,19.113348487001
2017-07-03,22.098423725866816,19.092024435289105
2017-07-04,21.977791192005835,18.94942463418099
2017-07-05,21.844719115309434,18.857296490978836
2017-07-06,21.8147747499752,18.83713737746839
2017-07-07,21.879072093254315,18.705743713595687
2017-07-08,21.892508568731973,18.73751101008666
2017-07-09,21.90871373811971,19.364611450490127
2017-07-10,21.884502951452138,19.452706350333855
2017-07-11,21.865899054541778,19.366677084813187
2017-07-12,21.885117354372984,19.505350191788605
2017-07-13,21.83159953803353,19.168414547520953
2017-07-14,21.733642456204276,18.820978832220487
2017-07-15,21.656315424545557,18.737447080551217
2017-07-16,21.583738699208567,18.858521096746703
2017-07-17,21.456165802894297,18.777329166074725
2017-07-18,21.276583290558673,18.838873419519818
2017-07-19,21.234351425638295,18.721169200170483
2017-07-20,21.150585095373675,18.5140616564853
2017-07-21,21.1037660198033,18.306051996022163
2017-07-22,21.08387573682815,18.025162665151303
2017-07-23,21.065903939133015,18.052652365392813
2017-07-24,20.9714158277312,17.864327319221484
2017-07-25,20.956663368877646,17.663149595112944
2017-07-26,21.010849608404886,17.893048728512575
2017-07-27,21.036239402920835,18.054080125017762
2017-07-28,21.192155346557623,17.979926125870154
2017-07-29,21.22700193727851,18.02067339110669
2017-07-30,21.264943164883974,18.249298195766446
2017-07-31,21.308201870218888,18.902710612302887
2017-08-01,21.46871129582413,19.309791163517545
2017-08-02,21.449201597012937,19.45277738315102
2017-08-03,21.335019973010507,19.191876687029414
2017-08-04,21.329176118488586,18.874905526353174
2017-08-05,21.196788381296138,18.61824122744709
2017-08-06,21.113718767592765,18.39552209120614
2017-08-07,21.03104012815841,18.43195056115926
2017-08-08,20.98149025565452,18.22544253445092
2017-08-09,20.932833311256093,18.380953260406308
2017-08-10,20.851226694704717,18.246171331154997
2017-08-11,20.71569164569328,18.094769143344227
2017-08-12,20.668010025830345,18.171591135104418
2017-08-13,20.58687766996721,18.072410853814468
2017-08-14,20.508772787859716,17.785149879244212
2017-08-15,20.38002742408187,17.5450902116778
2017-08-16,20.28858640759015,17.611888052280158
2017-08-17,20.336171370500388,17.923557323483454
2017-08-18,20.40674903550024,18.224962352606905
2017-08-19,20.408079921018683,18.542416536439834
2017-08-20,20.354610039904646,18.211774399772697
2017-08-21,20.370711639401254,18.258718567978406
2017-08-22,20.412740214259625,18.651299900554054
2017-08-23,20.333934931450127,18.768077851967615
2017-08-24,20.25108396529458,18.3488464270493
2017-08-25,20.15673595473067,17.95965620116494
2017-08-26,20.31508320362954,18.02790879386276
2017-08-27,20.35275751730299,18.065824691007247
2017-08-28,20.369379615524657,18.03049580906379
2017-08-29,20.352529245454846,17.935424065918454
2017-08-30,20.40471512070735,18.29810342378179
2017-08-31,20.39662373331789,18.409282568546672
2017-09-01,20.405093759313807,18.568600653501925
2017-09-02,20.420847766334415,18.657974144054553
2017-09-03,20.490243153293424,18.618504048870573
2017-09-04,20.56142259578765,18.509832362551503
2017-09-05,20.539397663675164,18.40348202869726
2017-09-06,20.479133668079545,18.413706492399488
2017-09-07,20.42907403881183,18.68452763176588
2017-09-08,20.385637045898573,18.623358431595396
2017-09-09,20.402282966851033,18.619957380309703
2017-09-10,20.38619179885418,18.63035516408581
2017-09-11,20.255141384077874,17.886506606051995
2017-09-12,20.219187315792993,17.77469668987072
2017-09-13,20.114670579858934,17.642574229293935
2017-09-14,19.844829680928605,17.250876544963774
2017-09-15,19.696918319700636,17.109264100014208
2017-09-16,19.631012497102343,17.36760619406166
2017-09-17,19.650399418816487,17.4696547805086
2017-09-18,19.637113599860932,17.88032248898992
2017-09-19,19.727216196973153,18.347411564142632
2017-09-20,19.767251900023236,18.368119051001564
2017-09-21,19.745029017783214,18.135466685608755
2017-09-22,19.699671594032555,18.07463844296065
2017-09-23,19.58788163973247,17.972575649950276
2017-09-24,19.532952714673637,17.85897712743288
2017-09-25,19.55337059558894,17.85213382582754
2017-09-26,19.473718726197955,17.883895439693138
2017-09-27,19.432777800774918,17.923805938343513
2017-09-28,19.531347650428867,18.21559454467964
2017-09-29,19.659707069410846,18.25703651086802
2017-09-30,19.8346010158294,18.30567126012218
2017-10-01,19.923199138159436,18.236201164938198
2017-10-02,20.001752181508092,18.237249609319505
2017-10-03,20.136168286584752,18.43521949140503
2017-10-04,20.060092331191832,17.84609745702515
2017-10-05,19.983185891810457,17.30693422361131
2017-10-06,19.937785458820464,17.307106123028845
2017-10-07,19.8554152316455,17.20109674669698
2017-10-08,19.78147808557141,17.14897286546385
2017-10-09,19.806731773851713,17.33170194629919
2017-10-10,19.74800216081065,17.317326324762046
2017-10-11,19.716852708878363,17.004864327319222
2017-10-12,19.739297922806916,16.96097314959512
2017-10-13,19.72996148210089,17.22904531893735
2017-10-14,19.77482469285032,17.64368518255434
2017-10-15,19.74870829469819,17.786698394658337
2017-10-16,19.824340083451993,17.87195340247195
2017-10-17,19.884278715600853,17.733409575223757
2017-10-18,19.960077636023417,17.890014206563436
2017-10-19,19.866808602675768,17.878407444239237
2017-10-20,19.899245889492374,17.773912487569262
2017-10-21,19.96735958870089,17.920072453473505
2017-10-22,19.977731542040615,18.307523795993756
2017-10-23,19.92547844156707,18.341831226026425
2017-10-24,19.940628290889805,18.321457593408155
2017-10-25,19.94823794582246,17.808261116635887
2017-10-26,19.984005964996495,17.791737462707776
2017-10-27,20.023273338411116,18.20431737462708
2017-10-28,20.0655164213333,18.28073732064214
2017-10-29,20.16264821422654,18.354117062082683
2017-10-30,20.17946946302614,18.11587015201023
2017-10-31,20.17845381991584,17.936738173035945
2017-11-01,20.11543746067491,17.902382440687603
2017-11-02,20.048048564426953,17.89745702514562
2017-11-03,20.081491642381714,17.721352464838755
2017-11-04,20.017789805278735,17.666877397357585
2017-11-05,19.997970245388608,17.25020173320074
2017-11-06,20.077146343179777,17.486448359141928
2017-11-07,20.081208832831035,17.487674385566134
2017-11-08,20.102317076199633,17.43531893734906
2017-11-09,20.100623054442547,17.354598664583037
2017-11-10,20.080348585952226,17.279430316806366
2017-11-11,20.30443901712092,17.620599516976842
2017-11-12,20.33652550336125,17.804840176161388
2017-11-13,20.459079171772014,18.41269072311408
2017-11-14,20.520594015961834,18.609309561017188
2017-11-15,20.55105575471076,18.635445375763602
2017-11-16,20.6466370417591,18.613719278306583
2017-11-17,20.70557843080439,18.312760335274902
2017-11-18,20.87779692519125,18.50315385708198
2017-11-19,20.977377098718403,18.71732632476204
2017-11-20,21.12215290426201,18.593197897428613
2017-11-21,21.159745566612564,18.785014916891605
2017-11-22,21.23541398980031,18.481910782781643
2017-11-23,21.18416469351262,18.421866742435004
2017-11-24,21.121383312083985,18.62618837903112
2017-11-25,21.073782432857545,18.819681772979116
2017-11-26,21.048094222936047,19.01334422503196
2017-11-27,21.078220187435804,18.96713169484302
2017-11-28,21.067049417160643,18.695385708197186
2017-11-29,21.143926776666575,18.590912061372357
2017-11-30,21.33749575702886,18.59079982952124
2017-12-01,21.47051637993835,19.2736638727092
2017-12-02,21.616898574361706,19.994065918454325
2017-12-03,21.637761946550985,19.901240232987636
2017-12-04,21.582978338079926,19.589141923568683
2017-12-05,21.458539796999712,19.43740446086092
2017-12-06,21.460937427559045,19.359008381872428
2017-12-07,21.393303266880814,19.246898707202725
2017-12-08,21.247895134450374,19.059907657337696
2017-12-09,21.198864208365105,19.025632902400908
2017-12-10,21.269549148094125,19.138843585736616
2017-12-11,21.24505166076101,19.168692996164232
2017-12-12,21.218874639864868,19.113384003409575
2017-12-13,21.38019904709075,18.894952408012507
2017-12-14,21.485122901281613,18.991427759624948
2017-12-15,21.594638892108478,19.315729507032252
2017-12-16,21.749689580090735,19.43153430885069
2017-12-17,21.800531923700987,19.358791021451907
2017-12-18,21.671487978938263,19.276123028839326
2017-12-19,21.59892543133427,19.258610598096322
2017-12-20,21.522616050435488,18.93580622247479
2017-12-21,21.445979629598966,18.98170336695554
2017-12-22,21.600896819220452,19.28164369938912
2017-12-23,21.79414014637216,19.41529478619122
2017-12-24,21.865617052190622,19.224877113226313
2017-12-25,21.94547591648171,18.867165790595262
2017-12-26,22.04269143044005,18.915445375763603
2017-12-27,22.07420513627187,18.90718710044041
2017-12-28,22.15712285160771,18.59047449921864
2017-12-29,22.274071658608516,18.33834067339111
2017-12-30,22.537677211312428,19.65029407586306
2017-12-31,22.67959528264398,20.253447932945022
2018-01-01,22.726799682087677,20.464938201449073
2018-01-02,22.88282472182665,20.177611876687028
2018-01-03,22.96573045335629,20.334007671544256
2018-01-04,23.003228838957533,20.115851683477768
2018-01-05,23.07362542222741,19.81659326608893
2018-01-06,23.20173442312151,19.737415826111665
2018-01-07,23.22049003212246,19.5791817019463
2018-01-08,23.238863546047618,19.404301747407303
2018-01-09,23.202375339437697,19.218242648103423
2018-01-10,23.181634123422793,19.240140644977988
2018-01-11,23.252266326125135,19.740761471799978
2018-01-12,23.401713001291522,20.17583889757068
2018-01-13,23.620330868960572,20.308245489416116
2018-01-14,23.865344901811525,20.4623724960932
2018-01-15,23.963191273139724,20.635212388123314
2018-01-16,24.041319398450156,21.086242363972154
2018-01-17,24.147545492929726,21.409948856371646
2018-01-18,24.24611285889333,21.882204858644695
2018-01-19,24.19500343577175,21.879606478192922
2018-01-20,24.05038801453794,21.342983378320792
2018-01-21,23.996532850945496,21.240646398636176
2018-01-22,24.003488488094863,21.49027276601791
2018-01-23,24.17132790508991,21.566971160676236
2018-01-24,24.339708166374137,21.612641000142073
2018-01-25,24.452502587177545,21.519275465264958
2018-01-26,24.45396974451106,20.943006108822278
2018-01-27,24.431308263238144,20.499903395368662
2018-01-28,24.374332880749744,20.22108538144623
2018-01-29,24.326291022287045,20.278325046171332
2018-01-30,24.385779154386224,20.789874982241802
2018-01-31,24.400562038447564,20.951960505753664
2018-02-01,24.467380803556633,21.029994317374626
2018-02-02,24.5654471884624,21.161234550362263
2018-02-03,24.59717529887078,21.210245773547378
2018-02-04,24.736242921482287,22.199106407160112
2018-02-05,24.75710604530257,22.46006961216082
2018-02-06,24.789506594198087,22.722278732774544
2018-02-07,24.956634723648026,23.09281147890326
2018-02-08,25.062716350134092,23.206030686177005
2018-02-09,25.137742118422313,23.891608182980534
2018-02-10,25.283913861476314,24.404854382724825
2018-02-11,25.43241685846281,24.426611734621407
2018-02-12,25.50724904377915,24.572042903821565
2018-02-13,25.5087326762592,24.599201591135106
2018-02-14,25.450460558995946,24.703410995880095
2018-02-15,25.492927194754436,24.780669129137664
2018-02-16,25.4505913459946,23.471261542832796
2018-02-17,25.74645589793686,23.288256854666855
2018-02-18,25.83138488508793,23.21742719136241
2018-02-19,25.927289072589975,23.72931382298622
2018-02-20,26.075839735735343,23.813984941042765
2018-02-21,26.174428668410805,23.381923568688734
2018-02-22,26.190346950856053,23.11441113794573
2018-02-23,26.213140129814278,23.141430600937635
2018-02-24,26.331721031890574,23.395860207415826
2018-02-25,26.47240653045006,23.699407586304872
2018-02-26,26.589209441335218,23.76276175593124
2018-02-27,26.671708841109993,23.680916323341375
2018-02-28,26.685715903069866,23.504323057252456
2018-03-01,26.710011963108954,22.962979116351754
2018-03-02,26.643698670397747,22.865067481176307
2018-03-03,26.616905280325877,23.218818013922434
2018-03-04,26.447564182700265,23.022450632192072
2018-03-05,26.27821451634276,22.791652223327176
2018-03-06,26.2019867246746,22.667445659894874
2018-03-07,26.022330239758926,22.599640573945166
2018-03-08,25.996649543000974,22.570360846711182
2018-03-09,25.978667396595732,22.47482170762893
2018-03-10,25.849459797330912,21.33061798550931
2018-03-11,25.637360271715725,20.7130657763887
2018-03-12,25.605997884723646,20.492156556329025
2018-03-13,25.5544376303938,20.511690581048448
2018-03-14,25.58697279531082,20.571865321778663
2018-03-15,25.57772814766366,20.29300895013496
2018-03-16,25.584594454747194,20.39295354453758
2018-03-17,25.5386339702619,20.4169896292087
2018-03-18,25.50259092376724,20.113378320784204
2018-03-19,25.434421507103377,20.19892740446086
2018-03-20,25.40630269563205,19.89958232703509
2018-03-21,25.312055046858934,19.73558033811621
2018-03-22,25.259005426863702,19.735317516692717
2018-03-23,25.285840625724386,20.11561443386845
2018-03-24,25.44035611981321,20.946525074584454
2018-03-25,25.366028868761784,20.827265236539287
2018-03-26,25.317061939099926,20.221633754794716
2018-03-27,25.244429475610094,20.148001136525078
2018-03-28,25.16825551793219,20.37673106975422
2018-03-29,25.08032062373745,20.340822560022737
2018-03-30,24.975835140908046,20.227834919732917
2018-03-31,24.88439905040242,19.991163517545107
2018-04-01,24.867395064079222,19.803780366529335
2018-04-02,24.88130433072816,19.89029975848843
2018-04-03,24.93419727125216,20.09357437135957
2018-04-04,24.98672074212674,19.84633754794715
2018-04-05,25.081623402159188,19.748204290382155
2018-04-06,25.099866894890233,19.826760903537433
2018-04-07,25.014874118289843,19.821736042051437
2018-04-08,24.90833704507077,19.92606904389829
2018-04-09,24.842184385038216,19.697053558744138
2018-04-10,24.720254433387424,19.52444381304162
2018-04-11,24.57805481504785,19.40690865179713
2018-04-12,24.5452590489122,19.511805654212242
2018-04-13,24.46178119929128,19.564507742577074
2018-04-14,24.449549851806466,19.808532461997448
2018-04-15,24.520142294764373,19.932878249751386
2018-04-16,24.553604000397378,19.712964909788322
2018-04-17,24.580439923667946,19.45801250177582
2018-04-18,24.5408164925324,18.93018752663731
2018-04-19,24.390734178891975,18.73715868731354
2018-04-20,24.268583654833268,18.806908651797126
2018-04-21,24.328172811040837,18.80124023298764
2018-04-22,24.436468958009062,18.941289955959657
2018-04-23,24.52451414875651,18.85335416962637
2018-04-24,24.570257910553995,18.926799261258708
2018-04-25,24.540236281749834,18.95298479897713
2018-04-26,24.540734779117134,19.06351754510584
2018-04-27,24.479579200748407,19.21768006819151
2018-04-28,24.428941057886497,18.833116920017048
2018-04-29,24.59670381163687,18.918049438840747
2018-04-30,24.604546788588276,19.07483307287967
2018-05-01,24.625585509322107,19.7986887341952
2018-05-02,24.545826054740516,19.92607472652366
2018-05-03,24.462260054806773,19.93520954681063
2018-05-04,24.301298576845372,19.88632050007104
2018-05-05,24.2025911928337,19.563142491831233
2018-05-06,24.22713152382687,19.386689870720275
2018-05-07,24.278554968208795,19.8939039636312
2018-05-08,24.30044021343176,20.23250319647677
2018-05-09,24.27969409212832,19.698508310839607
2018-05-10,24.224906985793254,19.586381588293793
2018-05-11,24.126179897837535,19.25693564426766
2018-05-12,23.977844342981086,19.171801392243214
2018-05-13,23.881670468092814,19.020930529904824
2018-05-14,23.93920025168062,19.185529194487856
2018-05-15,23.978022671954218,19.555666998153146
2018-05-16,23.95208305046861,19.935274897002415
2018-05-17,23.846654738053406,20.083616991049865
2018-05-18,23.691157937874614,19.908370507174315
2018-05-19,23.6313613521211,20.0648075010655
2018-05-20,23.585588945093967,20.018526779372074
2018-05-21,23.55731811107064,20.095698252592694
2018-05-22,23.54056317680567,20.010812615428325
2018-05-23,23.547459971189166,19.89501633754795
2018-05-24,23.57814797413656,19.939080835345933
2018-05-25,23.571816653972274,19.724097172893877
2018-05-26,23.550647870649428,19.73886773689445
2018-05-27,23.53026846623836,19.673656769427474
2018-05-28,23.555616907308625,19.692976275039072
2018-05-29,23.49818760969632,19.62006535019179
2018-05-30,23.399392013279453,19.35187810768575
2018-05-31,23.216699258204443,19.161387981247337
2018-06-01,23.0687235486969,18.98127006677085
2018-06-02,23.013381171970767,18.924118482739022
2018-06-03,22.978421614729992,18.904925415541975
2018-06-04,22.929668427327204,18.926988208552356
2018-06-05,22.978551139186013,18.934257707060663
2018-06-06,22.929960840480827,18.92136240943316
2018-06-07,22.838897034473572,18.946560590993037
2018-06-08,22.787740690300392,19.15848842165081
2018-06-09,22.738922885551577,19.242241795709624
2018-06-10,22.72635251432261,19.232795851683484
2018-06-11,22.71219581001425,19.193980679073736
2018-06-12,22.563012923469245,19.02135104418241
2018-06-13,22.448072821803546,18.862189231424914
2018-06-14,22.321716333576155,18.660571103849975
2018-06-15,22.221431185217064,18.52078562295781
2018-06-16,22.22516617958743,18.598090637874705
2018-06-17,22.161939720833182,18.889397641710467
2018-06-18,22.105984659072135,18.875995169768434
2018-06-19,22.06670377024212,18.879122034379886
2018-06-20,22.07236443189722,18.776211109532603
2018-06-21,22.052707946981453,18.734821707628928
2018-06-22,22.06100641206083,18.953392527347635
2018-06-23,22.087695921780295,19.06308708623384
2018-06-24,22.06083816273137,19.045189657621822
2018-06-25,22.0308066405603,19.025424065918454
2018-06-26,22.029533976885098,18.928870578207135
2018-06-27,22.059157532205216,18.976050575365825
2018-06-28,22.049596814253057,19.17864469384856
2018-06-29,21.994165273040366,19.1555306151442
2018-06-30,21.980286162532693,19.236794999289675
2018-07-01,22.00931137613016,19.217640289813897
2018-07-02,22.05430510481175,19.358342094047448
2018-07-03,22.108225610159938,19.267917317800823
2018-07-04,22.077558139053576,19.33492683619832
2018-07-05,22.05089845431663,19.309637732632478
2018-07-06,21.958319431566053,19.29529478619122
2018-07-07,21.771090422889692,19.003855661315534
2018-07-08,21.687245380335785,18.973401051285702
2018-07-09,21.608523259760947,18.832596959795428
2018-07-10,21.570780851574657,18.70135956812047
2018-07-11,21.558476193827296,18.667914476488136
2018-07-12,21.51944930373883,18.52430316806365
2018-07-13,21.568350746763,18.596230998721413
2018-07-14,21.586843581315993,18.70001704787612
2018-07-15,21.64732643143358,18.70390822560023
2018-07-16,21.65704689207537,18.738468532461994
2018-07-17,21.62781503543398,18.87480608040915
2018-07-18,21.630726086200617,18.894233555902826
2018-07-19,21.542079469814883,18.594404034664016
2018-07-20,21.360749018942254,18.552744708055123
2018-07-21,21.337352799947055,18.585145617275185
2018-07-22,21.26139647564335,18.664385566131553
2018-07-23,21.189053465576055,18.656398636169914
2018-07-24,21.178766288869788,18.70982667992613
2018-07-25,21.185015626552286,18.984253445091632
2018-07-26,21.22717910719606,19.10513425202444
2018-07-27,21.266311222969147,19.092369654780505
2018-07-28,21.261342434678944,18.70190367949993
2018-07-29,21.282154932609203,18.67498792442108
2018-07-30,21.38157219674145,18.726405739451632
2018-07-31,21.436960004305032,18.724486432731926
2018-08-01,21.403187340629845,18.89807358999858
2018-08-02,21.375045472232326,19.78507742577071
2018-08-03,21.29828985495247,20.28859639153289
2018-08-04,21.186299653111252,20.335016337547955
2018-08-05,21.114309782428716,19.880238670265662
2018-08-06,20.99510971702491,19.404129847989772
2018-08-07,20.916886155909502,19.23230998721409
2018-08-08,20.874764401265,19.082692143770423
2018-08-09,20.822876817233492,18.828249751385137
2018-08-10,20.773091966917278,18.628030970308284
2018-08-11,20.830719773487438,18.508138940190367
2018-08-12,20.904360366923854,18.453589998579346
2018-08-13,20.95231695201512,18.41690865179713
2018-08-14,20.91091981405443,18.17358715726666
2018-08-15,20.865598134748524,18.27921011507317
2018-08-16,20.828998099976797,18.188182980537007
2018-08-17,20.857601996887194,18.05027560733059
2018-08-18,20.892783699539716,18.100051143628352
2018-08-19,20.764412131171976,18.122533030259984
2018-08-20,20.71882790508992,18.137256712601225
2018-08-21,20.730034937245414,18.221233129705926
2018-08-22,20.726616447825993,18.0429705924137
2018-08-23,20.676435304003718,18.117270919164657
2018-08-24,20.61103093850379,18.10367381730359
2018-08-25,20.535814505580017,18.011413553061512
2018-08-26,20.512420087260285,17.973939480039782
2018-08-27,20.47155611484586,17.836520812615433
2018-08-28,20.358354492995964,17.987114646966898
2018-08-29,20.294490098354142,18.089475777809348
2018-08-30,20.360536104579918,18.234344367097602
2018-08-31,20.365910520912678,18.178602074158263
2018-09-01,20.391063785309786,17.996999573803098
2018-09-02,20.40930506341691,17.920771416394377
2018-09-03,20.446085703877834,17.936333285978122
2018-09-04,20.483501134218653,18.06014490694701
2018-09-05,20.51296132480051,18.307607614718002
2018-09-06,20.573139343312267,18.652139508452905
2018-09-07,20.564267890850005,18.88468958658901
2018-09-08,20.579272589164514,19.381355306151445
2018-09-09,20.645910313938494,19.33863190794147
2018-09-10,20.737393449680454,19.46171615286263
2018-09-11,20.84332797960067,19.56215087370365
2018-09-12,20.937482386495358,19.52513141071175
2018-09-13,20.91098037470611,19.485421224605773
2018-09-14,20.887709478590615,19.799964483591413
2018-09-15,20.79509818856179,19.21866742435005
2018-09-16,20.648161717223594,18.77528484159682
2018-09-17,20.55889254313343,18.47241369512715
2018-09-18,20.54800346474816,18.276380167637452
2018-09-19,20.541140179488025,18.09655206705498
2018-09-20,20.681652606219153,18.126361699104987
2018-09-21,20.889079627115244,18.5175451058389
2018-09-22,20.91226197966685,18.624959511294218
2018-09-23,20.90324241646516,19.08542974854383
2018-09-24,21.00529448289565,19.406032106833358
2018-09-25,21.058353023479143,19.366752379599383
2018-09-26,21.114556826837102,19.323256144338686
2018-09-27,21.156815370732193,19.156964057394518
2018-09-28,21.11960995711489,18.950291234550363
2018-09-29,21.16299139815217,19.152632476204005
2018-09-30,21.21581179421794,19.247363261826965
2018-10-01,21.22361043729512,19.1984585878676
2018-10-02,21.11934414014641,19.001223185111524
2018-10-03,21.244466793058887,19.026564852962068
2018-10-04,21.263765688644572,18.475738030970305
2018-10-05,21.252950769116122,18.334475067481172
2018-10-06,21.28545087260327,18.62313112658048
2018-10-07,21.25697749362522,18.833422361130843
2018-10-08,21.265706299466846,18.83787896007956
2018-10-09,21.324496142000882,18.692626793578636
2018-10-10,21.26201706709281,18.002632476204006
2018-10-11,21.23686516872538,18.205404176729648
2018-10-12,21.230330682683764,18.49024719420373
2018-10-13,21.253018035731976,18.861538570819725
2018-10-14,21.211264715865756,18.99935502202018
2018-10-15,21.207244366162147,19.067535161244493
2018-10-16,21.264067332847638,18.93822844153999
2018-10-17,21.295608918104477,18.853707913055832
2018-10-18,21.318418675696204,18.757243926694134
2018-10-19,21.35355453356296,18.674493536013642
2018-10-20,21.376753174984245,18.545293365534885
2018-10-21,21.275112407689516,18.393310129279733
2018-10-22,21.27946439215812,18.4362338400341
2018-10-23,21.252196596516203,18.771530046881665
2018-10-24,21.207318007583517,18.813035942605485
2018-10-25,21.213190217571306,18.615060377894586
2018-10-26,21.275655218233595,18.801365250745846
2018-10-27,21.318975933039727,19.21592697826396
2018-10-28,21.337627102857923,19.256759482881094
2018-10-29,21.571837786038362,19.63281858218497
2018-10-30,21.69708193280787,19.782900980252883
2018-10-31,21.797177037453967,20.146458303736324
2018-11-01,21.825824005695928,20.562739025429742
2018-11-02,21.876271442527436,20.866522233271773
2018-11-03,21.928498960989455,21.161574087228303
2018-11-04,21.96372141686272,21.329343656769435
2018-11-05,22.032662640328493,21.318474215087367
2018-11-06,21.998979803457296,21.074369938911786
2018-11-07,21.985712632877416,20.559372069896295
2018-11-08,22.030192382521463,20.407465549083675
2018-11-09,22.07095876659936,20.27076005114363
2018-11-10,22.230702677418265,20.450272766017903
2018-11-11,22.4245300650727,20.842582753231994
2018-11-12,22.402621866410538,20.98503622673676
2018-11-13,22.474334702122672,20.99114646966899
2018-11-14,22.614228710633487,21.033018894729373
2018-11-15,22.626225142398212,21.143078562295784
2018-11-16,22.678832479219817,20.946674243500496
2018-11-17,22.677127094578946,20.886535019178854
2018-11-18,22.629965021359755,20.856337547947152
2018-11-19,22.57512813772888,20.79216650092343
2018-11-20,22.585441186210574,20.76496093195056
2018-11-21,22.749187295095513,20.92959227162949
2018-11-22,22.922926180580912,21.006172751811345
2018-11-23,22.992519372785388,21.15925983804517
2018-11-24,22.96299781435246,21.055620116493834
2018-11-25,22.988399261516065,21.051791447648817
2018-11-26,23.028769579759537,20.99329166074727
2018-11-27,23.091409887571572,20.70253303025998
2018-11-28,23.132757517303112,20.563690865179716
2018-11-29,23.177567908235897,20.403609887768148
2018-11-30,23.17555427691489,20.16946015058957
2018-12-01,23.151110913335792,20.209688876260834
2018-12-02,23.13654309616851,20.49977269498508
2018-12-03,23.07635176921543,20.878334990765733
2018-12-04,23.085145192403225,20.86095468106265
2018-12-05,23.19845930473226,20.89414263389686
2018-12-06,23.317384177236146,20.98816451200455
2018-12-07,23.473707011458128,21.07947577780935
2018-12-08,23.59301035698913,21.185972439266944
2018-12-09,23.761592066264893,21.175966756641568
2018-12-10,23.711142145742997,21.164125586020745
2018-12-11,23.712760228665136,21.403202159397644
2018-12-12,23.835651368513464,21.489605057536586
2018-12-13,23.848765957711016,21.518441539991482
2018-12-14,23.795064389674433,21.849588009660465
2018-12-15,23.7341760150015,21.922872567126014
2018-12-16,23.638836784283217,21.78679215797699
2018-12-17,23.653450425538974,21.861321210399204
2018-12-18,23.755401260886877,21.838719988634754
2018-12-19,23.848177923303634,21.785939764171047
2018-12-20,23.940869622810183,22.009076573376902
2018-12-21,23.99492716577807,22.23509447364683
2018-12-22,23.9911204755439,21.810990197471234
2018-12-23,24.027933010729583,21.66380167637449
2018-12-24,24.072717012451495,21.458960079556757
2018-12-25,24.125684111832264,21.491618127574935
2018-12-26,24.096949634897562,21.54914192356869
2018-12-27,24.088131085041585,21.565620116493825
2018-12-28,24.14754555502207,21.814960931950562
2018-12-29,24.132916908136647,21.742133825827533
2018-12-30,24.16521287296754,21.918332149453047
2018-12-31,24.139629702453828,22.055620116493824
2019-01-01,24.12253727605387,22.014313112658044
2019-01-02,24.115844785905892,21.833453615570395
2019-01-03,24.203832355035306,21.746141497371788
2019-01-04,24.363833493393418,22.04259838045177
2019-01-05,24.44647075868466,22.295432589856514
2019-01-06,24.47880724906448,22.43178008239807
2019-01-07,24.539050402357933,22.41280437562154
2019-01-08,24.832001668212122,22.693406733911065
2019-01-09,25.12088332450245,23.408163091348204
2019-01-10,25.244601098619082,23.512935076005128
2019-01-11,25.407492300559614,23.95093905384288
2019-01-12,25.573071807629887,24.145002130984512
2019-01-13,25.598214247276196,23.852173604205138
2019-01-14,25.548588084081235,23.47050291234551
2019-01-15,25.493611347981652,23.42480323909646
2019-01-16,25.45819245289266,22.9489515556187
2019-01-17,25.317666179587388,22.918738457167212
2019-01-18,25.375263436765326,23.210825401335416
2019-01-19,25.525136313209938,23.543771842591273
2019-01-20,25.55262118339577,23.279997158687316
2019-01-21,25.659366555452543,23.336377326324765
2019-01-22,25.684759889227358,23.36406307714164
2019-01-23,25.732425986025117,22.98439977269499
2019-01-24,25.79655812249567,22.967032248899
2019-01-25,25.94566815412128,23.04464128427334
2019-01-26,25.95649623720904,23.056096036368803
2019-01-27,25.991870136106282,23.082486148600655
2019-01-28,26.109030201675697,23.33026140076715
2019-01-29,26.21980927327222,23.68177724108538
2019-01-30,26.32507887786858,23.840279869299618
2019-01-31,26.268830657846767,23.5297698536724
2019-02-01,26.252815138921104,23.548852109674666
2019-02-02,26.323950516607603,23.62494388407444
2019-02-03,26.317678287578246,23.66193635459582
2019-02-04,26.30820712736364,23.73154283278875
2019-02-05,26.325721512070707,23.74131410711749
2019-02-06,26.362457922144646,23.96559596533599
2019-02-07,26.433349649799606,24.366991049865053
2019-02-08,26.404613392886716,24.695058957238242
2019-02-09,26.432595373712658,25.04409149026851
2019-02-10,26.347008539755645,25.01632334138371
2019-02-11,26.309604058350264,24.69873703651087
2019-02-12,26.308797707553744,24.340335274897
2019-02-13,26.380589214160267,24.588489842307155
2019-02-14,26.544511665066,24.503428043756216
2019-02-15,26.662949920521925,24.51387412984799
2019-02-16,26.822708153955734,24.930348060804093
2019-02-17,26.836922459184663,24.97166216792159
2019-02-18,26.785955041063602,24.963122602642425
2019-02-19,26.850244664205015,24.769460150589573
2019-02-20,27.101676925688047,24.70273760477341
2019-02-21,27.18459190896442,24.83646114504901
2019-02-22,27.200472729079046,24.944858644693852
2019-02-23,27.197918108586926,24.969747123170908
2019-02-24,27.146283115872386,23.85085807643131
2019-02-25,27.17557851359405,23.55418383293081
2019-02-26,27.246367644136814,23.52910640716011
2019-02-27,27.231798378150135,23.5986660036937
2019-02-28,27.250567978607176,23.509916181275756
2019-03-01,27.300123170348034,23.760494388407448
2019-03-02,27.338026397489845,23.65341951981816
2019-03-03,27.22713495959859,22.82795425486574
2019-03-04,27.138142282345935,22.799758488421652
2019-03-05,27.199437899460207,22.875006392953544
2019-03-06,27.182618906679366,22.897411564142633
2019-03-07,27.19164550700399,24.66776956954113
2019-03-08,27.041702507699394,24.88595823270351
2019-03-09,26.91566281418684,24.91401477482597
2019-03-10,26.79806448074309,24.774225031964768
2019-03-11,26.847632360002613,24.782628214234975
2019-03-12,26.926942494287488,24.73580764313113
2019-03-13,27.004493885982072,24.602686461145044
2019-03-14,27.12654800145709,24.609916181275757
2019-03-15,27.202325934695452,24.66266941326893
2019-03-16,27.222826336225445,24.441990339536865
2019-03-17,27.31839810246051,24.36794288961501
2019-03-18,27.28212910222871,23.369251314107125
2019-03-19,27.17541630791137,22.47161954823128
2019-03-20,27.135372967513256,22.139563858502637
2019-03-21,27.04013391230917,21.839649097883225
2019-03-22,26.871295906878068,21.403977837761047
2019-03-23,26.60394242391634,20.35674527631765
2019-03-24,26.529344326423118,20.41167637448502
2019-03-25,26.437385253501997,20.32984656911493
2019-03-26,26.423643470377815,20.425733769001276
2019-03-27,26.441382587674266,20.810268504048867
2019-03-28,26.46664877719643,20.96010086660037
2019-03-29,26.50720392340292,21.091333996306293
2019-03-30,26.42008264479915,21.19032248898992
2019-03-31,26.388297285326317,21.142669413268937
2019-04-01,26.34768431052753,20.87644693848558
2019-04-02,26.2008201973706,20.733896860349486
2019-04-03,26.250348627347076,20.74602784486433
2019-04-04,26.35845682104183,21.930009944594406
2019-04-05,26.50148880683515,22.172285836056254
2019-04-06,26.574529816703638,22.244354311692
2019-04-07,26.588291220982224,22.364662594118485
2019-04-08,26.661181222472447,22.48834209404745
2019-04-09,26.644179202404143,22.283364114220774
2019-04-10,26.618391086035007,22.09549225742293
2019-04-11,26.43083609298933,21.833577212672257
2019-04-12,26.295577271748833,21.561389401903686
2019-04-13,26.261874627446424,21.71139650518539
2019-04-14,26.241692924793867,21.995017758204295
2019-04-15,26.2153416730139,22.14176019320927
2019-04-16,26.146009723648,22.17273192214803
2019-04-17,26.104351467033208,22.182615428327892
2019-04-18,25.99770297960055,22.203385424065917
2019-04-19,25.901191219326446,22.044665435431167
2019-04-20,25.7222601375964,21.570149168916046
2019-04-21,25.57964230718286,21.319927546526497
2019-04-22,25.495631726661617,21.592972013070042
2019-04-23,25.501807547107354,21.594760619406173
2019-04-24,25.5599044814055,21.544717999715875
2019-04-25,25.624539192634998,22.053089927546527
2019-04-26,25.629198927045756,22.014527631765887
2019-04-27,25.542110598734997,22.05710328171616
2019-04-28,25.43654582822802,21.94316806364541
2019-04-29,25.374221549326048,22.112250319647668
2019-04-30,25.378504114647125,22.062783065776397
2019-05-01,25.336945930059287,21.912454894161097
2019-05-02,25.283429210683224,21.740140644977988
2019-05-03,25.195080326688085,21.311598238386125
2019-05-04,25.137894906778815,21.03496945588863
2019-05-05,25.13043824717685,20.709113510441824
2019-05-06,25.142897266284756,20.747187100440403
2019-05-07,25.18808739278737,20.714887057820718
2019-05-08,25.16833249163824,20.498988492683623
2019-05-09,25.00310467513329,20.45416394374201
2019-05-10,24.91037151869394,20.402984798977133
2019-05-11,24.66798576845384,20.197917317800822
2019-05-12,24.468154307547135,19.990203153857088
2019-05-13,24.506639628936608,19.895537718425913
2019-05-14,24.70356844222939,20.36781503054412
2019-05-15,24.776226632612612,20.450365108680213
2019-05-16,24.821682803755344,20.613003267509594
2019-05-17,24.907770494585566,20.4403679499929
2019-05-18,24.89770293820579,20.573821565563293
2019-05-19,24.85346619697323,20.959892030117913
2019-05-20,24.73044356641388,21.082466259411845
2019-05-21,24.580149435374345,21.061936354595822
2019-05-22,24.384858119184027,20.590234408296638
2019-05-23,24.25117493045672,20.200490126438417
2019-05-24,24.217152821472297,19.948999857934368
2019-05-25,24.17228619564854,19.871071174882797
2019-05-26,24.019389446799345,19.40039778377611
2019-05-27,23.88240042471109,19.37713169484302
2019-05-28,23.721896339040338,19.202412274470813
2019-05-29,23.62971919809917,19.172893876971166
2019-05-30,23.693221036030053,19.39271913624094
2019-05-31,23.556712173394764,19.574102855519246
2019-06-01,23.466998956849988,19.434887057820717
2019-06-02,23.41021233483465,19.086627361841177
2019-06-03,23.477428469715576,18.854813183690865
2019-06-04,23.624555791966174,19.063740588151724
2019-06-05,23.747264856608304,19.455144196618846
2019-06-06,23.772813234758416,20.00254155419804
2019-06-07,23.61178881594204,20.39618695837477
2019-06-08,23.552435651720348,20.980946157124592
2019-06-09,23.50996270324871,21.260410569683195
2019-06-10,23.4664296743054,21.189367807927265
2019-06-11,23.46256248551188,20.676937064923994
2019-06-12,23.513027390965938,20.172123881233134
2019-06-13,23.51391270242076,19.578643273192213
2019-06-14,23.440768515912193,19.487418667424354
2019-06-15,23.35351175199519,19.421015769285408
2019-06-16,23.228410872768773,19.627805085949714
2019-06-17,23.006120558333592,19.773601363830092
2019-06-18,22.78114454664367,19.894136951271488
2019-06-19,22.74976202106169,19.895483733484877
2019-06-20,22.68459122594959,19.4340716010797
2019-06-21,22.693261685763574,19.16946583321495
2019-06-22,22.722742242606884,19.17755789174599
2019-06-23,22.67670432907248,19.135466685608744
2019-06-24,22.524967111799153,18.781733200738742
2019-06-25,22.497038571712462,18.758961500213097
2019-06-26,22.483581316024775,18.90614717999716
2019-06-27,22.471226818889303,18.94922858360563
2019-06-28,22.4057859224427,19.38031822702089
2019-06-29,22.37959387521941,19.11166500923427
2019-06-30,22.37364549872503,19.32751101008666
2019-07-01,22.344768002616156,20.419106407160115
2019-07-02,22.21736896463224,20.103459298195766
2019-07-03,21.975040918799877,19.381659326608894
2019-07-04,21.893077499420446,18.757091916465406
2019-07-05,21.81417375898267,18.580625088791024
2019-07-06,21.750576961287532,18.349586589004122
2019-07-07,21.857008891611795,18.408450063929536
2019-07-08,21.97303765688645,19.00912771700526
2019-07-09,21.94767338228964,19.145617275181134
2019-07-10,21.797462185813206,18.932581332575655
2019-07-11,21.571396185879316,18.976005114362838
2019-07-12,21.460721739742326,18.516397215513567
2019-07-13,21.450104542669777,18.222814320215946
2019-07-14,21.444879292645002,18.238455746554905
2019-07-15,21.408427389310177,18.25984656911493
2019-07-16,21.309375144881933,18.305806222474782
2019-07-17,21.222684289830106,17.831412132405173
2019-07-18,21.08048481637253,18.033550220201732
2019-07-19,21.008124523959314,18.252067054979403
2019-07-20,20.923165856707623,18.470311123739165
2019-07-21,20.895206725833706,18.428917459866458
2019-07-22,20.915822391297134,18.120353743429465
2019-07-23,20.89036278438252,18.024453757636028
2019-07-24,20.728013130443383,17.684031822702092
2019-07-25,20.62075502119417,17.85245773547379
2019-07-26,20.465159928966457,17.71058388975707
2019-07-27,20.3707227332185,17.70461145049013
2019-07-28,20.33699665943639,17.817023724960933
2019-07-29,20.379949539689406,17.971770137803667
2019-07-30,20.320452259330388,18.250620826821997
2019-07-31,20.292391731794496,18.354064497797978
2019-08-01,20.300401736927537,18.612658048018194
2019-08-02,20.406783848561094,18.776574797556474
2019-08-03,20.431869494486246,18.721674953828664
2019-08-04,20.42761346325795,18.8342292939338
2019-08-05,20.41174400602707,18.57986645830374
2019-08-06,20.398311980494757,18.136611734621397
2019-08-07,20.465561562406876,17.875846000852395
2019-08-08,20.359693264231545,17.725229435999434
2019-08-09,20.309011511905094,17.62561017189942
2019-08-10,20.170999333543076,17.37871146469669
2019-08-11,20.037101160711284,17.478465691149314
2019-08-12,20.066046254594788,17.575090211677797
2019-08-13,20.100727948968395,17.635830373632622
2019-08-14,20.220153409279128,17.682130984514846
2019-08-15,20.24223523859984,17.714864327319223
2019-08-16,20.46102795807528,17.83114078704362
2019-08-17,20.523527564824338,17.79995169768433
2019-08-18,20.539960530019528,17.969373490552638
2019-08-19,20.571941935457158,17.886198323625514
2019-08-20,20.558406029572485,17.835127148742718
2019-08-21,20.648795699903935,17.909742861201874
2019-08-22,20.619466006556912,17.953415257849123
2019-08-23,20.629066111699828,17.937089075152723
2019-08-24,20.733619585554887,17.982757493962207
2019-08-25,20.76747549425437,17.874422503196474
2019-08-26,20.65891402705567,17.7939764171047
2019-08-27,20.550716461900215,17.670838187242502
2019-08-28,20.47480298125645,17.4730430458872
2019-08-29,20.366997694307333,17.464637022304306
2019-08-30,20.287104803457286,17.770211677795142
2019-08-31,20.33640848014704,18.074477908793863
2019-09-01,20.33909020349697,18.161270066770854
2019-09-02,20.22764964234854,18.184398352038645
2019-09-03,20.234888647878975,17.9614689586589
2019-09-04,20.291096528628717,17.826716863190796
2019-09-05,20.34468227390139,17.9374825969598
2019-09-06,20.35332309500945,17.975618695837476
2019-09-07,20.361300087757073,17.79772979116352
2019-09-08,20.211416717720283,17.480106549225745
2019-09-09,20.007672699274796,17.37704077283705
2019-09-10,19.788461291684555,17.62392385282
2019-09-11,19.733366269828153,17.575371501633757
2019-09-12,19.69492375070368,17.36932376758062
2019-09-13,19.52377806570196,16.80500355164086
2019-09-14,19.449168377653425,17.10440971728939
2019-09-15,19.42181576398318,17.134749254155423
2019-09-16,19.402322912872133,17.248579343656772
2019-09-17,19.373571857303737,17.346320500071034
2019-09-18,19.428622710865326,17.326171331154992
2019-09-19,19.502981608272382,17.6075451058389
2019-09-20,19.501836171639575,17.662204858644696
2019-09-21,19.587671312547638,17.515605909930386
2019-09-22,19.67523748220025,17.347137377468396
2019-09-23,19.665527163294378,17.519234266231003
2019-09-24,19.6788103536775,18.22291944878534
2019-09-25,19.78315145130312,18.281047023724962
2019-09-26,20.179789527933195,18.543317232561442
2019-09-27,20.31995810842137,19.302706350333857
2019-09-28,20.26194112825782,19.21151441966189
2019-09-29,20.243316513229775,19.13101434862907
2019-09-30,20.2639250380832,18.94654780508595
2019-10-01,20.127334130873955,18.104666856087515
2019-10-02,19.907003013544404,18.018569399062372
2019-10-03,19.815107792164817,17.87952692143771
2019-10-04,19.707852145908532,17.15312828526779
2019-10-05,19.565329854786874,16.90674243500498
2019-10-06,19.47341501225286,16.650090922005973
2019-10-07,19.31648766847703,16.40359710186106
2019-10-08,19.268129346458256,16.422187810768573
2019-10-09,19.307078145180068,16.684213666714026
2019-10-10,19.448981893896743,16.88084671118057
2019-10-11,19.765290860847163,17.932562864043195
2019-10-12,19.817710658343543,18.452135246483877
2019-10-13,19.99349252409176,18.724627077709904
2019-10-14,20.21510990330163,19.31818298053701
2019-10-15,20.36328316968575,19.66953260406308
2019-10-16,20.61420215584329,19.53025855945447
2019-10-17,20.586710786667506,19.346483875550504
2019-10-18,20.559576986124462,19.15190652081262
2019-10-19,20.548476318011723,18.986346071885215
2019-10-20,20.503843883498345,18.83193067197045
2019-10-21,20.361614895519434,18.369596533598525
2019-10-22,20.09912675514128,17.759543969313825
2019-10-23,20.016827354538545,17.29082113936639
2019-10-24,20.007343610292452,17.49249467253872
2019-10-25,20.051875807199394,17.709603636880246
2019-10-26,20.126891764910443,17.31015343088507
2019-10-27,20.136454180051,17.126486716863194
2019-10-28,20.272331605788647,17.369656201164943
2019-10-29,20.444777026691348,18.03550078136099
2019-10-30,20.588415467596093,18.616147179997164
2019-10-31,20.75725289349933,18.980897854808923
2019-11-01,20.85220806288702,19.159600795567552
2019-11-02,20.995339354902757,19.29223753374059
2019-11-03,21.093735097857437,19.16311407870436
2019-11-04,21.1341518818094,18.726921437704224
2019-11-05,21.076209019107857,18.61439835203864
2019-11-06,21.0629509760903,18.9201051285694
2019-11-07,21.072334337848154,19.162125301889482
2019-11-08,21.187890187766993,18.875922716294934
2019-11-09,21.26468902126034,18.833193635459583
2019-11-10,21.255723250654018,18.6521196192641
2019-11-11,21.244664246448288,18.624399772694986
2019-11-12,21.280673390568584,18.809859355022024
2019-11-13,21.31402606219166,19.38177013780367
2019-11-14,21.390712798456804,19.432305725245065
2019-11-15,21.526570292578715,20.18975706776531
2019-11-16,21.57218123903038,20.756995311834068
2019-11-17,21.625165268900936,21.153312970592413
2019-11-18,21.75484439679433,21.568408864895588
2019-11-19,21.858686748683702,21.72220201733201
2019-11-20,21.894907896479793,22.169018326466826
2019-11-21,22.068796838262084,22.409649097883225
2019-11-22,22.192961883630883,22.409069470095186
2019-11-23,22.24970820776894,22.079110669129143
2019-11-24,22.260670016889105,21.808093479187388
2019-11-25,22.25806216263209,21.772714874271916
2019-11-26,22.30696745537634,21.7279329450206
2019-11-27,22.291607754909393,21.537323483449352
2019-11-28,22.326906253104628,21.466317658758346
2019-11-29,22.34782788853193,21.57791873845716
2019-11-30,22.350288397854044,21.36601647961358
2019-12-01,22.495311703149266,21.348197187100443
2019-12-02,22.545460165744956,21.506255149879244
2019-12-03,22.54676772527069,21.566583321494534
2019-12-04,22.55330283223505,21.207523795993747
2019-12-05,22.591426776666626,20.664483591419234
2019-12-06,22.698934248435297,20.897944310271342
2019-12-07,22.74609812233,21.033531751669273
2019-12-08,22.7773506681127,21.119958800966046
2019-12-09,22.880326625989273,21.395907089075152
2019-12-10,22.976640001490257,21.58485438272482
2019-12-11,23.11974575288936,21.519960221622398
2019-12-12,23.17192767493465,21.5026978263958
2019-12-13,23.141099177898482,20.632425060377898
2019-12-14,23.19207634450444,20.441115215229445
2019-12-15,23.26668820578205,20.560352322773124
2019-12-16,23.352170621253787,20.518930245773554
2019-12-17,23.35741458174653,20.521549936070464
2019-12-18,23.417584983607558,20.40113936638727
2019-12-19,23.5154975245886,20.52069754226453
2019-12-20,23.56296291850185,20.645946867452768
2019-12-21,23.71018784978639,20.82317374627078
2019-12-22,23.773798328476325,21.156665719562433
2019-12-23,23.806747255522065,21.219372069896295
2019-12-24,23.75676238533634,21.228896150021317
2019-12-25,23.681625575388267,21.07884500639295
2019-12-26,23.579049057025507,20.984129847989774
2019-12-27,23.370801880153614,20.88213240517119
2019-12-28,23.35399890717622,20.823732064213676
2019-12-29,23.246250227671702,20.745634323057256
2019-12-30,23.311388445044226,20.85386844722262
2019-12-31,23.563149754114658,20.93713595681205
2020-01-01,23.606978176640105,20.985593124023296
2020-01-02,23.623723445209787,20.73907941468959
2020-01-03,23.713465162102175,20.475600227305012
2020-01-04,23.842989618174034,20.308121892314254
2020-01-05,24.007852042421494,20.331437704219354
2020-01-06,24.20249832350899,20.449684614291805
2020-01-07,24.311252545782686,20.536581900838183
2020-01-08,24.372268954697514,20.82438130416252
2020-01-09,24.302881349968498,20.56377610456032
2020-01-10,24.203445810014248,20.717370365108682
2020-01-11,24.246640001490217,20.895705355874423
2020-01-12,24.29003559956291,20.755919874982244
2020-01-13,24.24196822118102,20.686123028839322
2020-01-14,24.133788579991368,20.782229009802524
2020-01-15,24.01029065387295,20.956543543116922
2020-01-16,24.058887079014436,20.802072737604774
2020-01-17,24.159194166639086,20.727623241937774
2020-01-18,24.23746990595093,20.59931808495526
2020-01-19,24.4730927327218,20.45901690581049
2020-01-20,24.71728944514356,20.553534592981958
2020-01-21,24.789575951253433,20.790119335132832
2020-01-22,24.824825934695493,21.284972297201307
2020-01-23,24.908886913435126,22.138586446938483
2020-01-24,24.900790351690578,22.708849268361984
2020-01-25,25.088041113355644,23.02522943599943
2020-01-26,25.238795906878146,23.310392101150736
2020-01-27,25.36273499850981,23.216006535019186
2020-01-28,25.505037338146163,23.018171615286263
2020-01-29,25.5321487854754,23.270868021025727
2020-01-30,25.447443496042595,23.096617417246765
2020-01-31,25.364009090306947,23.10321494530473
2020-02-01,25.41868432708548,23.181095326040627
2020-02-02,25.40543369374439,22.93671686319079
2020-02-03,25.50996030234797,22.804368518255437
2020-02-04,25.76614458803855,22.871961926410002
2020-02-05,25.926536079743002,23.22151299900554
2020-02-06,26.002772067589532,23.34478761187669
2020-02-07,26.1947119953969,23.56871288535303
2020-02-08,26.35208050468592,23.98393948003978
2020-02-09,26.330303983011504,24.052388123312976
2020-02-10,26.258703161737923,23.821288535303314
2020-02-11,26.19002523015534,23.39121181986078
2020-02-12,26.175062526906625,23.05292086944169
2020-02-13,26.15599244130216,22.861699104986503
2020-02-14,26.2439344554095,22.837104702372496
2020-02-15,26.2956466288042,22.53296917175735
2020-02-16,26.327132061959816,22.295137093337118
2020-02-17,26.3410947486505,22.751686319079408
2020-02-18,26.297966354273708,23.010450348060797
2020-02-19,26.31453737126203,23.095378604915467
2020-02-20,26.391438967447144,23.14071601079699
2020-02-21,26.408342778256106,23.108400340957523
2020-02-22,26.37924841457762,23.2017843443671
2020-02-23,26.431395896115593,23.690887910214524
2020-02-24,26.604332384011652,24.623283136809214
2020-02-25,26.65836877421598,24.733273192214806
2020-02-26,26.764475962016085,24.981289955959657
2020-02-27,26.740814484882588,25.188594970876547
2020-02-28,26.679374089313434,24.92714590140645
2020-02-29,26.687403694903516,24.80510157692855
2020-03-01,26.76493801122624,24.938819434578775
2020-03-02,26.752644530085743,24.505117204148313
2020-03-03,26.67890934943864,24.132937917317797
2020-03-04,26.595290778057404,23.852139508452904
2020-03-05,26.51231057720967,23.59528626225317
2020-03-06,26.664531534589557,23.46762324193778
2020-03-07,26.698407788853267,23.436002273050146
2020-03-08,26.57329045517767,23.49895723824407
2020-03-09,26.54271239692686,23.277390254297483
2020-03-10,26.517359257542154,23.089208694416822
2020-03-11,26.553696476471142,22.72771132263106
2020-03-12,26.56593579246284,22.68762324193777
2020-03-13,26.59586173709311,22.588694416820573
2020-03-14,26.663665161274192,22.695392811478907
2020-03-15,26.70548601682286,23.028015343088505
2020-03-16,26.88171078666762,22.675657053558748
2020-03-17,27.075459172268765,23.015658474215098
2020-03-18,27.20644285856209,23.45777383151016
2020-03-19,27.359787665165445,24.13475777809348
2020-03-20,27.465326667384176,24.35172609745703
2020-03-21,27.54228218034907,24.613673817303596
2020-03-22,27.583809049740104,24.69093479187385
2020-03-23,27.721129209855285,24.524227873277457
2020-03-24,27.63863589512205,24.148433016053417
2020-03-25,27.435649257376536,23.121799971586867
2020-03-26,27.208465348378965,22.24664440971729
2020-03-27,27.04466867569621,21.921576928540997
2020-03-28,26.908704838228935,21.95059525500782
2020-03-29,26.85920670927577,22.104193777525218
2020-03-30,26.849419934099444,22.030498650376472
2020-03-31,26.77411452296583,22.17677084813183
2020-04-01,26.714282937874614,22.369975848842166
2020-04-02,26.687464648806174,21.849318084955247
2020-04-03,26.649586920886108,21.774401193351327
2020-04-04,26.563603917607804,21.473864185253593
2020-04-05,26.636723163724906,21.46929819576644
2020-04-06,26.595326791568727,21.61593550220202
2020-04-07,26.438007376560623,21.083849978690154
2020-04-08,26.24621644948176,21.03084955249325
2020-04-09,26.190284072093256,20.999525500781363
2020-04-10,25.994754280226502,20.59114078704362
2020-04-11,25.72639082524759,20.60914192356869
2020-04-12,25.61385828890284,20.53709901974712
2020-04-13,25.542874271450817,20.25623810200312
2020-04-14,25.566560088750514,20.10312828526779
2020-04-15,25.582812055005444,20.212511720414835
2020-04-16,25.512278785972093,20.198387555050434
2020-04-17,25.331772464980002,20.204416820571108
2020-04-18,25.2027308590257,19.724095752237535
2020-04-19,25.161605974931344,19.649266941326896
2020-04-20,25.15784686806644,19.827702798693
2020-04-21,25.257223130609,20.028258275323203
2020-04-22,25.400509156538707,20.274017616138668
2020-04-23,25.409186860449704,20.236363119761325
2020-04-24,25.456615350862645,20.29401619548231
2020-04-25,25.506337550087743,20.388504048870587
2020-04-26,25.552894720502007,20.687466969740022
2020-04-27,25.460088895420014,20.494548941611026
2020-04-28,25.371589561877,20.22679215797699
2020-04-29,25.273146173460898,20.14547947151584
2020-04-30,25.15013271185879,20.09131978974287
2020-05-01,25.20361743302318,20.658121892314252
2020-05-02,25.264759868529993,21.06933087086234
2020-05-03,25.19415575222708,20.744574513425206
2020-05-04,25.18042284829615,20.757647393095617
2020-05-05,25.14645840232479,21.0684259127717
2020-05-06,25.107205351525,21.645617275181145
2020-05-07,25.06662162218097,21.745027702798698
2020-05-08,24.990276662416704,21.620971728938773
2020-05-09,24.99040475875091,21.354423923852828
2020-05-10,24.994372888863168,21.26002699247052
2020-05-11,24.88318344951489,21.12320642136668
2020-05-12,24.742928809153188,20.948543827248198
2020-05-13,24.74642530714971,20.74025003551641
2020-05-14,24.70451456270496,20.59108680210257
2020-05-15,24.65531052339634,20.538843585736615
2020-05-16,24.515761665066098,20.33143344225032
2020-05-17,24.407038737291835,20.125105838897568
2020-05-18,24.41384996853993,19.635794857224028
2020-05-19,24.46210478275984,19.75176729649098
2020-05-20,24.223784937245465,19.561836908651795
2020-05-21,24.02825638722392,19.216672822844156
2020-05-22,23.5730906836772,18.831525784912635
2020-05-23,23.403626291519096,18.69272623952266
2020-05-24,22.876308449514806,18.839680352322777
2020-05-25,22.861137074874986,19.192332717715583
2020-05-26,22.992446021127893,19.33168631907942
2020-05-27,22.99601537404376,19.037478334990766
2020-05-28,23.057327176540767,19.065233697968456
2020-05-29,23.11240973855019,19.417498224179575
2020-05-30,23.222918791601824,19.399109248472797
2020-05-31,23.056789105705885,18.832111095326038
2020-06-01,23.040407987548438,18.61947861912203
2020-06-02,23.05850028562435,18.560919164654067
2020-06-03,23.05281563565917,18.37099161812758
2020-06-04,23.06790769778456,18.35208410285552
2020-06-05,23.066868811471394,18.547411564142635
2020-06-06,23.07050064989904,19.284950987356158
2020-06-07,23.04148944845507,19.808137519534025
2020-06-08,22.942105300195383,19.989046739593697
2020-06-09,22.725620363777846,19.335743713595683
2020-06-10,22.629865404675986,19.167167211251602
2020-06-11,22.44464058929693,18.98649524080125
2020-06-12,22.15667531128922,19.24627930103708
2020-06-13,21.94878814534555,19.096837618979972
2020-06-14,21.879015941153117,18.904796135814752
2020-06-15,21.94565267245088,18.924217928683056
2020-06-16,22.126607527237724,19.196714021878105
2020-06-17,22.201503522700914,19.69367807927263
2020-06-18,22.22091290111608,19.83857792300043
2020-06-19,22.032057447759758,19.821745986645837
2020-06-20,21.88438576265853,19.490967466969746
2020-06-21,21.81702619465507,19.18008381872425
2020-06-22,21.829820222207466,19.240951839749965
2020-06-23,21.80184002135973,19.241984656911495
2020-06-24,21.657442813027767,18.925043330018475
2020-06-25,21.606212951617707,18.35003693706492
2020-06-26,21.675121328277648,18.41563290240091
2020-06-27,21.708851438056747,18.715262111095328
2020-06-28,21.734871758784017,18.65061230288394
2020-06-29,21.687994854621305,18.672997584884214
2020-06-30,21.63051027419945,18.56000426196903
2020-07-01,21.625725051329642,18.299453047307857
2020-07-02,21.538682257343417,18.49120329592272
2020-07-03,21.37070120790145,18.376732490410568
2020-07-04,21.29481585505178,18.2392768859213
2020-07-05,21.24502258088554,17.9135260690439
2020-07-06,21.222144211345498,17.99068475635744
2020-07-07,21.1909884260026,18.197022304304593
2020-07-08,21.084050174686226,18.1957934365677
2020-07-09,20.9615068963804,17.89028839323768
2020-07-10,20.793394583899044,17.59660463133968
2020-07-11,20.720744051561397,17.913911066912917
2020-07-12,20.684542359340345,18.313808779656203
2020-07-13,20.690511536742108,18.21981389401904
2020-07-14,20.731661526807294,17.964945304730783
2020-07-15,20.804216188694273,17.638835061798545
2020-07-16,20.927566935457204,17.606851825543405
2020-07-17,21.00880753882839,17.537962778803806
2020-07-18,21.01639467496768,17.826628782497515
2020-07-19,20.991216056230744,17.924902685040493
2020-07-20,20.960856562738023,18.004445233697968
2020-07-21,20.895210658343604,17.944087228299473
2020-07-22,20.785209913236464,17.91846284983663
2020-07-23,20.681789830115537,17.8965691149311
2020-07-24,20.598123054442514,17.752327035090218
2020-07-25,20.54987463572541,17.70394374200881
2020-07-26,20.391162263635454,17.99508310839608
2020-07-27,20.322918398350826,17.55910214519108
2020-07-28,20.303928598039562,17.07925983804518
2020-07-29,20.31524809997685,17.311976132973438
2020-07-30,20.329226640891495,17.47043898281006
2020-07-31,20.41231869059843,17.83739167495383
2020-08-01,20.447323637281833,18.390312544395513
2020-08-02,20.41311249875814,18.54925131410712
2020-08-03,20.308581109050557,18.571002983378328
2020-08-04,20.200937841507454,17.895522091206136
2020-08-05,20.065729915223383,17.68610313965052
2020-08-06,20.042813772891336,17.88361841170621
2020-08-07,19.99416146471504,17.941234550362267
2020-08-08,20.00477986223797,17.84193919590851
2020-08-09,20.0835112138623,17.84584742150874
2020-08-10,20.132677025035633,18.01747265236539
2020-08-11,20.187226048945266,18.04587725529195
2020-08-12,20.316100688810135,17.862007387412987
2020-08-13,20.42372147895481,18.090448927404463
2020-08-14,20.50930086184063,18.687164369938905
2020-08-15,20.520137472265468,19.367472652365397
2020-08-16,20.523925803887828,19.361663588577922
2020-08-17,20.484541283074478,18.92938627645973
2020-08-18,20.438826249296326,18.908032390964628
2020-08-19,20.380783314567644,18.732045745134254
2020-08-20,20.251689675298895,18.50291944878534
2020-08-21,20.10607382355866,18.331520102287257
2020-08-22,20.08706953505314,17.997040772837053
2020-08-23,20.120254226413273,17.702447790879386
2020-08-24,20.16530468672384,17.80486148600654
2020-08-25,20.133042644964707,17.855468106265096
2020-08-26,20.03733562108819,17.661012927972727
2020-08-27,20.03006234062989,17.673651086802103
2020-08-28,20.069682729244576,17.70923994885637
2020-08-29,20.127666821207423,17.937454183832934
2020-08-30,20.139349024737555,18.094989345077426
2020-08-31,20.035603764446808,18.02913482028697
2020-09-01,19.977516454449116,17.580154851541412
2020-09-02,19.83129642431371,17.3666742435005
2020-09-03,19.767360706361597,17.422922290098025
2020-09-04,19.700471280259617,17.650049722972017
2020-09-05,19.722345990495736,18.023203580053988
2020-09-06,19.585652713845747,18.05697400198892
2020-09-07,19.688172562671806,18.074267651655067
2020-09-08,19.816593597873926,18.250404887057822
2020-09-09,19.845652858727696,18.21136951271487
2020-09-10,19.90657426648338,18.194985083108403
2020-09-11,19.92347540732526,18.51541270066771
2020-09-12,19.93703190714312,18.933528910356586
2020-09-13,20.005792297248114,19.675512146611744
2020-09-14,20.08224217223568,20.08890609461572
2020-09-15,20.121362324899778,20.193047307856233
2020-09-16,20.14566473904691,19.992523085665585
2020-09-17,20.106450868463742,19.623180849552494
2020-09-18,20.088355031128884,19.58530615144197
2020-09-19,20.094148259760914,19.444781929251313
2020-09-20,20.098338990628196,19.047722687881805
2020-09-21,20.05298647216609,18.065948288109105
2020-09-22,20.06806601235217,17.737536581900837
2020-09-23,20.11643383448684,17.800511436283568
2020-09-24,20.114611012683408,17.935105838897574
2020-09-25,20.124479728946568,18.39760903537434
2020-09-26,20.120449982614165,18.591939195908513
2020-09-27,20.094852137629577,18.625853104134112
2020-09-28,20.013558403980493,18.551984656911493
2020-09-29,19.90114535384309,17.567859070890755
2020-09-30,19.902147357353382,17.397684330160534
2020-10-01,19.92509731927016,17.50243784628499
2020-10-02,19.9720094918369,17.847096178434438
2020-10-03,19.930003518561428,18.18910072453474
2020-10-04,19.986217277378568,18.26156272197756
2020-10-05,20.039931429446668,17.881897996874557
2020-10-06,20.063345365433676,17.516503764739316
2020-10-07,20.048472426896755,17.16136809205853
2020-10-08,20.050747404543475,17.229889188805227
2020-10-09,20.18841105904559,18.198496945588865
2020-10-10,20.299828252806552,18.536506606051997
2020-10-11,20.562215679537665,19.609995738030968
2020-10-12,20.41159794433223,19.2562111095326
2020-10-13,20.44691937526908,19.807313538854952
2020-10-14,20.5522223648045,19.86717573518966
2020-10-15,20.537859452097855,19.861971871004407
2020-10-16,20.565640523065174,19.898518255434016
2020-10-17,20.549921556777203,18.819039636311985
2020-10-18,20.56699069857931,18.81331723256145
2020-10-19,20.534831895552568,18.832542974854384
2020-10-20,20.461779771169358,18.43393805938343
2020-10-21,20.523112767824696,18.584220769995735
2020-10-22,20.44625378762788,18.193311549936077
2020-10-23,20.38489489849986,18.205952550078138
2020-10-24,20.362007422094898,18.240922005966762
2020-10-25,20.342261669205538,18.404901264384144
2020-10-26,20.279719011822365,18.29775678363404
2020-10-27,20.254735528363774,18.158761187668706
2020-10-28,20.282238115541254,18.203331439124874
2020-10-29,20.31224937493788,18.893290240090924
2020-10-30,20.320103776865277,19.258941611024298
2020-10-31,20.334267456204252,19.229095041909357
2020-11-01,20.30273973821903,18.57544111379458
2020-11-02,20.397930444249422,18.300733058673107
2020-11-03,20.468904299268136,18.172324193777527
2020-11-04,20.513741017319592,17.96216508026708
2020-11-05,20.526549615855952,17.83008097741157
2020-11-06,20.475224980958334,17.63653217786618
2020-11-07,20.4486655959201,17.351981815598805
2020-11-08,20.449200148193547,16.98057252450632
2020-11-09,20.52357285077991,16.770205995169768
2020-11-10,20.86387149385702,16.88089217218355
2020-11-11,21.158463257939513,17.1978178718568
2020-11-12,21.42345340596752,17.37567694274755
2020-11-13,21.550613036891093,17.55600937633187
2020-11-14,21.543239643010885,18.325206705497948
2020-11-15,21.415829117958733,18.59169768433016
2020-11-16,21.40484127148395,18.661778661741728
2020-11-17,21.37417094413351,18.54906236681346
2020-11-18,21.287352965526434,18.328150305441117
2020-11-19,21.29766125360141,18.33890325330303
2020-11-20,21.307758552174022,18.218607756783634
2020-11-21,21.36074870848093,18.201091064071605
2020-11-22,21.412362320760376,17.814412558602076
2020-11-23,21.461340985859533,17.5749950277028
2020-11-24,21.482964181044462,18.00622957806507
2020-11-25,21.41280464532895,18.724679641994605
2020-11-26,21.345008175481063,18.790049722972014
2020-11-27,21.260658260754372,18.71124023298764
2020-11-28,21.273352299069447,18.917114646966894
2020-11-29,21.298159606086664,19.265152720556898
2020-11-30,21.340323852535,19.350116493820146
2020-12-01,21.420096905321728,18.988059383435147
2020-12-02,21.53308495049177,19.05825259269783
2020-12-03,21.6245284713713,19.40429038215656
2020-12-04,21.766510352849618,19.686867452763174
2020-12-05,21.892081208398196,19.745286262253163
2020-12-06,21.952622777097027,19.798826537860485
2020-12-07,21.96087409345294,19.718393237675805
2020-12-08,22.07860569758584,19.667910214519104
2020-12-09,22.17161007302045,19.95787753942322
2020-12-10,22.06932249064477,20.268917459866465
2020-12-11,22.141139599960177,20.26698678789601
2020-12-12,22.14835821853163,20.203616991049866
2020-12-13,22.105384558068668,20.011835487995455
2020-12-14,22.033128187402692,19.970464554624233
2020-12-15,21.998705997284503,19.870434720841036
2020-12-16,21.937798767261643,19.83499076573377
2020-12-17,21.970702159982782,19.594242079840885
2020-12-18,22.06568113140386,19.422334138371923
2020-12-19,22.016780288604803,19.41389686034948
2020-12-20,22.100076953008617,18.82815030544112
2020-12-21,22.1554569783422,18.82549225742293
2020-12-22,22.16756345829058,18.890394942463416
2020-12-23,22.1929353495381,19.005276317658762
2020-12-24,22.15761282163785,18.980551214661176
2020-12-25,22.08888548531315,18.959953118340678
2020-12-26,22.085977911713073,18.68697542264526
2020-12-27,22.100444849653925,18.57332859781219
2020-12-28,22.170027279199967,18.808815172609748
2020-12-29,22.24204875484319,18.753273192214806
2020-12-30,22.192959938073326,18.458163091348204
2020-12-31,22.15412613421858,18.118813751953407
2021-01-01,22.256071712421786,18.042422219065205
2021-01-02,22.394017700433846,18.066776530757206
2021-01-03,22.52185055634668,18.394652649524083
2021-01-04,22.589282172070128,18.41631055547663
2021-01-05,22.739769161671692,18.41493393948004
2021-01-06,22.964555315925416,19.48714874271914
2021-01-07,23.154815958538954,20.118869157550794
2021-01-08,23.296845899427144,20.453784628498365
2021-01-09,23.499579014471667,21.014813183690872
2021-01-10,23.5947439936086,21.403065776388686
2021-01-11,23.602442336987135,21.54037647393095
2021-01-12,23.50753671722359,21.420646398636173
2021-01-13,23.46705140411301,21.268810910640713
2021-01-14,23.552041552140928,21.114519107827817
2021-01-15,23.64078939960924,21.053760477340532
2021-01-16,23.707736054078183,21.01602642420799
2021-01-17,23.626440685332987,20.88985651370934
2021-01-18,23.694968374341833,19.833824406875976
2021-01-19,23.845799520647798,20.10155277738315
2021-01-20,23.981759901645894,20.425894303168068
2021-01-21,23.988464127231214,20.445358715726666
2021-01-22,24.104929380402037,20.93793862764598
2021-01-23,24.313544785078015,21.59214519107828
2021-01-24,24.46433639931118,22.24744423923853
2021-01-25,24.572174222604925,22.571643699389114
2021-01-26,24.707954266980238,23.39410143486291
2021-01-27,24.879822871477316,24.1282582753232
2021-01-28,24.870356181905453,23.68776246625941
2021-01-29,24.96020101334572,23.55060519960222
2021-01-30,25.011751788257087,23.499198749822412
2021-01-31,25.038749461867138,23.511758772552916
2021-02-01,24.968365773090042,23.083913908225608
2021-02-02,24.991358206113162,22.87354879954539
2021-02-03,25.07732926698013,22.915568972865465
2021-02-04,25.103495421730614,22.895357295070326
2021-02-05,25.137958923899678,22.850207415826116
2021-02-06,25.150323293704673,22.328367665861627
2021-02-07,25.11678846408582,22.24642846995312
2021-02-08,25.128672136304985,21.982202017332007
2021-02-09,25.174910794118635,21.963294502059952
2021-02-10,25.330284423949447,22.054355732348355
2021-02-11,25.54890450624243,22.364943884074446
2021-02-12,25.654834648309464,22.665742292939342
2021-02-13,25.67161951104413,22.733688023867025
2021-02-14,25.623707342616775,22.72046313396789
2021-02-15,25.584860437295106,22.701210399204435
2021-02-16,25.688323467563013,22.426675664156836
2021-02-17,25.766552099546306,22.203730643557325
2021-02-18,25.817489361526007,22.050017047876125
2021-02-19,25.915394699804676,21.74457167211252
2021-02-20,25.920366654800148,21.78632050007103
2021-02-21,25.86772270424213,21.837309276885925
2021-02-22,25.88573869092958,21.818306577638868
2021-02-23,25.737795807530542,21.657586304872854
2021-02-24,25.590717972811937,21.715880096604636
2021-02-25,25.456530843295724,20.714001988918884
2021-02-26,25.099104670993814,20.430620826822
2021-02-27,25.246433213564302,20.5173447932945
2021-02-28,25.255184517501775,20.464030402045744
2021-03-01,25.331823297844128,20.50662878249752
2021-03-02,25.66684890055298,21.344460860917742
2021-03-03,26.15732436169155,23.18866742435006
2021-03-04,26.384156600821278,24.129713027418667
2021-03-05,26.536049773156197,24.19062935076006
2021-03-06,26.6113575230983,24.443720698962924
2021-03-07,26.639968084577898,24.498491262963498
2021-03-08,26.74398733731823,24.48991476061941
2021-03-09,26.817339636387683,25.405662736184123
2021-03-10,26.85817612262807,25.936959795425484
2021-03-11,26.767589495645243,26.303632618269646
2021-03-12,26.745585198860795,26.292332717715585
2021-03-13,26.69368004271949,25.92583179428896
2021-03-14,26.689738674371586,25.393428043756213
2021-03-15,26.602495446567538,24.98343514703794
2021-03-16,26.574721536907607,24.80374911208979
2021-03-17,26.43419039970859,23.84597528057963
2021-03-18,26.229032913037717,23.215264952408017
2021-03-19,26.033749130708298,22.18326608893309
2021-03-20,25.942953542570496,21.331339678931663
2021-03-21,25.81190679123746,21.11487711322631
2021-03-22,25.705431437725682,20.799032533030267
2021-03-23,25.60431781302774,20.850939053842882
2021-03-24,25.57128746233069,20.643240517118908
2021-03-25,25.459095957379876,19.45437846284984
2021-03-26,25.322981566877477,19.119661883790307
2021-03-27,25.268163455806913,19.201128001136528
2021-03-28,25.2770641951187,19.419877823554483
2021-03-29,25.220227133490095,19.273013212103994
2021-03-30,25.114371647017954,19.195381446228165
2021-03-31,24.97934070437464,19.33636454041768
2021-04-01,24.941813466569567,19.401873845716725
2021-04-02,24.87818169023413,19.298451484585883
2021-04-03,24.882808453654313,19.746553487711328
2021-04-04,24.95845611732949,20.150126438414546
2021-04-05,25.053389616518224,20.312452052848418
2021-04-06,25.136458112560838,20.283984941042768
2021-04-07,25.108910756863303,20.13529478619122
2021-04-08,25.22197683130774,19.38541554198039
2021-04-09,25.161791051263368,19.459674669697403
2021-04-10,24.67385154154385,18.584030402045748
2021-04-11,24.38890220882869,18.775401335416966
2021-04-12,24.163430618107753,18.42651939195909
2021-04-13,24.08744898085893,18.2240815456741
2021-04-14,24.178757595953204,18.516080409149033
2021-04-15,24.226562365466716,18.70352038641853
2021-04-16,24.314991327780916,18.867148742719134
2021-04-17,24.305475916481726,18.888018184401194
2021-04-18,24.311883713613938,19.095455320358006
2021-04-19,24.315557174553792,19.7503054411138
2021-04-20,24.3266214979965,19.956098877681494
2021-04-21,24.266579771997183,19.986131552777387
2021-04-22,24.172642625923167,19.560782781645123
2021-04-23,24.03893774629927,19.3510186105981
2021-04-24,24.01705589545316,19.533074300326756
2021-04-25,23.9351307869987,19.59474641284274
2021-04-26,23.870460289929447,19.619558175877255
2021-04-27,23.842527631056154,19.58544679641994
2021-04-28,23.767935991158044,19.57019036794999
2021-04-29,23.708616832797954,19.625235118624804
2021-04-30,23.61883539755603,19.615064639863622
2021-05-01,23.657343237738832,19.58563858502628
2021-05-02,24.006780392091905,20.051140787043614
2021-05-03,24.04258893681493,20.13884500639296
2021-05-04,24.039016355101413,20.186137235402754
2021-05-05,23.942900639964225,20.256817729791173
2021-05-06,23.902350047190154,20.345622957806505
2021-05-07,23.85306588816766,20.61458161670692
2021-05-08,23.793875364274587,20.672282994743572
2021-05-09,23.65358468970429,20.534105696831944
2021-05-10,23.650981450971965,20.202501775820423
2021-05-11,23.690683201145827,20.17567836340389
2021-05-12,23.753673316057846,20.147920159113514
2021-05-13,23.843206361559083,20.340750106549233
2021-05-14,23.867724008179646,20.51193919590851
2021-05-15,23.87653665927075,20.529433158119055
2021-05-16,23.884611695698226,20.180647819292517
2021-05-17,23.91300553449014,20.199059525500783
2021-05-18,23.839658906513915,20.199232845574656
2021-05-19,23.761770043381823,20.209440261400772
2021-05-20,23.655571414378915,19.90093621253019
2021-05-21,23.60518929860582,19.817395936922857
2021-05-22,23.584843320528535,19.703638300895015
2021-05-23,23.456612639500594,19.69299900554056
2021-05-24,23.41094144285854,20.190384997869025
2021-05-25,23.401981881478196,20.453501917886065
2021-05-26,23.357695569924207,20.47566841880949
2021-05-27,23.311139931119,20.376316238102007
2021-05-28,23.23936071878002,20.389904816025005
2021-05-29,23.17798374010664,20.40040346640148
2021-05-30,23.16685889740699,20.29593692285836
2021-05-31,23.206486157565354,20.316489558175878
2021-06-01,23.227049065304477,20.431363830089495
2021-06-02,23.253413977381886,20.709207273760477
2021-06-03,23.194783298009696,20.87492399488564
2021-06-04,23.201543675696264,20.796194061656493
2021-06-05,23.21144211345494,20.542238954396936
2021-06-06,23.198276525813885,20.40658900411991
2021-06-07,23.210125198695213,20.434820286972588
2021-06-08,23.603090559492692,21.61738599232846
2021-06-09,23.6450672459184,21.651503054411144
2021-06-10,23.6512002847965,21.62473362693564
2021-06-11,23.572255149518167,21.5196022162239
2021-06-12,23.485362391131652,21.426398636169914
2021-06-13,23.434625852733724,21.382687881801395
2021-06-14,23.43819390171214,21.340024151157838
2021-06-15,23.506795128655185,21.060711748827966
2021-06-16,23.470545004470665,20.97182980537009
2021-06-17,23.424990644766027,20.958505469526916
2021-06-18,23.31517514157033,20.06036084671118
2021-06-19,23.255405193396665,19.82323483449353
2021-06-20,23.183193094512685,19.649870720272773
2021-06-21,23.080610573898056,19.484077283705076
2021-06-22,22.968769248600875,19.341976132973436
2021-06-23,22.931585298208418,19.81983094189516
2021-06-24,22.89633028529321,19.883023156698393
2021-06-25,22.836692014107424,19.86163801676374
2021-06-26,22.67013196675168,19.70559170336696
2021-06-27,22.585359948836004,19.647008097741157
2021-06-28,22.542028512766237,19.365452479045324
2021-06-29,22.52687193678184,19.161635175451057
2021-06-30,22.513571629632086,19.1091717573519
2021-07-01,22.492906745703266,19.02595397073448
2021-07-02,22.44434614779612,18.757932945020602
2021-07-03,22.393785992813886,18.792237533740593
2021-07-04,22.370505575884977,18.905010654922574
2021-07-05,22.326368534125862,18.99765449637733
2021-07-06,22.252694762724783,19.102305725245063
2021-07-07,22.256394012650254,19.7634635601648
2021-07-08,22.27602280441767,19.787886063361277
2021-07-09,22.260290177832182,19.76832504617133
2021-07-10,22.163525329502924,19.750647819292514
2021-07-11,22.152000426366875,19.652130984514848
2021-07-12,22.218634197933554,19.553658190083816
2021-07-13,22.27007794648472,19.467996874556047
2021-07-14,22.293115127330488,19.390080977411568
2021-07-15,22.209794702288303,19.381527205568975
2021-07-16,22.116326932311125,19.204648387555057
2021-07-17,22.22073206775503,18.93739167495383
2021-07-18,22.457703600523196,19.492588435857368
2021-07-19,22.38716279762888,19.655493678079267
2021-07-20,22.386505716627422,19.94583463560165
2021-07-21,22.356368099480047,20.138533882653785
2021-07-22,22.296074299599255,20.020899275465272
2021-07-23,22.186245322383023,19.890403466401477
2021-07-24,22.053639662052543,19.745956812047165
2021-07-25,21.976488765440266,19.70752805796278
2021-07-26,21.960942912375387,20.122561443386846
2021-07-27,21.854922612345593,19.998168773973575
2021-07-28,21.728247425240934,19.65010796988209
2021-07-29,21.709325885021766,19.623983520386417
2021-07-30,21.67472936053251,19.55411422077
2021-07-31,21.722563478987972,19.697015201022875
2021-08-01,21.675139417822994,18.923773263247618
2021-08-02,21.65934556826835,18.87098025287683
2021-08-03,21.5840096077425,19.074146895865894
2021-08-04,21.55524205633009,19.237157266657192
2021-08-05,21.546751477795798,19.340750106549233
2021-08-06,21.41519648061068,19.099995738030973
2021-08-07,21.302739986588016,19.03454752095469
2021-08-08,21.232939468324666,18.75214519107828
2021-08-09,20.980449361691516,18.161365250745845
2021-08-10,20.957508982680462,18.03692001704788
2021-08-11,20.740232845978124,17.954068759767015
2021-08-12,20.631158765771453,17.591247336269358
2021-08-13,20.543902953935774,17.539364966614578
2021-08-14,20.563352174884958,17.804605767864754
2021-08-15,20.586004466503326,18.011041341099588
2021-08-16,20.684862341457716,18.177941468958657
2021-08-17,20.868336817399054,18.657682909504196
2021-08-18,20.998766702818187,18.86251314107118
2021-08-19,20.979535218730327,18.778972865463853
2021-08-20,20.943038029440007,18.55745702514562
2021-08-21,20.943072511342184,18.33326182696406
2021-08-22,20.98564222025363,18.3559610740162
2021-08-23,20.951197097393777,18.415378604915475
2021-08-24,20.86613274911414,18.171180565421228
2021-08-25,20.83566488392883,17.880902116777953
2021-08-26,20.588370471404474,17.944565989487145
2021-08-27,20.58896299715205,18.317797982667994
2021-08-28,20.577544623638076,18.558789600795574
2021-08-29,20.553708874225894,18.55872282994744
2021-08-30,20.519724455243864,18.407246768006814
2021-08-31,20.574664225750883,18.379178860633615
2021-09-01,20.732481724177884,18.438631907941474
2021-09-02,20.856632943669865,18.556864611450493
2021-09-03,20.929440031294536,18.935580338116214
2021-09-04,20.976110395900236,19.713057252450636
2021-09-05,20.964868281617427,19.738431595397078
2021-09-06,20.947386329767856,19.818668845006396
2021-09-07,20.889460231976642,19.84005824691008
2021-09-08,20.821325048845956,19.26075152720557
2021-09-09,20.7226316769878,18.54824975138514
2021-09-10,20.667627496108892,18.506114504901266
2021-09-11,20.704571480610667,18.700227305014916
2021-09-12,20.651626527469617,18.715863048728526
2021-09-13,20.526792893333756,18.640608040914906
2021-09-14,20.499841809616896,18.599853672396648
2021-09-15,20.49222443454647,18.726931382298623
2021-09-16,20.69359191310397,19.490159113510444
2021-09-17,20.8751512153525,19.94253587157267
2021-09-18,21.029083973573535,19.946348913197895
2021-09-19,21.222793282445302,20.137883222048586
2021-09-20,21.251864278736388,20.31685324619974
2021-09-21,21.23005482746627,20.324176729649093
2021-09-22,21.145586854654386,20.082162238954396
2021-09-23,21.133954428420058,19.98892314249183
2021-09-24,21.11176323393051,19.778569399062373
2021-09-25,21.10642267857737,19.718952976275038
2021-09-26,21.12644368645892,19.866103139650516
2021-09-27,21.113648396363914,19.711629492825686
2021-09-28,21.04369254396136,19.557415826111665
2021-09-29,21.190057580223183,19.57483449353601
2021-09-30,21.18142096069145,18.88142775962495
2021-10-01,21.270956427790868,18.830076715442534
2021-10-02,21.237723138887965,18.576259411848277
2021-10-03,21.09037954929294,18.29820855235119
2021-10-04,21.047129102228688,18.18381304162523
2021-10-05,21.010285562307523,18.18626651512999
2021-10-06,21.026241286386085,18.253578633328605
2021-10-07,20.976716830314203,17.822464838755508
2021-10-08,20.945466395668408,17.61455888620543
2021-10-09,20.905029141967713,17.377245347350478
2021-10-10,20.826639359870228,17.27397925841739
2021-10-11,20.77999263171842,16.997076289245634
2021-10-12,20.753748178627003,16.808819434578776
2021-10-13,20.60100525300524,16.75938059383435
2021-10-14,20.482130095704886,16.618168773973576
2021-10-15,20.459368169851302,16.65310129279728
2021-10-16,20.48664765953572,17.31477766728229
2021-10-17,20.454375993476148,17.91642278732775
2021-10-18,20.34724923005596,18.04338116209689
2021-10-19,20.362551164022925,18.3752052848416
2021-10-20,20.377367909063793,18.487410143486294
2021-10-21,20.388576390038768,18.137618979968746
2021-10-22,20.364178664271254,18.033747691433447
2021-10-23,20.399619063979806,18.34075010654923
2021-10-24,20.411560295724755,18.53147179997159
2021-10-25,20.434546892075385,18.517067765307573
2021-10-26,20.656938189224096,18.733170904958094
2021-10-27,20.79090894790868,18.71228157408723
2021-10-28,20.800787412656877,18.34865890041199
2021-10-29,20.767170290095006,17.67900838187243
2021-10-30,20.680048638937638,17.79442250319648
2021-10-31,20.75009226909961,18.371596817729795
2021-11-01,20.767099877471324,18.435306151441964
2021-11-02,20.797795931715033,18.644036084671118
2021-11-03,20.862767100208618,18.631204716579063
2021-11-04,20.922292549756616,18.420858076431315
2021-11-05,20.96812152283339,18.111304162523087
2021-11-06,21.003375894128567,17.894178150305446
2021-11-07,21.043459822167797,17.855442534450916
2021-11-08,21.119840008941285,18.04408864895582
2021-11-09,21.004235064741554,17.690041199033956
2021-11-10,21.110940180315975,18.13940332433585
2021-11-11,21.01942092757558,17.96847989771274
2021-11-12,20.95783426333744,17.998180139224317
2021-11-13,20.847059890055323,17.97008666003694
2021-11-14,20.767757600092718,17.97778945872993
2021-11-15,20.671527614498103,17.940299758488425
2021-11-16,20.58546631287876,17.88361841170621
2021-11-17,20.571995935026663,17.779904816025002
2021-11-18,20.592194713050937,17.84146327603353
2021-11-19,20.576913807663008,18.151128001136527
2021-11-20,20.613540666291357,18.12871998863475
2021-11-21,20.68153036725505,18.321751669271205
2021-11-22,20.772540629035962,18.55341667850547
2021-11-23,20.875153947412034,18.93808637590567
2021-11-24,20.996438222339936,19.229122034379884
2021-11-25,21.06888850713643,19.390603778945877
2021-11-26,21.176611790906435,19.71437562153715
2021-11-27,21.184970878729658,19.73326608893309
2021-11-28,21.13934399526441,19.6890240090922
2021-11-29,21.084082048713395,19.66150305441114
2021-11-30,21.013546875517488,19.51659610740162
2021-12-01,20.96956467115938,19.50061940616565
2021-12-02,20.88323641421325,19.451851115215227
2021-12-03,20.870415852568083,19.51160818298054
2021-12-04,20.89573353727189,19.476759482881096
2021-12-05,20.948675675563784,19.628313680920588
2021-12-06,21.003227162466505,19.628795283420942
2021-12-07,20.98388449183697,19.386722545816173
2021-12-08,20.95298496125446,19.078890467395944
2021-12-09,20.978142261648472,18.86707913055832
2021-12-10,20.99107972232338,18.788245489416106
2021-12-11,20.97953387339804,18.891795709617845
2021-12-12,20.982334710401716,19.120862338400343
2021-12-13,20.988029440010543,19.02240517118909
2021-12-14,20.958825152332995,18.78275039068049
2021-12-15,20.932350688810153,18.504571672112515
2021-12-16,21.03392599016461,18.549339394800402
2021-12-17,21.14515732109151,18.588626225316094
2021-12-18,21.267063160247677,18.723462139508452
2021-12-19,21.527428304136176,18.873771842591275
2021-12-20,21.654573426168113,19.010849552493248
2021-12-21,21.64197589992384,19.14358573661032
2021-12-22,21.640910707189448,19.2712388123313
2021-12-23,21.644118041527285,19.451402187810775
2021-12-24,21.70476603636124,19.507449921863905
2021-12-25,21.798701547339128,19.42070890751528
2021-12-26,21.84867261234556,19.333989203011793
2021-12-27,21.988968357783886,19.134911208978547
2021-12-28,22.109738384607763,19.075306151441968
2021-12-29,22.245340927906753,19.62567410143486
2021-12-30,22.409646301784907,19.845908509731494
2021-12-31,22.49591070718948,19.97520954681063
2022-01-01,22.58017487250391,20.239390538428758
2022-01-02,22.72876281170317,20.415334564568827
2022-01-03,22.86813114713388,20.405324619974426
2022-01-04,22.957418659138327,20.33748685892883
2022-01-05,23.0506961370334,20.132574229293937
2022-01-06,23.178158798887328,20.004100014206564
2022-01-07,23.429017721131217,20.0346924279017
2022-01-08,23.700078401828012,20.40116493820145
2022-01-09,23.90688824634899,20.917621821281433
2022-01-10,24.003462988873032,21.502037221196197
2022-01-11,23.9749285939001,21.63032248898992
2022-01-12,23.93854112163456,21.520789884926838
2022-01-13,23.924374130708387,21.515979542548664
2022-01-14,23.917051114349132,21.62238528200028
2022-01-15,23.92516117081169,21.84275323199318
2022-01-16,23.939952954763783,21.913338542406596
2022-01-17,23.935960298208414,21.736414263389683
2022-01-18,24.052270444911787,21.625556186958377
2022-01-19,24.210514475775728,21.696931382298622
2022-01-20,24.25466269414184,21.813703651086804
2022-01-21,24.337483835314767,21.93655632902401
2022-01-22,24.3465969922509,21.875701093905384
2022-01-23,24.34033198662124,21.96631055547662
2022-01-24,24.34712040931218,21.86515698252593
2022-01-25,24.33788017021564,21.914747833499078
2022-01-26,24.38116783124151,22.295344509163236
2022-01-27,24.324512037619595,22.553052990481604
2022-01-28,24.258366166341123,22.669221480323916
2022-01-29,24.206274319468868,22.731194771984654
2022-01-30,24.176565904725624,22.826962636738173
2022-01-31,24.20452604977314,22.820117914476487
2022-02-01,24.29952648441906,23.06192783065777
2022-02-02,24.31945569924168,23.16159965904248
2022-02-03,24.268926859456318,23.079006961216084
2022-02-04,24.278257649766527,22.8709859355022
2022-02-05,24.31744585554858,22.590012785907092
2022-02-06,24.565624234195433,22.404817445659905
2022-02-07,24.550601570520286,22.441457593408153
2022-02-08,24.414466689571814,22.275337405881515
2022-02-09,24.416424520647723,22.886559170336703
2022-02-10,24.498406629797625,22.51292086944168
2022-02-11,24.51993031178593,22.05584884216508
2022-02-12,24.46876939348286,22.240384997869022
2022-02-13,24.340642137464013,21.839967324904112
2022-02-14,24.649654808424653,21.77779798266799
2022-02-15,24.707803010232805,21.975029123455037
2022-02-16,24.713936545848906,21.598440119335137
2022-02-17,24.676068338742216,21.085185395652797
2022-02-18,24.638168650859335,20.748925983804526
2022-02-19,24.635338837467277,20.623321494530472
2022-02-20,24.69245587309996,20.48988066486717
2022-02-21,24.692387550915566,20.49386418525359
2022-02-22,24.723102501904194,20.725212388123317
2022-02-23,24.85444768933993,21.081285693990633
2022-02-24,24.997981546180107,21.45917317800824
2022-02-25,25.213008018180627,22.15776104560307
2022-02-26,25.297293149981797,22.26261116635886
2022-02-27,25.301314224095115,22.306688450063934
2022-02-28,25.280729397787837,22.337114646966896
2022-03-01,25.374586092989386,22.720294075863045
2022-03-02,25.436121593204664,23.06837618979968
2022-03-03,25.443053179951637,23.197441397925843
2022-03-04,25.51417789846679,23.314999289671835
2022-03-05,25.55283981024605,23.461424918312257
2022-03-06,25.61745773586784,23.57543116920017
2022-03-07,25.690223470046686,23.782608325046176
2022-03-08,25.858537354704083,24.144969455888628
2022-03-09,26.06455622661195,24.573669555334565
2022-03-10,26.19449742524096,24.97483591419236
2022-03-11,26.323157660529205,25.1636738173036
2022-03-12,26.378165732523037,25.06840744423924
2022-03-13,26.417395126171506,25.11882653786049
2022-03-14,26.52438450011595,25.26187810768576
2022-03-15,26.577492611020975,25.214972297201307
2022-03-16,26.527309066297985,24.864692427901694
2022-03-17,26.517204627115294,24.71892882511721
2022-03-18,26.437264587541762,24.31574229293934
2022-03-19,26.34146392853598,24.104095752237534
2022-03-20,26.20326667384176,23.35698678789601
2022-03-21,26.102667359340277,22.83967893166643
2022-03-22,26.006353507798764,22.204411137945733
2022-03-23,25.839590874093457,21.71903537434295
2022-03-24,25.681372694307445,21.54574939622106
2022-03-25,25.580446153591453,21.441491689160387
2022-03-26,25.529958004934187,21.5492768859213
2022-03-27,25.49723316885787,21.77321210399205
2022-03-28,25.52463028198169,21.922717715584604
2022-03-29,25.504005654535252,22.131839749964485
2022-03-30,25.502642584528346,22.219072311407878
2022-03-31,25.463528641090168,22.241835487995456
2022-04-01,25.365022332516467,21.71361699104986
2022-04-02,25.275878584793258,21.386130132121046
2022-04-03,25.15309343643411,21.018789600795568
2022-04-04,25.043312415140548,20.873283136809217
2022-04-05,24.969278094678348,20.67581190510016
2022-04-06,24.899678465576034,20.54240943315812
2022-04-07,24.87530050584487,20.541274328739878
2022-04-08,24.863883394873707,20.535389970166214
2022-04-09,24.830036013511325,20.376046313396788
2022-04-10,24.76593591664729,20.466893024577352
2022-04-11,24.694378891115026,20.409627788038076
2022-04-12,24.621539950160624,20.337680068191503
2022-04-13,24.447691492532385,20.077672964909784
2022-04-14,24.242395415935327,20.02329166074727
2022-04-15,24.099764856608243,20.006856087512435
2022-04-16,24.012315089247274,19.901039920443253
2022-04-17,23.798944762724823,19.764659752805798
2022-04-18,23.6170258634964,19.665499360704647
2022-04-19,23.572516557936204,19.89934507742577
2022-04-20,23.582256370665906,20.13667140218782
2022-04-21,23.592453141040483,20.101159255576082
2022-04-22,23.538444920025142,19.898594970876545
2022-04-23,23.41328393549021,19.552648103423778
2022-04-24,23.104973176143304,19.096390112231855
2022-04-25,23.406263391230897,19.193244779087937
2022-04-26,23.5454067250058,19.291720414831655
2022-04-27,23.641918174818702,19.529397641710478
2022-04-28,23.69778961900188,19.794790453189382
2022-04-29,23.714939087492198,20.082388123312967
2022-04-30,23.722087852270093,20.301635175451057
2022-05-01,23.673318748551242,20.346503764739314
2022-05-02,23.565340596748044,20.285266373064356
2022-05-03,23.50256919147602,20.203669555334567
2022-05-04,23.529304711560727,20.212386702656634
2022-05-05,23.612191297976597,20.48711180565422
2022-05-06,23.636440064410408,20.343487711322634
2022-05-07,23.519104236347978,20.08221054127007
2022-05-08,23.38338015779715,19.704571672112515
2022-05-09,23.228912909395017,19.35120187526638
2022-05-10,23.113703989634743,19.21097457025146
2022-05-11,23.043382662185003,19.249095041909364
2022-05-12,22.975446546842377,19.31941753089928
2022-05-13,22.967487809219463,19.400673391106693
2022-05-14,22.936195772758907,19.541277170052563
2022-05-15,22.94085689389678,19.600369370649236
2022-05-16,23.002107763188427,19.71005114362836
2022-05-17,23.13102980014565,20.0509134820287
2022-05-18,23.277393263403642,20.36566699815315
2022-05-19,23.385362556710934,20.37441397925842
2022-05-20,23.37770271053418,20.06738315101577
2022-05-21,23.294383175481087,19.673098451484588
2022-05-22,23.244425211941586,19.267597670123596
2022-05-23,23.24705345315759,19.11722261684898
2022-05-24,23.29154833261579,19.160743003267516
2022-05-25,23.266194303242088,19.29312970592414
2022-05-26,22.835893052289975,19.28996022162239
2022-05-27,23.244569369473876,19.673867026566278
2022-05-28,23.362282180349073,19.896270777099023
2022-05-29,23.251254139484054,19.801978974286126
2022-05-30,23.12149683743417,19.559441682057113
2022-05-31,23.06678057836874,19.37974570251456
2022-06-01,22.997541042984412,19.138657479755643
2022-06-02,22.857489547802786,18.958114789032543
2022-06-03,22.653260381825987,18.79175877255292
2022-06-04,22.541226280756337,18.726723966472512
2022-06-05,22.45425234708746,18.63375337405882
2022-06-06,22.295350593602016,18.412139508452906
2022-06-07,22.09242857320273,18.198756925699676
2022-06-08,21.97166434165645,18.057357579201597
2022-06-09,21.976774472629767,18.18605199602216
2022-06-10,22.008103971420994,18.240247194203725
2022-06-11,22.07048541659772,18.522910924847277
2022-06-12,22.08780137513661,18.818887626083246
2022-06-13,22.057742987714025,18.84340389259838
2022-06-14,21.932482655561778,19.238066486716864
2022-06-15,21.82344618256775,19.1913638300895
2022-06-16,21.6055020780211,18.824063077141645
2022-06-17,21.375018130940187,18.3722673675238
2022-06-18,21.3025214011326,18.31071174882796
2022-06-19,21.32875045534328,18.434847279443105
2022-06-20,21.28395902324742,18.271426338968602
2022-06-21,21.192789681094137,18.166945588862056
2022-06-22,21.174863810974628,18.23677511010087
2022-06-23,21.224460438950892,18.285337405881517
2022-06-24,21.32143012964868,18.48467395936923
2022-06-25,21.355294565685302,18.661953402471944
2022-06-26,21.310877860383492,18.654813183690866
2022-06-27,21.261639442659824,18.539960221622394
2022-06-28,21.16295865483322,18.38793578633329
2022-06-29,21.11993854935919,18.350470237249606
2022-06-30,21.168781749842708,18.369820997300753
2022-07-01,21.172755840812044,18.333932376758067
2022-07-02,21.225562555883062,18.32284699531183
2022-07-03,21.26197409924829,18.37389828100583
2022-07-04,21.223715000662327,18.40854524790453
2022-07-05,21.18037588584956,18.615245063219213
2022-07-06,21.101562613835803,18.716971160676234
2022-07-07,21.02638238070005,18.69711038499787
2022-07-08,20.964841043812246,18.666177013780363
2022-07-09,20.942781691889905,18.606823412416542
2022-07-10,21.000752930754732,18.607444239238532
2022-07-11,20.997479820015243,18.639524080125017
2022-07-12,20.93602323906355,18.495587441397927
2022-07-13,20.871540571083237,18.412122460576786
2022-07-14,20.761439319303257,18.304037505327464
2022-07-15,20.694313880517942,18.118092058531044
2022-07-16,20.628534167301353,17.888923142491834
2022-07-17,20.51681572258826,17.787633186532176
2022-07-18,20.460886491207685,17.70733626935645
2022-07-19,20.441443044838902,17.76694274754937
2022-07-20,20.480255902904325,17.764652649524084
2022-07-21,20.54979848991619,17.78309418951556
2022-07-22,20.54558546792732,18.05174314533315
2022-07-23,20.46628845580686,18.144038925983814
2022-07-24,20.429284738550216,18.251041341099594
2022-07-25,20.421270821604804,18.539435999431742
2022-07-26,20.515318181441906,18.689167495382872
2022-07-27,20.566107974302113,18.848128995595964
2022-07-28,20.589020453190667,18.35422787327746
2022-07-29,20.692066202768522,18.06125159823839
2022-07-30,20.732567846143628,18.154320215939773
2022-07-31,20.7299885543266,18.220977411564146
2022-08-01,20.758257173725884,18.523928114789033
2022-08-02,20.794806582607556,18.796844722261685
2022-08-03,20.804010994469646,19.11518823696548
2022-08-04,20.761009164817754,19.517405881517263
2022-08-05,20.64817521194156,19.128647535161257
2022-08-06,20.68855262940027,19.133241937775253
2022-08-07,20.666896401132647,18.915622957806512
2022-08-08,20.59684656174455,18.538933087086235
2022-08-09,20.51999855118063,18.375441113794576
2022-08-10,20.49026823856673,18.3314163943742
2022-08-11,20.59252028347185,18.39668702940759
2022-08-12,20.605665504851476,18.307765307572105
2022-08-13,20.613512103851413,18.30032390964626
2022-08-14,20.54990874507401,18.703598522517403
2022-08-15,20.488147539490672,18.823979258417392
2022-08-16,20.450639819352908,18.846674243500505
2022-08-17,20.421171970725624,18.562447790879393
2022-08-18,20.34985888498861,18.321616706918597
2022-08-19,20.261613943438093,18.19460008523938
2022-08-20,20.201592956253936,18.126557749680355
2022-08-21,20.205985921614786,18.08771700525643
2022-08-22,20.125403372023648,17.97976417104703
2022-08-23,20.118566041328585,18.070836766586165
2022-08-24,20.152521256250637,18.211555618695844
2022-08-25,20.21299096350631,18.358468532462
2022-08-26,20.260927203033372,18.49284131268646
2022-08-27,20.40996810527538,18.419045318937354
2022-08-28,20.478288551015034,18.42055973859923
2022-08-29,20.610981450972005,18.405416962636746
2022-08-30,20.556170853064852,18.361882369654783
2022-08-31,20.4987107369938,18.410600937633184
2022-09-01,20.35636077259335,18.252153715016338
2022-09-02,20.193602530880575,18.109207273760482
2022-09-03,20.081893110242667,18.062354027560726
2022-09-04,20.03772013776202,18.087648813751958
2022-09-05,20.070815354174304,18.061481744565995
2022-09-06,20.227032341788977,18.086878818013922
2022-09-07,20.334604534390845,18.22518397499645
2022-09-08,20.3580713936814,18.18064355732349
2022-09-09,20.32781261383581,18.119380593834354
2022-09-10,20.190429471470683,18.19839039636312
2022-09-11,20.015899075239293,18.29559738599233
2022-09-12,19.856705074179487,18.2107032248899
2022-09-13,19.602740752392574,18.049535445375767
2022-09-14,19.479773818591276,17.951392243216368
2022-09-15,19.41459089479091,17.98284415399915
2022-09-16,19.46058917276549,18.00773831510158
2022-09-17,19.596274940391424,18.084381304162523
2022-09-18,19.718088676027385,17.960924847279447
2022-09-19,19.678829353909293,17.72365819008382
2022-09-20,19.613738885485354,17.586674243500504
2022-09-21,19.621088332450256,17.520914902685043
2022-09-22,19.576311616220163,17.500914902685043
2022-09-23,19.492015369904298,17.75032106833357
2022-09-24,19.312758986819887,17.957731211819866
2022-09-25,19.070152953935885,17.932729080835347
2022-09-26,19.03692639169457,17.79338826537861
2022-09-27,18.953714152068077,17.5809134820287
2022-09-28,18.815634479418456,17.295887199886348
2022-09-29,18.719829908600232,17.037961358147474
2022-09-30,18.737374966884158,16.779595112942175
2022-10-01,18.72009498046166,16.68401477482597
2022-10-02,18.745524079378725,16.55824406875977
2022-10-03,18.752931768884334,16.616924279016906
2022-10-04,18.77039254727295,16.80947577780935
2022-10-05,18.85168495628706,16.94072879670408
2022-10-06,18.928232543795815,17.031761613865605
2022-10-07,18.869073314402097,16.922621110953266
2022-10-08,18.96207143921582,17.052479045318943
2022-10-09,18.986509338676015,17.105840318227024
2022-10-10,18.886412578236268,17.02728654638443
2022-10-11,18.898206630625527,17.186245205284838
2022-10-12,18.809185929065823,16.958833641142206
2022-10-13,18.783686562406867,16.696873135388554
2022-10-14,18.866358102626116,16.584517687171477
2022-10-15,18.955557215948605,16.575367239664722
2022-10-16,19.151501183892467,16.855168347776676
2022-10-17,19.39265398880687,17.302040062508883
2022-10-18,19.564754031857507,17.757549367807933
2022-10-19,19.626850163095718,18.0705554766302
2022-10-20,19.62647570536811,18.243186532177866
2022-10-21,19.547795083120825,18.0680906378747
2022-10-22,19.503273255621433,17.688744139792583
2022-10-23,19.430502284995185,17.397246768006823
2022-10-24,19.38865992482701,17.260356584742148
2022-10-25,19.49260992399908,17.187900269924707
2022-10-26,19.583302997814343,17.09829947435715
2022-10-27,19.595922152862816,16.947958516834777
2022-10-28,19.53188131271319,16.721281432021595
2022-10-29,19.529022957578547,16.706870294075866
2022-10-30,19.568705914494775,16.786145759340815
2022-10-31,19.56227067258335,17.04897002415116
2022-11-01,19.552608226810587,17.17459724392669
2022-11-02,19.68538087392791,17.31116067623242
2022-11-03,19.82891237126203,17.4039565279159
2022-11-04,19.985503609630154,17.567296490978833
2022-11-05,20.029049822830075,17.63598522517403
2022-11-06,19.968733938801908,17.57140787043614
2022-11-07,19.931649149750005,17.610103707913062
2022-11-08,19.98177979186672,18.021321210399208
2022-11-09,20.073824345133627,18.4570421934934
2022-11-10,20.12335790807037,18.14898565137094
2022-11-11,20.225678937477216,17.894942463418097
2022-11-12,20.54328664685235,17.946829095041906
2022-11-13,20.79925253336423,18.063278874840176
2022-11-14,20.973414453422503,18.128617701378037
2022-11-15,21.00073239891374,18.30383008950135
2022-11-16,20.97215017220255,18.75525358715727
2022-11-17,20.71055438040205,19.18974286120188
2022-11-18,20.475330185945644,18.828342094047446
2022-11-19,20.1800027941518,18.31144622815741
2022-11-20,20.015122342451264,17.962808637590566
2022-11-21,20.04485033695403,17.89666998153147
2022-11-22,20.19488109332054,17.83346498082114
2022-11-23,20.3432618927377,17.814563148174457
2022-11-24,20.544162209822176,17.876716863190794
2022-11-25,20.6411945930059,18.14116067623242
2022-11-26,20.917418183097688,18.4972822844154
2022-11-27,21.20581994900156,18.949434578775403
2022-11-28,21.369578145179997,19.58500923426623
2022-11-29,21.54386863761301,20.34391106691292
2022-11-30,21.64301180580852,20.649762750390686
2022-12-01,21.690000310461322,20.772209120613727
2022-12-02,21.71660396728155,20.912891035658475
2022-12-03,21.757900619266756,20.87912487569258
2022-12-04,21.808889438520385,20.792748970024153
2022-12-05,21.87937955343246,20.601802812899564
2022-12-06,21.910966921382894,20.395301889472936
2022-12-07,21.991586270987188,20.218089217218356
2022-12-08,22.081682679570765,20.119775536297766
2022-12-09,22.119347079179995,19.92067765307572
2022-12-10,22.20766408914791,20.015539139082257
2022-12-11,22.27567831655464,20.264979400483025
2022-12-12,22.359429206543748,20.374901264384146
2022-12-13,22.47104718597875,20.582774541838333
2022-12-14,22.603818508461174,20.778569399062366
2022-12-15,22.707424019770208,20.956346071885214
2022-12-16,22.749337661853833,20.938725671260126
2022-12-17,22.827879673477575,20.855107259553915
2022-12-18,22.93202960972947,21.001184827390254
2022-12-19,22.93265893549031,21.00374911208979
2022-12-20,22.884900983541367,20.84897570677654
2022-12-21,22.888779680100683,20.73053274612871
2022-12-22,22.930742685531698,20.521248756925704
2022-12-23,22.995732005662898,20.29101008666004
2022-12-24,23.040350655694244,19.97818724250604
2022-12-25,23.04174067374244,19.920250035516418
2022-12-26,23.06169222108153,20.13896292086944
2022-12-27,23.049201307249064,20.13204858644694
2022-12-28,23.050639136338006,20.052767438556614
2022-12-29,23.058764488194207,20.096672822844155
2022-12-30,23.0305524969368,20.03242079840887
2022-12-31,22.954969512699954,19.967013780366536
2023-01-01,22.959908351822996,19.79809347918739
2023-01-02,23.005565826075443,19.85196760903538
2023-01-03,23.141346305096498,19.917878960079555
2023-01-04,23.057735515945314,19.594975138514
2023-01-05,23.04164939811905,19.26602926552068
2023-01-06,23.108383138225637,19.19845432589856
2023-01-07,23.274315122363145,19.237678647535162
2023-01-08,23.442685697254678,19.239401903679504
2023-01-09,23.673547724111746,19.551680636454048
2023-01-10,24.00033444961425,20.062910924847284
2023-01-11,24.169957259827157,20.538708623384007
2023-01-12,24.232300704540172,20.81412842733343
2023-01-13,24.242472472431054,21.147358999857936
2023-01-14,24.23024145610491,21.217705640005686
2023-01-15,24.206220050832886,21.221136525074584
2023-01-16,24.18225372139617,21.201086802102576
2023-01-17,24.222358181276327,21.143357010939052
2023-01-18,24.28307880335802,21.141782923710764
2023-01-19,24.312724525615106,21.154777667282286
2023-01-20,24.417348619068157,21.221736042051432
2023-01-21,24.522029444150117,21.301382298621963
2023-01-22,24.61964568086237,21.339318084955252
2023-01-23,24.707261172467497,21.20592413695128
2023-01-24,24.7660827027519,21.313567268077858
2023-01-25,24.841289180216624,21.52959795425487
2023-01-26,24.945719504420936,21.57105412700668
2023-01-27,25.020993145014476,21.63296206847563
2023-01-28,25.072555075835393,21.80153999147606
2023-01-29,25.16299586879491,22.086794999289673
2023-01-30,25.29159401182234,22.557493962210547
2023-01-31,25.506717037288485,22.978529620684757
2023-02-01,25.73227251465379,23.437715584600085
2023-02-02,25.94169598801203,23.71803949424634
2023-02-03,26.134225171374673,23.612122460576792
2023-02-04,26.285280967480244,23.443054411137943
2023-02-05,26.418768234427315,23.562476204006256
2023-02-06,26.520175038083213,23.754709475777812
2023-02-07,26.625508887472286,23.90665861628073
2023-02-08,26.72857283008249,23.915372922290107
2023-02-09,26.82356318508459,23.812633896860355
2023-02-10,26.866588464913765,23.740855235118627
2023-02-11,26.895926913269523,23.734664014774822
2023-02-12,26.862721834950495,23.716955533456456
2023-02-13,26.90798821074941,23.837285125728076
2023-02-14,26.926565366592644,23.82598664583038
2023-02-15,26.932683130774553,23.8298323625515
2023-02-16,27.01098623207601,24.146523653928117
2023-02-17,26.999649861741155,24.06710612302884
2023-02-18,27.25247812282673,24.537753942321352
2023-02-19,27.291393350332818,24.61263531751669
2023-02-20,27.268036352948865,24.52830515698253
2023-02-21,27.205964354902754,24.78355448217077
2023-02-22,27.22047707553726,25.607340531325477
2023-02-23,27.314122098221677,25.548947293649665
2023-02-24,26.949349335198864,24.618481318369085
2023-02-25,26.99210799085998,24.880302599801105
2023-02-26,27.26214135510146,25.630576786475356
2023-02-27,27.286250517435494,25.38037647393096
2023-02-28,27.58962937129514,25.808440119335142
2023-03-01,27.61326880567607,25.725566131552796
2023-03-02,27.62166092658209,25.55070890751528
2023-03-03,27.664451932311223,25.154904105696836
2023-03-04,27.70575431748188,24.831102429322353
2023-03-05,27.909005468258474,25.108934507742582
2023-03-06,27.926103710633527,25.15172893876972
2023-03-07,27.87124594330564,25.58398920301179
2023-03-08,27.858599571149444,25.76212388123314
2023-03-09,27.96457851773353,25.723169484301753
2023-03-10,27.64025598569404,25.585833214945314
2023-03-11,27.408634467000027,25.634156840460303
2023-03-12,27.484054893698012,25.78864753516124
2023-03-13,27.59332516475147,26.027316380167644
2023-03-14,27.715273806172878,26.565264952408008
2023-03-15,27.899901977017525,26.867472652365393
2023-03-16,28.11671318756839,27.20397073447933
2023-03-17,28.193312849786384,27.372569967324907
2023-03-18,28.26395610491117,27.418543827248193
2023-03-19,28.28775704126244,27.22935360136383
2023-03-20,28.256511284233575,27.06457877539424
2023-03-21,28.213180965824485,26.987817871856798
2023-03-22,28.20111389376425,26.89920585310414
2023-03-23,28.225532751597854,26.8332959227163
2023-03-24,28.26090747839184,26.948900411990348
2023-03-25,28.28930048928697,27.08275749396222
2023-03-26,28.302174408881648,27.140883648245495
2023-03-27,28.304751423982488,27.16697258133259
2023-03-28,28.323808490909705,27.190913482028694
2023-03-29,28.362895382819516,27.536820571103853
2023-03-30,28.426884582905615,27.775210967466972
2023-03-31,28.442747189290294,27.933818724250603
2023-04-01,28.483463547703398,28.04471657905954
2023-04-02,28.55241398152131,28.11449637732633
2023-04-03,28.600504768685642,28.299060946157127
2023-04-04,28.621681210053943,28.314958090637877
2023-04-05,28.601042860217902,28.168599232845573
2023-04-06,28.54511495347223,28.176411422077003
2023-04-07,28.55981475808848,28.295532035800544
2023-04-08,28.610960919131106,28.37118198607757
2023-04-09,28.654105250521567,28.266248046597532
2023-04-10,28.653407850945445,28.108650376473932
2023-04-11,28.584974542173068,28.03155846000853
2023-04-12,28.495549868364414,27.899113510441826
2023-04-13,28.413857150544732,27.82939906236682
2023-04-14,28.347224144782594,27.857492541554198
2023-04-15,28.32027101202103,27.785297627503915
2023-04-16,28.17546625078654,27.257749680352326
2023-04-17,27.959632951948876,26.942336979684615
2023-04-18,27.832339222439362,26.757978406023582
2023-04-19,27.740534655760403,26.49356442676517
2023-04-20,27.69579631254757,26.4349651939196
2023-04-21,27.714705806868267,26.363662452052846
2023-04-22,27.740476351127576,26.38263815882938
2023-04-23,27.818824572805287,26.488613439409015
2023-04-24,27.63227862039273,26.762692143770426
2023-04-25,27.63394360366925,26.74973007529479
2023-04-26,27.716828596383724,26.920562579911916
2023-04-27,27.768253551677326,26.81603778945873
2023-04-28,27.79451911613735,26.629028271061227
2023-04-29,27.830574477597075,26.457171473220637
2023-04-30,27.92278359605265,26.503092768859222
2023-05-01,27.97631213365561,26.472587015201025
2023-05-02,27.922566438719052,26.094084386986793
2023-05-03,27.77086231662091,25.38502912345504
2023-05-04,27.584449676292323,24.819411848273905
2023-05-05,27.441596267841163,24.57800681915046
2023-05-06,27.269634980295976,24.431974712317093
2023-05-07,27.102635940656313,24.34976275039069
2023-05-08,26.956817668145778,24.29823980679074
2023-05-09,26.81232924628267,24.143230572524516
2023-05-10,26.68844227075541,23.93007103281716
2023-05-11,26.618173701029946,23.80117062082682
2023-05-12,26.618128352982097,23.74558033811621
2023-05-13,26.586806388051784,23.68895865890041
2023-05-14,26.56034868943928,23.65573661031397
2023-05-15,26.481998542901614,23.51058957238244
2023-05-16,26.369352170745447,23.419890609461575
2023-05-17,26.21962363810977,23.192473362693562
2023-05-18,26.10806063102297,23.073656769427476
2023-05-19,26.063303349670388,23.072997584884217
2023-05-20,26.055387207338416,23.083226310555485
2023-05-21,26.00271773686129,23.20857224037505
2023-05-22,25.993089276252675,23.26836198323626
2023-05-23,26.000873472530316,23.315209546810628
2023-05-24,26.028875571248783,23.40676658616281
2023-05-25,26.055069771003737,23.568185821849706
2023-05-26,26.07902604149413,23.588003977837758
2023-05-27,26.064186136039943,23.56423781787186
2023-05-28,26.067656782958597,23.553619832362553
2023-05-29,26.089935817299693,23.469582327035088
2023-05-30,26.119280868132567,23.43991618127574
2023-05-31,26.132543257608347,23.472250319647678
2023-06-01,26.06708056677811,23.60078420230146
2023-06-02,25.99793296933471,23.644092910924847
2023-06-03,25.947826274133174,23.620137803665294
2023-06-04,25.975522734046418,23.67073874129848
2023-06-05,26.033935262608892,23.743851399346504
2023-06-06,26.081144670828262,23.84646256570536
2023-06-07,26.169749561214708,24.03314675380026
2023-06-08,26.24400770357977,24.225729507032256
2023-06-09,26.321629445805915,24.38103565847422
2023-06-10,26.329375869291646,24.40230572524506
2023-06-11,26.264226620194105,24.277027986929966
2023-06-12,26.193639786237085,24.201470379315243
2023-06-13,26.129751134218694,24.125578917459872
2023-06-14,26.066394985429007,23.951565563290245
2023-06-15,26.042795517766724,23.79741298479899
2023-06-16,26.06235522154514,23.833335701093915
2023-06-17,26.076550340265563,24.034395510725954
2023-06-18,26.051952718813173,24.009389117772407
2023-06-19,25.991532333509944,23.831203295922716
2023-06-20,25.868010812332333,23.441312686461153
2023-06-21,25.72682795476377,23.066604631339676
2023-06-22,25.629582698612573,22.791228867736894
2023-06-23,25.616127698943597,22.743071459014068
2023-06-24,25.61179479749644,22.877273760477344
2023-06-25,25.623581129748064,23.070765733768997
2023-06-26,25.63193208348518,23.354840176161396
2023-06-27,25.59798340894789,23.368485580338117
2023-06-28,25.535431686094658,23.439519818155983
2023-06-29,25.49216737175882,23.325169768433014
2023-06-30,25.505162598933637,23.22905242221907
2023-07-01,25.519788927708053,23.127464128427327
2023-07-02,25.53070234625961,23.02287114646967
2023-07-03,25.51024509885093,23.06852251740304
2023-07-04,25.504097178527715,23.282545816167076
2023-07-05,25.483771959962855,23.286525074584457
2023-07-06,25.47966923452665,23.173832930814037
2023-07-07,25.454844727953134,23.09439124875693
2023-07-08,25.438062204026927,23.13922858360563
2023-07-09,25.418545530185195,23.214517687171476
2023-07-10,25.384903570718947,23.274395510725956
2023-07-11,25.36155946782799,23.32238954396931
2023-07-12,25.283280623903014,23.17229435999432
2023-07-13,25.206167024042163,22.933696547805084
2023-07-14,25.194067746796005,22.783757636027847
2023-07-15,25.185457909726107,22.73015343088507
2023-07-16,25.161261652647582,22.631078278164516
2023-07-17,25.20206239444313,22.696863190794147
2023-07-18,25.18413602758551,22.814702372496104
2023-07-19,25.12480018710475,22.82915186816309
2023-07-20,25.096164726628498,22.81046455462424
2023-07-21,25.057570267741863,22.649014064497795
2023-07-22,24.978412445772733,22.37691575507885
2023-07-23,24.873762190780518,22.139006961216083
2023-07-24,24.79548916283073,22.016391532888196
2023-07-25,24.751456001424,21.999859355022014
2023-07-26,24.693268433122554,21.960515698252593
2023-07-27,24.617432816173817,21.936597528057973
2023-07-28,24.505652900122573,21.92499218639011
2023-07-29,24.515136540881528,21.971552777383156
2023-07-30,24.599783401496865,22.06684330160535
2023-07-31,24.612923282941978,22.002687881801396
2023-08-01,24.575064907110075,21.976486716863192
2023-08-02,24.6078304550121,22.108934507742582
2023-08-03,24.6415948604166,22.119011223185115
2023-08-04,24.66804891628311,22.01776672822844
2023-08-05,24.693471888763803,21.83313396789317
2023-08-06,24.691470448223317,21.74708197187101
2023-08-07,24.66789923253963,21.571535729507026
2023-08-08,24.60488053449019,21.57216223895439
2023-08-09,24.483133941285566,21.548663162381025
2023-08-10,24.399907027188117,21.607752521665013
2023-08-11,24.262816484253474,21.574519107827822
2023-08-12,24.16320505762172,21.56849978690155
2023-08-13,24.158995285127666,21.634260548373355
2023-08-14,24.25898216296327,21.75286972581333
2023-08-15,24.374288029440024,21.865551924989354
2023-08-16,24.460547860714627,21.85607330586731
2023-08-17,24.393937704904506,21.614946725387128
2023-08-18,24.221343986985506,21.252697826395796
2023-08-19,24.030407408020743,20.935506463986364
2023-08-20,23.94687170911022,20.794958090637877
2023-08-21,23.919105395403548,20.909647677226882
2023-08-22,23.89685235702219,21.028265378604917
2023-08-23,23.92623010977913,21.81382440687598
2023-08-24,23.941669557406428,22.0688364824549
2023-08-25,23.92531143408288,21.459742861201885
2023-08-26,23.919818918270067,21.097668702940762
2023-08-27,23.967854960757695,20.87226310555477
2023-08-28,24.02388666506611,20.75308708623384
2023-08-29,24.046894227903508,20.821010086660042
2023-08-30,24.03061104993875,20.78300184685325
2023-08-31,23.983188996423554,20.79937633186532
2023-09-01,23.862504781104132,20.89642846995312
2023-09-02,23.868632997483214,21.058038073589994
2023-09-03,23.658234861906813,20.79597528057963
2023-09-04,23.77576255505516,21.04419661883791
2023-09-05,23.563919760241163,20.786010796988208
2023-09-06,23.50454732672122,20.683146753800262
2023-09-07,23.37062514488203,20.44759909077993
2023-09-08,23.307066409742664,20.214323057252457
2023-09-09,23.388282176209604,19.94356442676517
2023-09-10,23.401369941550463,20.140617985509305
2023-09-11,23.436725378348825,20.49006961216082
2023-09-12,23.475086618703855,20.72448643273193
2023-09-13,23.469178995429985,20.79227873277454
2023-09-14,23.389754611385275,20.762608325046177
2023-09-15,23.309343270854807,20.803581474641284
2023-09-16,23.269911642712913,20.824188094899846
2023-09-17,23.255017013279556,20.825543401051288
2023-09-18,23.292806218333006,20.778989913339956
2023-09-19,23.392532350067913,20.62211251598239
2023-09-20,23.487354186674185,20.57357437135957
2023-09-21,23.61437860135111,20.76578491262963
2023-09-22,23.68861900602711,20.870180423355592
2023-09-23,23.701350941318697,20.933736326182693
2023-09-24,23.69315935771766,21.00466401477483
2023-09-25,23.64118302314802,20.70467538002557
2023-09-26,23.70641278521051,20.755064639863615
2023-09-27,23.81683312911883,20.762130984514844
2023-09-28,23.511012000364293,20.39599374911209
2023-09-29,23.319969781766392,20.252065634323056
2023-09-30,23.219644521806828,20.232422219065207
2023-10-01,23.163864725800632,20.143499076573384
2023-10-02,23.03723677020896,19.95518255434011
2023-10-03,23.055706092492684,19.946124449495667
2023-10-04,23.09819928304139,19.81952408012502
2023-10-05,23.10135305245556,19.713401051285693
2023-10-06,23.15612030996455,19.753804517687172
2023-10-07,23.23011925853569,19.784475067481186
2023-10-08,23.28011547090772,19.945262111095328
2023-10-09,23.30926025350202,19.851649382014497
2023-10-10,23.253550890816975,19.957114646966904
2023-10-11,23.18676310974597,20.01355448217076
2023-10-12,23.121066931317696,19.934720841028557
2023-10-13,23.08642083650687,19.97843727802245
2023-10-14,23.091314037818307,20.103050149168922
2023-10-15,23.193276360234446,20.325431169200172
2023-10-16,23.362420439116505,20.655517829237102
2023-10-17,23.447686359572053,20.74335701093906
2023-10-18,23.492304533562976,20.67169626367382
2023-10-19,23.572082160479503,20.479676090353745
2023-10-20,23.401503874557104,20.30371359568121
2023-10-21,23.73242399907276,20.583152436425635
2023-10-22,23.730862254528578,20.680735899985795
2023-10-23,23.701790844289196,20.819029691717574
2023-10-24,23.66150244643511,20.816695553345653
2023-10-25,23.603572995661818,20.87613581474642
2023-10-26,23.572698695234646,20.87320926267936
2023-10-27,23.54355883862629,20.914575934081544
2023-10-28,23.497679819187336,20.836806364540422
2023-10-29,23.5359046428454,20.896652933655346
2023-10-30,23.580046113852372,20.68205284841597
2023-10-31,23.46827714673649,20.439730075294786
2023-11-01,23.571505075007384,20.36059525500781
2023-11-02,23.633201373480762,20.343841454752095
2023-11-03,23.678304239659585,20.56476204006251
2023-11-04,23.735134015796323,20.715201022872563
2023-11-05,23.8244762103852,21.179548231282855
2023-11-06,23.935067121733997,21.52092058531041
2023-11-07,23.983602468788295,21.634358573661036
2023-11-08,23.939948401331307,21.53146327603353
2023-11-09,23.854055079974863,21.326248046597534
2023-11-10,23.75756886031729,21.112349765591706
2023-11-11,23.69924530996458,21.088340673391112
2023-11-12,23.664081986621213,21.13001988918881
2023-11-13,23.678382331026324,21.345939764171042
2023-11-14,23.652700081961825,21.391461855377187
2023-11-15,23.635489431897174,21.554071601079695
2023-11-16,23.629587024373297,21.680944736468255
2023-11-17,23.63252400900755,21.42846427049297
2023-11-18,23.7125917309667,21.477445659894872
2023-11-19,23.84921614729942,21.49489842307147
2023-11-20,23.9265649319469,21.281883790311127
2023-11-21,23.803670273537154,21.102726239522664
2023-11-22,24.151182153856336,21.715711038499787
2023-11-23,24.267165633175463,21.79949282568547
2023-11-24,24.338192432195225,21.7946696974002
2023-11-25,24.36927205103156,21.706005114362835
2023-11-26,24.351630811835623,21.557692854098594
2023-11-27,24.322502111136927,21.486059099303883
2023-11-28,24.29114402920822,21.539319505611598
2023-11-29,24.212890684505133,21.578596391532894
2023-11-30,24.14128143938139,21.604801818440126
2023-12-01,24.08197643805675,21.525138513993465
2023-12-02,23.976899588535275,21.326164227873274
2023-12-03,23.760318512600556,20.984178150305446
2023-12-04,23.790881689406213,20.769997158687314
2023-12-05,23.826528276815615,20.59837050717432
2023-12-06,23.945321555121403,20.451260122176443
2023-12-07,24.11147309749321,20.765279158971452
2023-12-08,24.183413646223133,20.99614149737179
2023-12-09,24.236650867635902,21.200940474499216
2023-12-10,24.331578240388115,21.705166927120334
2023-12-11,24.40166281004726,21.983649666145766
2023-12-12,24.459236699837664,22.088859212956397
2023-12-13,24.483394232042944,21.999139082256
2023-12-14,24.494684654104688,21.8542690723114
2023-12-15,24.56817320429186,21.978985651370927
2023-12-16,24.594880824254073,22.071615286262258
2023-12-17,24.52274692022383,22.027650234408306
2023-12-18,24.447313350663933,22.10031822702089
2023-12-19,24.294900900751667,21.99941611024294
2023-12-20,24.664062551743527,21.947040772837052
2023-12-21,24.09829631254766,21.2025926978264
2023-12-22,24.0486531981654,20.992831368092062
2023-12-23,24.096950856045282,21.062999005540565
2023-12-24,24.14183486770209,21.333688023867026
2023-12-25,24.142521090671295,21.54689160392101
2023-12-26,24.244962351392648,22.136186958374765
2023-12-27,24.305046610590534,22.402197755362977
2023-12-28,24.367325127496102,22.694898423071464
2023-12-29,24.39819953141037,22.858363403892607
2023-12-30,24.46799379905289,22.885581758772553
2023-12-31,24.48149298771402,22.891308424492117
2024-01-01,24.482927070569925,22.75524222190652
2024-01-02,24.55312479302572,22.666191220343794
2024-01-03,24.69956015912177,22.744413979258425
2024-01-04,24.79630880137098,22.849073732064223
2024-01-05,24.949672007980965,23.04163801676375
2024-01-06,24.986121965758255,23.248123312970595
2024-01-07,25.048411307414643,23.56609887768149
2024-01-08,25.117766499983453,23.85018184401194
2024-01-09,25.070380025333648,23.75789742861202
2024-01-10,25.062978814120576,23.565980963205
2024-01-11,25.06801546925194,23.540275607330592
2024-01-12,25.106095535152495,23.451872425060387
2024-01-13,25.142596263701712,23.316361699104988
2024-01-14,25.157066078583952,23.080725955391397
2024-01-15,25.20530559741039,23.007378889046745
2024-01-16,25.333757161307428,23.07731211819861
2024-01-17,25.410734282379003,23.01819150447507
2024-01-18,25.46421008295528,23.037719846569114
2024-01-19,25.492485905056842,23.144190936212528
2024-01-20,25.51328722638016,23.23364540417674
2024-01-21,25.56757664254731,23.296964057394522
2024-01-22,25.62241313292716,23.318674527631774
2024-01-23,25.68374778537602,23.293484870009944
2024-01-24,25.764432104182568,23.187162949282573
2024-01-25,25.859851413219857,23.023636880238666
2024-01-26,25.921474153061506,22.8333783207842
2024-01-27,26.005272026194614,22.767045034806078
2024-01-28,26.1174805651224,22.846758062224747
2024-01-29,26.22002688594894,22.994024719420374
2024-01-30,26.27659287346421,23.236141497371786
2024-01-31,26.275177169917562,23.503070038357723
2024-02-01,26.440641930489782,24.12925273476346
2024-02-02,26.42822972894659,23.97834067339111
2024-02-03,26.491645134450426,24.019815314675384
2024-02-04,26.640191451137536,24.285793436567698
2024-02-05,26.740910645097145,25.050126438414548
2024-02-06,26.81322569294963,25.31856797840602
2024-02-07,26.80219754859756,25.51033669555335
2024-02-08,26.812495446567528,25.705174030402056
2024-02-09,26.835919400105947,25.808722829947442
2024-02-10,26.878564116468503,25.792265946867452
2024-02-11,26.963948757326868,25.793899701662177
2024-02-12,26.98682658873394,25.68622957806507
2024-02-13,27.020357092592036,25.637114646966904
2024-02-14,27.047639645494492,25.55115215229437
2024-02-15,27.024339110673235,25.34008097741157
2024-02-16,27.02401349885753,25.108450063929542
2024-02-17,26.99849436616227,24.960964625657045
2024-02-18,26.988798245686596,25.1280281289956
2024-02-19,27.07132515233299,25.233922432163663
2024-02-20,27.10299448206777,25.379899133399633
2024-02-21,27.15394385203833,25.478106265094475
2024-02-22,27.310598321025275,25.60710186105981
2024-02-23,27.4188063797728,25.721373774683904
2024-02-24,27.480365247375552,25.635264952408022
2024-02-25,27.53587417624274,25.60671544253445
2024-02-26,27.570055634665746,25.56577496803523
2024-02-27,27.579724351756827,25.291549936070467
2024-02-28,27.545933826207886,25.00349339394801
2024-02-29,27.507844198099125,24.682146611734627
2024-03-01,27.59746471089846,24.791605341667847
2024-03-02,27.720572656224146,25.22083392527348
2024-03-03,27.689025586150933,25.44522517403041
2024-03-04,27.57038221926015,25.416939906236685
2024-03-05,27.440718469549928,25.033675237959937
2024-03-06,27.361939472464126,24.67278874840176
2024-03-07,27.74765734178893,24.739413268930253
2024-03-08,27.269066091002337,24.014716579059524
2024-03-09,27.265437170911042,23.96905100156272
2024-03-10,27.30076205831707,24.050133541696276
2024-03-11,27.300466478458144,23.84267083392527
2024-03-12,27.18994624879954,23.368504048870587
2024-03-13,26.971573604166004,22.20303452194914
2024-03-14,27.06168371444186,22.519183122602648
2024-03-15,26.969652448918747,22.36706066202586
2024-03-16,26.760959221942603,22.048977127432874
2024-03-17,26.56987952031659,21.658894729364974
2024-03-18,26.402564638043458,21.42702230430459
2024-03-19,26.25528214723315,21.104274754936785
2024-03-20,26.26256507268933,21.02740446086092
2024-03-21,26.297273673709217,21.07949566699815
2024-03-22,26.33626775838655,21.16428896150022
2024-03-23,26.382507492466125,21.208728512572804
2024-03-24,26.40555382157167,21.156998153146752
2024-03-25,26.354431172798623,21.044220769995736
2024-03-26,26.259732672119792,20.924725102997588
2024-03-27,26.145522258005805,20.653264668276755
2024-03-28,26.032688263734787,20.529248472794436
2024-03-29,25.880529419313174,20.47030828242648
2024-03-30,25.7904476438057,20.333477766728233
2024-03-31,25.697149365003217,20.19890609461571
2024-04-01,25.767887455707474,20.41046029265521
2024-04-02,25.807585314766367,20.631039920443246
2024-04-03,25.897648048647223,20.977921579769855
2024-04-04,26.018470874590154,21.193858502628217
2024-04-05,26.111912731397084,21.144743571530046
2024-04-06,26.124083952876124,20.986844722261683
2024-04-07,26.093942134152336,21.111501633754795
2024-04-08,26.052705049342663,21.3418042335559
2024-04-09,25.991713228963192,21.34581190510016
2024-04-10,25.931109423121566,21.429637732632486
2024-04-11,25.866841428784248,21.517506748117636
2024-04-12,25.75789658326982,21.55481318369086
2024-04-13,25.60869314418651,21.45029549651939
2024-04-14,25.39437071563403,21.213347066344653
2024-04-15,25.175348730834198,20.94105412700668
2024-04-16,25.02815426615231,20.74258843585736
2024-04-17,24.955903297513,20.470031254439547
2024-04-18,24.967178983011557,20.24573661031397
2024-04-19,25.03966223879862,20.226647251029977
2024-04-20,25.296536162532654,20.52264810342378
2024-04-21,25.65861101682289,21.100554055973856
2024-04-22,25.848950144054047,21.72982810058247
2024-04-23,25.900644538364787,21.97452905242222
2024-04-24,25.85194586796703,21.77992186390112
2024-04-25,25.79724233781503,22.08409575223754
2024-04-26,25.73999701957151,21.874602926552058
2024-04-27,25.739605879723165,21.652408012501777
2024-04-28,25.754461887770272,21.545560448927404
2024-04-29,25.695635121038478,21.48207557891746
2024-04-30,25.652554641189514,21.468363403892603
2024-05-01,25.56839234857766,21.387869015485155
2024-05-02,25.432600030632237,21.077073447932943
2024-05-03,25.29113937228864,20.624277596249467
2024-05-04,25.09827153773556,20.08845574655491
2024-05-05,24.84818160744443,19.87887057820713
2024-05-06,24.768043700533177,20.092761755931246
2024-05-07,24.659259591184618,19.892852677937206
2024-05-08,24.517754454084898,19.66958232703509
2024-05-09,24.34082493707985,19.759119193067193
2024-05-10,24.15115932460176,19.62899275465265
2024-05-11,23.914765249859258,19.226097457025148
2024-05-12,23.660374437030153,19.07645830373633
2024-05-13,23.509170592277332,19.02925841738884
2024-05-14,23.428361012683382,18.993436567694282
2024-05-15,23.410383212736384,18.963320073874137
2024-05-16,23.452890974268957,18.848839323767585
2024-05-17,23.498313760472886,18.967164369938917
2024-05-18,23.424347099877462,18.950130700383575
2024-05-19,23.30300013246348,18.943642562864042
2024-05-20,23.11035794118626,18.80195624378463
2024-05-21,22.9433917897473,18.837135956812048
2024-05-22,22.90474821588233,18.791451910782783
2024-05-23,22.924869647647075,18.68624520528484
2024-05-24,22.999517936384414,18.845331723256148
2024-05-25,23.005120086432466,19.040066770848135
2024-05-26,23.01140895618767,19.059450205995173
2024-05-27,22.984430386296687,19.037343372638162
2024-05-28,23.037330343246108,19.117451342520248
2024-05-29,23.064396980660323,19.072062793010364
2024-05-30,23.11626875186274,19.12884216508027
2024-05-31,23.110423096665265,19.042893876971156
2024-06-01,23.062876154916022,19.125216650092348
2024-06-02,23.01119115723415,19.229978690154855
2024-06-03,22.946888494718028,19.162446370223044
2024-06-04,22.903280789482395,19.062504617133115
2024-06-05,22.92569131453456,19.192015911351046
2024-06-06,22.97288085323042,19.263727802244638
2024-06-07,23.02981579295961,19.33614433868447
2024-06-08,22.961618931516412,19.08549936070465
2024-06-09,22.82724490429513,18.920562579911927
2024-06-10,22.776490607510723,18.837130274186674
2024-06-11,22.772114924495856,18.840929109248474
2024-06-12,22.732093357783903,18.870527063503335
2024-06-13,22.737181135543292,19.118725671260126
2024-06-14,22.727951183064533,19.126956954112803
2024-06-15,22.66006857055338,19.277520954681062
2024-06-16,22.5543001995231,19.453852820002844
2024-06-17,22.31460850829554,19.344317374627074
2024-06-18,22.169044648475023,19.04193493393948
2024-06-19,22.01635779216475,18.723041625230863
2024-06-20,21.922407441136492,18.684325898565138
2024-06-21,21.90478195267745,18.89093621253019
2024-06-22,21.855630919462218,19.37960647819293
2024-06-23,21.99646090671259,19.551576928540992
2024-06-24,21.931271608106762,19.55010939053843
2024-06-25,21.94600239676128,19.843503338542405
2024-06-26,22.01273319783416,20.118869157550787
2024-06-27,22.049445391926326,20.115742292939338
2024-06-28,22.051979377090426,19.991956243784635
2024-06-29,22.070530288604882,20.032886773689448
2024-06-30,22.111387989700944,20.177198465691156
2024-07-01,22.13810699324437,20.210676232419377
2024-07-02,22.29354770341422,20.16682199176019
2024-07-03,22.503667106831728,20.377836340389262
2024-07-04,22.640208216047956,20.835144196618835
2024-07-05,22.631874006523883,21.091095326040634
2024-07-06,22.574559558896542,21.2093919590851
2024-07-07,22.43872054757099,20.965995169768437
2024-07-08,22.198708667251708,20.425022020173323
2024-07-09,22.009789631420315,19.83106975422645
2024-07-10,21.70479873828523,18.90043187952835
2024-07-11,21.72906522171079,18.735705355874412
2024-07-12,21.717127570619606,18.754627077709905
2024-07-13,21.60747601168991,18.73556186958375
2024-07-14,21.481062419280033,18.687913055831796
2024-07-15,21.396526786601346,18.66106691291377
2024-07-16,21.318534498460135,18.469465833214947
2024-07-17,21.241394902639346,18.218092058531045
2024-07-18,21.180195425042132,18.00939906236681
2024-07-19,21.091424810411635,18.04605341667851
2024-07-20,21.003527585521784,18.016132973433727
2024-07-21,20.913695772758825,17.954850120755793
2024-07-22,20.780484588700848,17.942106833357013
2024-07-23,20.620418998575985,17.910667708481324
2024-07-24,20.579271968241876,17.980510015627225
2024-07-25,20.609399215981675,18.035652791589715
2024-07-26,20.643449452760166,18.039156130132124
2024-07-27,20.68227524671322,18.01820002841313
2024-07-28,20.66031437311655,18.007478334990765
2024-07-29,20.689143706328462,18.169228583605626
2024-07-30,20.75289890138091,18.43365819008382
2024-07-31,20.905070743782453,18.590312544395513
2024-08-01,21.036964267973605,18.819181701946302
2024-08-02,21.04235346226446,19.149477198465686
2024-08-03,21.02638099397292,19.619704503480612
2024-08-04,21.031278810809017,20.029803949424636
2024-08-05,20.860390125674748,20.178349197329172
2024-08-06,21.004596027751074,20.10025145617275
2024-08-07,20.909589032023085,19.17849126296349
2024-08-08,20.817724339338376,18.609264100014205
2024-08-09,20.780996311719758,18.457128853530335
2024-08-10,20.78313868099482,18.4696022162239
2024-08-11,20.75144232042919,18.471167779514136
2024-08-12,20.703629830777878,18.572902400909218
2024-08-13,20.633070151836257,18.684952408012503
2024-08-14,20.674305974103376,19.010943315811907
2024-08-15,20.739724662218105,19.008241227447087
2024-08-16,20.841135087922652,18.84994885637164
2024-08-17,21.020378597211696,18.87583037363262
2024-08-18,21.022389392986124,19.002088364824548
2024-08-19,20.95702375235949,19.08489416110243
2024-08-20,20.86766460658342,19.08014064497798
2024-08-21,20.801407031327624,18.907849126296345
2024-08-22,20.722769604596508,18.627212672254583
2024-08-23,20.532092178030958,18.34047165790595
2024-08-24,20.39454304235517,18.060098025287683
2024-08-25,20.39968274994205,18.0173021736042
2024-08-26,20.412868372686013,18.04657195624379
2024-08-27,20.37464721247151,17.924987924421085
2024-08-28,20.348311711428302,17.8556556329024
2024-08-29,20.350954109679737,17.758498366245203
2024-08-30,20.379902887704088,17.598818013922436
2024-08-31,20.414490470907715,17.45695127148743
2024-09-01,20.433248625691302,17.414435289103572
2024-09-02,20.32732187800114,17.616783634038924
2024-09-03,20.288142220253693,17.78621395084529
2024-09-04,20.250322383018165,17.87921721835488
2024-09-05,20.32101661588903,17.888684472226174
2024-09-06,20.416155868132652,18.186141497371782
2024-09-07,20.50688325827066,18.60249183122603
2024-09-08,20.57605960443094,18.845995169768432
2024-09-09,20.597410318077937,18.930953260406316
2024-09-10,20.5804597931914,18.99987072027277
2024-09-11,20.569902991191213,19.07515982383861
2024-09-12,20.557479695830704,19.078289529762746
2024-09-13,20.648936814915363,18.9858658900412
2024-09-14,20.793517671457373,18.95783207842023
2024-09-15,20.881433648210102,18.872821423497655
2024-09-16,20.80563667334502,18.828413126864618
2024-09-17,20.97766584842863,18.848634749254153
2024-09-18,20.52612200715301,18.505814746412845
2024-09-19,20.32299733831175,18.26703366955534
2024-09-20,20.058049702785066,18.1410811194772
2024-09-21,20.069157118256847,18.295958232703512
2024-09-22,19.96742960807369,18.064958090637877
2024-09-23,19.84721909461206,17.75474357153005
2024-09-24,19.754026848693616,17.325489416110244
2024-09-25,19.758769766036412,17.135134252024436
2024-09-26,19.868348614928625,17.027025145617273
2024-09-27,19.941856165347552,17.026111663588576
2024-09-28,20.096524406397993,17.120687597670127
2024-09-29,20.118698359936474,17.345115783491973
2024-09-30,20.15484342401564,17.694860065350195
2024-10-01,20.203638089048596,18.00795993749112
2024-10-02,20.28312611766073,18.14450348060804
2024-10-03,20.296509173096634,18.25774825969598
2024-10-04,20.302789950160605,18.32056257991192
2024-10-05,20.251106359903343,18.679056684188097
2024-10-06,20.206024667185478,18.451088222758916
2024-10-07,20.262953687452395,18.48792015911351
2024-10-08,20.195537429214816,18.51844580196051
2024-10-09,20.442558221843242,18.772568546668563
2024-10-10,20.524302434844497,18.73513993464981
2024-10-11,20.565346909461216,18.747066344651234
2024-10-12,20.725414258866778,19.096427049296775
2024-10-13,20.726983268205462,19.1275351612445
2024-10-14,20.80643830512962,19.09561727518113
2024-10-15,20.838347455873123,18.828952976275044
2024-10-16,20.927231037023585,18.76180707486859
2024-10-17,20.960796747193402,18.925310413410998
2024-10-18,20.929507918833036,19.21373064355732
2024-10-19,20.799573881511385,19.44706066202586
2024-10-20,20.794713940954434,20.087815030544107
2024-10-21,21.08320143557306,20.736380167637446
2024-10-22,20.83110594595488,20.05175735189658
2024-10-23,21.00570545087261,20.21715016337548
2024-10-24,20.89678869175745,19.432704929677517
2024-10-25,20.7449090348379,18.869066628782495
2024-10-26,20.554908682981775,18.469968745560454
2024-10-27,20.595584060502677,18.364665435431174
2024-10-28,20.62781244825643,18.26305583179429
2024-10-29,20.67201565966821,18.27672964909788
2024-10-30,20.648533360101982,18.160590993038785
2024-10-31,20.740715613305948,18.035370080977412
2024-11-01,20.82318421531941,17.898782497513853
2024-11-02,20.90798771401135,17.88199033953687
2024-11-03,21.051152763519585,18.12698110527064
2024-11-04,21.167077565652228,18.215652791589715
2024-11-05,21.25389341242513,18.374808921721836
2024-11-06,21.195130766301265,18.62396221054127
2024-11-07,21.33258572871473,18.989867878960077
2024-11-08,21.45233274414682,19.186797840602356
2024-11-09,21.541766317846132,19.189056684188095
2024-11-10,21.40367637927608,19.259860775678366
2024-11-11,21.669882645626988,19.06704929677511
2024-11-12,21.736995645262777,18.969427475493674
2024-11-13,21.839566720204026,19.08578633328598
2024-11-14,21.9200547860715,19.179372069896292
2024-11-15,22.26755716627478,19.46971302741867
2024-11-16,22.523621137861387,19.747566415684044
2024-11-17,22.646144898499873,19.910323909646255
2024-11-18,22.508494635228626,19.627043614149734
2024-11-19,22.808315726727848,20.409065208126158
2024-11-20,22.87518205450872,20.825010654922576
2024-11-21,22.90486120309966,21.129092200596677
2024-11-22,22.96624687468956,21.191991760193215
2024-11-23,22.897515895618724,21.105475209546814
2024-11-24,22.803539796999726,21.049715868731358
2024-11-25,22.738020974765725,21.07130274186674
2024-11-26,22.654437506209177,21.108487000994455
2024-11-27,22.528624801304726,20.94020883648246
2024-11-28,22.400852547438518,20.64177013780367
2024-11-29,22.328631817730226,20.393938059383434
2024-11-30,22.27921496754645,20.13968035232277
2024-12-01,22.303730316753278,19.971251598238386
2024-12-02,22.331440602543275,19.81581758772553
2024-12-03,22.360677881908817,19.83202159397642
2024-12-04,22.375250852733696,19.86949992896719
2024-12-05,22.43401008378317,19.840286972581335
2024-12-06,22.493248439414483,19.66925131410712
2024-12-07,22.528330546080703,19.633972155135673
2024-12-08,22.58862856823518,19.646074726523658
2024-12-09,22.576336991257424,19.617543685182554
2024-12-10,22.510581494022635,19.45785622957807
2024-12-11,22.537881867404057,19.44731353885495
2024-12-12,22.543914813557624,19.471699104986506
2024-12-13,22.574293286584783,19.51037363261827
2024-12-14,22.554591350134146,19.324507742577072
2024-12-15,22.625309592012464,19.041723256144344
2024-12-16,22.54651563069185,18.682226168489844
2024-12-17,22.627614663708346,18.64564995027703
2024-12-18,22.676670012749618,18.852396647251027
2024-12-19,22.76687290956054,19.24409717289388
2024-12-20,22.86442065850913,19.563618411706212
2024-12-21,22.893335989502262,19.70604063077142
2024-12-22,22.91667295178336,19.85645546242365
2024-12-23,22.932219984601076,19.946762324193777
2024-12-24,22.977521835778436,19.943764739309565
2024-12-25,23.03114963820902,19.931693422361132
2024-12-26,23.127697246415206,20.04318369086518
2024-12-27,23.271273160413326,20.068646114504908
2024-12-28,23.415693156604963,19.965090211677797
2024-12-29,23.513725970295116,20.006098877681488
2024-12-30,23.578654440010578,20.008562295780646
2024-12-31,23.516901078749562,19.836731069754226
2025-01-01,23.653126531609175,20.09569399062367
2025-01-02,23.7637625426367,20.52219065208126
2025-01-03,23.974638809318847,21.390853814462286
2025-01-04,24.125336767725326,21.624737888904676
2025-01-05,24.145528032586025,21.5135161244495
2025-01-06,24.25946706212538,21.86839892030118
2025-01-07,24.277081725833728,21.99126438414548
2025-01-08,24.276492159817163,22.122895297627515
2025-01-09,24.197293605325072,21.924057394516268
2025-01-10,24.11771597758056,21.953430885068904
2025-01-11,23.95848749461874,21.880507174314538
2025-01-12,23.869058019008513,21.69325188236965
2025-01-13,23.977340526376828,21.72948714306009
2025-01-15,24.02217033148986,21.59490126438414
2025-01-16,24.118497967513395,21.36088506890184
2025-01-17,24.23566600158959,21.19770990197471
2025-01-18,24.358565130642123,21.243913908225608
2025-01-19,24.439700177169925,21.36009234266231
2025-01-20,24.43289968788297,21.27509589430317
2025-01-21,24.374107237473904,21.040893592839893
2025-01-22,24.343773450177203,20.833572950703225
2025-01-23,24.35591203182439,20.662737604773408
2025-01-24,24.393541411398477,20.62259127717006
2025-01-25,24.387782126535743,20.55356158545248
2025-01-26,24.34348016773195,20.455586020741585
2025-01-27,24.342879073252377,20.407201307003838
2025-01-28,24.454104608901563,20.72952976275039
2025-01-29,24.567108363413574,20.649043898281004
2025-01-30,24.778461291684636,20.695925557607616
2025-01-31,24.887418679835726,20.76084671118057
2025-02-01,25.032820996291044,21.015139934649813
2025-02-02,25.21840453935821,21.32764739309561
2025-02-03,25.453148325992718,21.73908083534593
2025-02-04,25.635773131436878,22.154577354737885
2025-02-05,25.795678171672733,22.562557181417823
2025-02-06,25.99425193313895,23.281007245347354
2025-02-07,26.161784241812096,24.2460960363688
2025-02-08,26.388547620624635,24.808617701378036
2025-02-09,26.61399193214558,24.976061940616567
2025-02-10,26.787411932476722,25.539677511010087
2025-02-11,26.851115073517217,25.789794004830227
2025-02-12,26.95593972497271,25.850130700383577
2025-02-13,26.97777924959436,25.965929819576644
2025-02-14,26.98647580885517,25.942815740872287
2025-02-15,27.049898147994842,26.00305867310698
2025-02-16,27.064807969334698,25.823082824264805
2025-02-17,27.008169934099417,25.56463702230431
2025-02-18,26.944038894592175,24.78651086802103
2025-02-19,27.02282726760946,25.177346213950845
2025-02-20,27.046214462529367,25.152636738173033
2025-02-21,27.077245752889283,25.334090069612163
2025-02-22,27.140348772228993,25.465591703366957
2025-02-23,27.24894801221975,25.74430458871999
2025-02-24,27.328418510116958,26.14741014348629
2025-02-25,27.398391106732475,26.227918738457166
2025-02-26,27.50114663708319,26.523598522517403
2025-02-27,27.595226450475206,26.946695553345645
2025-02-28,27.792169110342137,27.292034379883503
2025-03-01,27.968382538000526,27.357677226878824
2025-03-02,28.05154508312085,27.43178008239807
2025-03-03,28.084959391661428,27.371047023724966
2025-03-04,28.09746247557708,27.20138798124734
2025-03-05,28.078304550120862,27.02940474499219
2025-03-06,28.064184438851548,26.787658758346364
2025-03-07,28.076849273106564,26.723851399346497
2025-03-08,28.058354534390787,26.44162523085666
2025-03-09,27.98879950822929,25.98470379315244
2025-03-10,27.98044942378379,25.470728796704083
2025-03-11,27.955983769083044,25.12261969029691
2025-03-12,27.931903045004436,25.030571103849983
2025-03-13,27.90494523462591,24.740427617559316
2025-03-14,27.897353586448983,24.81523653928115
2025-03-15,27.926295865483336,25.12212672254582
2025-03-16,27.931352307348472,25.056785054695272
2025-03-17,27.835444208033792,24.945681204716585
2025-03-18,27.641075375865245,24.543182270208842
2025-03-19,27.494241791403113,24.284344367097606
2025-03-20,27.131966896545997,23.375343088506888
2025-03-21,27.15177728747887,23.225733769001277
2025-03-22,27.08587999221775,22.949904816025008
2025-03-23,27.173194274265622,23.035972439266942
2025-03-24,27.29190869540022,23.272165080267087
2025-03-25,27.33446321240525,23.551443386844724
2025-03-26,27.3851924653111,24.076584742150867
2025-03-27,27.604730043547356,25.333554482170765
2025-03-28,27.55409844107033,25.68457167211252
2025-03-29,27.615018979534483,25.95395368660321
2025-03-30,27.635620612146898,26.199636311976136
2025-03-31,27.579597538662803,26.283949424634187
2025-04-01,27.504172123886455,26.062288677368954
2025-04-02,27.408209010828966,25.330964625657053
2025-04-03,27.4221658194522,24.837133115499366
2025-04-04,27.413589636387684,24.73920585310413
2025-04-05,27.449876312216443,24.659238528200028
2025-04-06,27.427784734410736,24.50365250745845
2025-04-07,27.36317407358353,24.319163233413835
2025-04-08,27.259082731728363,24.056803523227735
2025-04-09,27.115053668410823,23.66834777667282
2025-04-10,26.96846580372219,23.41552919448786
2025-04-11,26.774122822631366,22.870930529904822
2025-04-12,26.596525875914836,22.399910498650378
2025-04-13,26.477485139252305,22.149090779940334
2025-04-14,26.393358591085203,22.138026708339257
2025-04-15,26.253162607212595,21.958066486716866
2025-04-16,26.085907292115177,21.646471089643413
2025-04-17,25.921772899625807,21.316458303736322
2025-04-18,25.74225274861745,20.931092484727948
2025-04-19,25.480454391164695,20.797479755647114
2025-04-20,25.317751846209894,20.82389259838045
2025-04-21,25.197126825512424,20.791433442250323
2025-04-22,25.19580494337183,20.668151726097463
2025-04-23,25.21933261168328,20.6301676374485
2025-04-24,25.207614125575358,20.638482739025427
2025-04-25,25.213517774944513,20.709261258701517
2025-04-26,25.225529440010526,20.827607614717998
2025-04-27,25.228236745372115,21.125205284841602
2025-04-28,25.187030106467613,20.95003551640858
2025-04-29,25.195484878464736,20.886111663588583
2025-04-30,25.145484174752482,20.798722829947437
2025-05-01,25.086435655859812,20.68646256570536
2025-05-02,25.014095584826393,20.579782639579488
2025-05-03,24.94903578997917,20.485941184827393
2025-05-04,25.26597758055442,21.31191930671971
2025-05-05,24.849910628539277,20.623790311123738
2025-05-06,24.780045203165866,20.493639721551364
2025-05-07,24.67827348329304,20.548779656201166
2025-05-08,24.539548071828296,19.840187526637305
2025-05-09,24.437874954465656,19.517117488279588
2025-05-10,24.317156836771893,19.25800113652507
2025-05-11,24.35675859770843,19.177780934791876
2025-05-12,24.329716466039642,19.59155988066487
2025-05-13,24.30132790508997,19.916502344082968
2025-05-14,24.33106914594166,19.90387839181702
2025-05-15,24.404405797761473,20.084401193351326
2025-05-16,24.478735905056787,20.26453615570394
2025-05-17,24.5543288447528,20.463930956101727
2025-05-18,24.607884144120266,20.641432021593975
2025-05-19,24.663985329668574,20.725421224605768
2025-05-20,24.763915310295744,20.857823554482174
2025-05-21,24.817026608603506,20.848505469526923
2025-05-22,24.787045919296595,20.82142918028129
2025-05-23,24.77593672384674,20.825118624804663
2025-05-24,24.82600473556976,20.936624520528483
2025-05-25,24.87354584064635,21.094432447790886
2025-05-26,24.82427766003239,21.09741440545532
2025-05-27,24.702658790608343,20.94867310697543
2025-05-28,24.580700731860766,20.882072737604773
2025-05-29,24.311706688578393,20.863554482170766
2025-05-30,24.160557691989297,20.758941611024294
2025-05-31,24.1738073939464,20.685235118624806
2025-06-01,24.166005335794985,20.661802812899566
2025-06-02,24.11384278653513,20.555520670549797
2025-06-03,24.01048274663045,20.48910356584742
2025-06-04,23.97280932294597,20.396398636169906
2025-06-05,24.01345504106369,20.400994459440263
2025-06-06,24.07197612759551,20.47909504190936
2025-06-07,24.120015274696158,20.49015343088507
2025-06-08,24.069847687684177,20.287827816451202
2025-06-09,23.96908769910916,20.133331439124873
2025-06-10,23.909498894757775,20.402949282568553
2025-06-11,23.92265452693979,20.349328029549657
2025-06-12,23.97712806735764,20.30454894161103
2025-06-13,24.04331777577239,20.36754084386987
2025-06-14,24.02912774861738,20.34004972297202
2025-06-15,24.083224782263155,20.42728938769712
2025-06-16,24.087865847600806,20.37320500071033
2025-06-17,23.951597075040606,20.330721693422355
2025-06-18,23.74955477779257,20.27135672680779
2025-06-19,23.50915119879461,20.088836482454898
2025-06-20,23.334206585091284,19.816726807785198
2025-06-21,23.188401414047767,19.639414689586587
2025-06-22,23.495625931383913,20.152963489131984
2025-06-23,22.977160044872015,19.774507742577075
2025-06-24,22.923336403450687,19.73807358999858
2025-06-25,22.900952267609355,19.724286120187525
2025-06-26,22.897694493658296,19.641990339536868
2025-06-27,22.942211540053712,19.731363830089503
2025-06-28,22.98665732523098,19.726694132689303
2025-06-29,22.904528988806874,19.5720670549794
2025-06-30,22.858669238666092,19.65522659468674
2025-07-01,22.860997946816003,19.939444523369794
2025-07-02,22.917149696161882,20.24374342946441
2025-07-03,22.89022854091469,20.41349765591703
2025-07-04,22.88177552819818,20.774923994885647
2025-07-05,22.826785255985683,21.033045887199886
2025-07-06,22.807818140046965,21.33827532319932
2025-07-07,22.73152715915491,21.54554624236397
2025-07-08,22.617595973937824,21.04869157550788
2025-07-09,22.577074750803096,20.65947719846569
2025-07-10,22.54192947561018,20.254977979826684
2025-07-11,22.582585149186965,20.200120755789175
2025-07-12,22.615076973706046,20.077147322062796
2025-07-13,22.67074819104539,20.066998153146752
2025-07-14,22.675771227274247,20.14421792868305
2025-07-15,22.620075090240785,20.108414547520955
2025-07-16,22.57575808441238,19.903081403608468
2025-07-17,22.485840605027004,19.727172893876972
2025-07-18,22.4599978474683,19.65601647961358
2025-07-19,22.458521045136987,19.69754226452621
2025-07-20,22.434297964201757,19.829737178576508
2025-07-21,22.362740752392657,19.865894303168066
2025-07-22,22.251011731297744,19.86941326893025
2025-07-23,22.1798732489983,19.936942747549374
2025-07-24,22.11375805129654,19.92482312828527
2025-07-25,21.99361735023349,19.806002273050147
2025-07-26,21.899956100771586,19.58205284841597
2025-07-27,21.81235917475241,19.388467111805653
2025-07-28,21.721568326323794,19.470629350760053
2025-07-29,21.683861517700414,19.616162807216934
2025-07-30,21.69962668063054,19.482220485864474
2025-07-31,21.71904897423582,19.337506748117633
2025-08-01,21.724522655396314,19.285144196618834
2025-08-02,21.72207984236842,19.31129279727234
2025-08-03,21.771799619995356,19.298386134394093
2025-08-04,21.80146059625118,19.349518397499647
2025-08-05,21.877270651885954,19.846998153146753
2025-08-06,21.837136946551055,19.83751811336838
2025-08-07,21.721437932576062,19.68481176303452
2025-08-08,21.596280507997427,19.439646256570533
2025-08-09,21.489772452561525,19.188560875124306
2025-08-10,21.48942742656554,19.0773050149169
2025-08-11,21.465485727058983,18.918792442108256
2025-08-12,21.5364416788091,18.835763602784482
2025-08-13,21.573766971884606,18.87110669129138
2025-08-14,21.568857109149857,18.900558317942888
2025-08-15,21.44680504271947,18.846922858360564
2025-08-16,21.34155808110076,18.855232277312126
2025-08-17,21.245440275524054,18.754172467680068
2025-08-18,21.14713849885747,18.522182128143207
2025-08-19,20.98232775606848,18.161689160392104
2025-08-20,20.842983553829825,17.98846142918029
2025-08-21,20.758717670629505,17.91131268646114
2025-08-22,20.701321923535403,17.83597670123597
2025-08-23,20.70104815875746,17.946321920727378
2025-08-24,20.627291121634663,17.99656059099304
2025-08-25,20.54242399907278,18.222368234124172
2025-08-26,20.44119703530155,18.34220059667567
2025-08-27,20.30279779448288,18.29381588293792
2025-08-28,20.236623919594656,18.18237107543685
2025-08-29,20.20396868894258,18.059043898281004
2025-08-30,20.264171606451008,18.111251598238386
2025-08-31,20.32189010911683,18.296787896007956
2025-09-01,20.363885712984718,18.461369512714878
2025-09-02,20.76002672036959,19.27892882511721
2025-09-03,20.58123408368384,19.120304020457457
2025-09-04,20.314185266748385,18.527648813751956
2025-09-05,20.135187663509626,18.390143486290665
2025-09-06,20.180090178660137,18.47585878675948
2025-09-07,20.26216565387292,18.691944878533885
2025-09-08,20.141204134516705,18.441467538002556
2025-09-09,20.094702743650007,18.256344651228872
2025-09-10,20.510641206080003,18.589033953686602
2025-09-11,20.57414221611415,18.7063261826964
2025-09-12,20.515642323740742,18.483403892598382
2025-09-13,20.824827549094294,19.517722687881808
2025-09-14,20.626898160413297,19.26277170052565
2025-09-15,20.567675493426535,19.433165222332715
2025-09-16,20.475736248633975,19.618793862764598
2025-09-17,20.55914072589997,19.509164654070183
2025-09-18,20.71609580421893,19.23178718567979
2025-09-19,20.795365640626606,19.44761187668703
2025-09-20,20.512923220849707,18.68407444239239
2025-09-21,20.485929748816122,18.628373348487003
2025-09-22,20.37687373745736,18.596060519960226
2025-09-23,20.63854548879025,18.927313538854946
2025-09-24,20.80747874374942,18.92740446086092
2025-09-25,20.527887993840505,18.747840602358288
2025-09-26,20.630274282213463,18.976596107401626
2025-09-27,20.70433215634001,19.043253303026
2025-09-28,20.472051714574235,18.841223185111524
2025-09-29,20.507161100440452,19.101953402471946
2025-09-30,20.399405963340804,19.398839323767582
2025-10-01,20.45822399576113,19.317658758346354
2025-10-02,20.889298605821743,19.21640005682626
2025-10-03,20.530385261780996,19.459430316806365
2025-10-04,20.745895660164894,19.328714306009385
2025-10-05,20.74480351938934,18.668307998295216
2025-10-06,20.72788445458154,18.416123028839326
2025-10-07,20.765090509818833,18.606080409149033
2025-10-08,20.77100634996857,18.72550078136099
2025-10-09,21.00272384260021,19.020424776246635
2025-10-10,20.534613041030536,18.77577638869158
2025-10-11,20.578120901910758,18.982193493393943
2025-10-12,20.617473362420103,18.837762466259413
2025-10-13,20.516369486207253,19.139890609461574
2025-10-14,20.24952832648936,18.645469526921435
2025-10-15,20.49097853263572,18.499859355022025
2025-10-16,20.21270871278604,17.813273192214808
2025-10-17,20.730225601880964,18.484592981957665
2025-10-18,21.11752914196772,18.806669981531474
2025-10-19,21.413084515845963,19.4842392385282
2025-10-20,21.38517396181737,19.793136809205862
2025-10-21,21.391204714044445,20.041184827390257
2025-10-22,21.344966139020407,20.22478334990766
2025-10-23,21.360919565685315,20.429345077425772
2025-10-24,21.37801971222312,20.21051285693991
2025-10-25,21.32820375368419,20.035861628072176
2025-10-26,21.295893052289994,19.75300326750959
2025-10-27,21.304384065470124,19.609353601363832
2025-10-28,21.33817119664211,19.47279443102714
2025-10-29,21.300234688048498,19.477070606620263
2025-10-30,21.2772973101633,19.308285267793725
2025-10-31,21.234838125476013,18.93685892882512
2025-11-01,21.153680808523966,18.439789742861205
2025-11-02,21.172562050865942,18.287037931524367
2025-11-03,21.206823732489944,18.535611592555764
2025-11-04,21.219089354902803,19.0604404034664
2025-11-05,21.1453345737987,19.517540843869874
2025-11-06,21.05491950773252,19.23439266941327
2025-11-07,20.94504698314401,18.737958516834777
2025-11-08,20.892455045203157,18.51075436851826
2025-11-09,20.824439700135805,18.459681772979117
2025-11-10,20.823547185978693,18.49088933087086
2025-11-11,20.867154435871107,18.58008666003694
2025-11-12,20.870406393847084,18.74803665293366
2025-11-13,20.814325305493938,18.636475351612443
2025-11-14,20.79386309070436,18.470073874129845
2025-11-15,20.78270006126437,18.32953828668845
2025-11-16,20.891762613007838,18.3676502344083
2025-11-17,21.058968916614194,18.675067481176306
2025-11-18,21.222758200317926,18.937667282284416
2025-11-19,21.295421751332945,19.241947719846575
2025-11-20,21.316315424545436,19.402548657479752
2025-11-21,21.4432692610193,19.639330870862345
2025-11-22,21.514621340696078,19.88245915613014
2025-11-23,21.686984779117132,20.080515698252594
2025-11-24,21.861250827896857,20.171711890893594
2025-11-25,21.989787416796336,20.310846711180567
2025-11-26,22.086011110375196,20.280814036084674
2025-11-27,22.108235793290653,20.196222474783355
2025-11-28,22.08640876991089,20.126898707202727
2025-11-29,22.092980635493586,20.21032675095894
2025-11-30,22.084851702983745,20.157302173604208
2025-12-01,22.043137480544427,20.021359568120477
2025-12-02,21.996902382687036,19.674818866316233
2025-12-03,21.94368606566876,19.23486006535019
2025-12-04,21.965804570818246,18.929528342094056
2025-12-05,22.071356446832436,18.853598522517405
2025-12-06,22.14193734062991,18.95466259411848
2025-12-07,22.207854629598867,19.155746554908365
2025-12-08,22.276883009901603,19.149877823554483
2025-12-09,22.31290374457727,19.032952123881234
2025-12-10,22.323637199059515,18.987800823980685
2025-12-11,22.264127272576747,19.096438414547524
2025-12-12,22.217401169818185,19.196330444665442
2025-12-13,22.3869742441302,19.571750248614862
2025-12-14,22.217786286717242,19.471592555760765
2025-12-15,22.193726901678925,19.459724392669422
2025-12-16,22.14572494784249,19.50469811052707
2025-12-17,22.175388656157885,19.555884358573664
2025-12-18,22.310252280855806,19.574781929251316
2025-12-19,22.548792181342545,19.727788038073584
2025-12-20,22.760779796006236,19.86104702372496
2025-12-21,22.840359617677297,19.99555476630203
2025-12-22,22.90728433288075,20.158319363545964
2025-12-23,22.95960768039868,20.307043614149745
2025-12-24,22.905918696393723,20.41503480608041
2025-12-25,22.890187332350962,20.46687313538855
2025-12-26,22.804575454515394,20.425047591987493
2025-12-27,22.68708977713019,19.96832220485865
2025-12-28,22.578516926350282,19.518374769143346
2025-12-29,22.566894207205994,19.31023724960932
2025-12-30,22.654927207172932,19.498786759482883
2025-12-31,22.719882004007065,19.754317374627075
2026-01-01,22.767682468457114,19.913956527915904
2026-01-02,22.795644662549286,19.91206421366672
2026-01-03,22.88584815958539,20.028879102145197
2026-01-04,22.983088282776425,20.157150163375483
2026-01-05,23.085857659701322,20.401950561159257
2026-01-06,23.202313516243375,20.70840744423924
2026-01-07,23.368655640460943,20.964784770564002
2026-01-08,23.517705649567844,21.07730785622958
2026-01-09,23.702709996026137,21.310157692854105
2026-01-10,23.886770436632723,21.930968887626086
2026-01-11,23.98405768784976,21.85070890751528
2026-01-12,24.075772220750494,21.96417104702373
2026-01-13,24.138914627280904,22.091902258843593
2026-01-14,24.213681802000185,22.144577354737898
2026-01-15,24.301814294466375,22.121541412132405
2026-01-16,24.381408769910927,22.239113510441822
2026-01-17,24.371754644501102,22.21171331154994
2026-01-18,24.45627804500447,21.905372922290095
2026-01-19,24.516214690201096,21.646175593124024
2026-01-20,24.624885770937563,21.43361983236256
2026-01-21,24.72070836920887,21.284732206279305
2026-01-22,24.803030433486803,21.229247052138096
2026-01-23,24.922815759843704,21.411915044750675
2026-01-24,25.026244597973367,21.600352322773123
2026-01-25,24.754564878133543,21.155963915328883
2026-01-26,25.324662218101082,21.951687739735757
2026-01-27,25.40882848461772,22.03305014916892
2026-01-28,25.453570429181802,22.11403466401477
2026-01-29,25.497458170513614,22.054921153572955
2026-01-30,25.61075949183688,22.251693422361125
2026-01-31,25.708634425605172,22.480228725671264
2026-02-01,25.84452273818584,23.099458729933232
2026-02-02,26.037488161075622,24.109269782639586
2026-02-03,26.10084623472531,24.22281716152863
2026-02-04,26.245015233301306,24.45297201307004
2026-02-05,26.292166502467122,24.438496945588863
2026-02-06,26.35657730900422,24.423678079272623
2026-02-07,26.473730689306894,24.57963347066345
2026-02-08,26.546874110010965,24.666881659326613
2026-02-09,26.545324183693676,24.825968177297913
2026-02-10,26.626125732688653,25.223041625230874
2026-02-11,26.71633899890712,25.4295496519392
2026-02-12,26.747194361194854,25.349623526069042
2026-02-13,26.84111973043683,25.361993180849552
2026-02-14,26.90026395420085,25.24649950277028
2026-02-15,27.032319166639056,25.41162381020032
2026-02-16,27.16536201857801,25.392726239522663
2026-02-17,27.327911381925325,25.775365819008385
2026-02-18,27.38477253535113,26.017717005256436
2026-02-19,27.418075615955246,26.2210086660037
2026-02-20,27.44513231860788,26.408663162381025
2026-02-21,27.441170832367437,26.55123312970593
2026-02-22,27.47754747988218,26.587709901974716
2026-02-23,27.478437034307984,26.708920301179155
2026-02-24,27.401776542371753,26.75070890751527
2026-02-25,27.369396069973867,26.856275039068052
2026-02-26,27.397145515283004,26.7331907941469
2026-02-27,27.520201779150213,26.971798550930533
2026-02-28,27.52198581398817,26.74652507458446
2026-03-01,27.538874536377822,26.472032959227167
2026-03-02,27.502118960492762,26.41005966756642
2026-03-03,27.51225533579493,26.335368660321077
2026-03-04,27.56768137149384,26.2988691575508
2026-03-05,27.65144097509689,26.245924136951267
2026-03-06,27.496467405702496,25.875661315527775
2026-03-07,27.849484034009947,26.380205995169767
2026-03-08,28.00579711974701,26.30461855377184
2026-03-09,28.097097083319493,26.09597243926694
2026-03-10,28.00999242474411,25.906132973433724
2026-03-11,27.912419694009344,25.637702798693
2026-03-12,27.967337504553424,25.64447222616849
2026-03-13,27.972243248501485,25.712415115783497
2026-03-14,27.93831527138459,25.76775394232135
2026-03-15,27.93420298374007,25.490590993038786
2026-03-16,27.92867693810635,25.215739451626654
2026-03-17,27.94889028711461,25.136269356442682
2026-03-18,27.950539643838756,25.09036937064924
2026-03-19,27.958752276716137,24.8085736610314
2026-03-20,27.935301499321096,24.355412700667713
2026-03-21,27.892770991323648,23.822210541270067
2026-03-22,27.84006178179952,23.53856797840602
2026-03-23,27.806220257806995,23.47464270492968
2026-03-24,27.638289130542727,23.23129705924137
2026-03-25,27.51744246117154,22.926873135388558
2026-03-26,27.462104679272738,22.867064923994896
2026-03-27,27.479441976852062,23.010261400767167
2026-03-28,27.55615441931322,23.21977127432874
2026-03-29,27.54671395337281,23.360367949992895
2026-03-30,27.49573467563003,23.243128285267794
2026-03-31,27.441839462529423,23.165205284841594
2026-04-01,27.448682526409932,23.124459440261397
2026-04-02,27.467511073119905,23.049131978974284
2026-04-03,27.418363620558367,22.745571814178156
2026-04-04,27.38995535566446,22.683567268077855
2026-04-05,27.403136362883668,22.65258417388834
2026-04-06,27.473542860217975,22.804503480608048
2026-04-07,27.527839003046665,22.996277880380738
2026-04-08,27.49663666920555,22.86102003125444
2026-04-09,27.47265009769182,22.820333854240662
2026-04-10,27.474219334702095,22.88415115783492
2026-04-11,27.513403173328474,22.975573234834496
2026-04-12,27.515225456999,22.98872425060378
2026-04-13,27.47522003427492,22.95517403040205
2026-04-14,27.40506629383711,22.870525642847
2026-04-15,27.340796478126897,22.724293223469246
2026-04-16,27.29823246100606,22.774949566699824
2026-04-17,27.392844342981096,22.873212103992053
2026-04-18,27.3127299276418,22.930424776246625
2026-04-19,27.298208948736598,23.062470521380884
2026-04-20,27.34777289548631,23.238357721267228
2026-04-21,27.341148044507765,23.297881801392247
2026-04-22,27.249297508858447,23.215051853956535
2026-04-23,27.11871011607114,23.07078988492684
2026-04-24,26.59256968821409,22.179616422787326
2026-04-25,26.72878212239624,22.26503906804944
2026-04-26,26.61608878779352,22.236316238102013
2026-04-27,26.523378605490667,22.325255007813613
2026-04-28,26.436009413186714,22.44906520812615
2026-04-29,26.296617586184023,22.304091490268505
2026-04-30,26.22498859572137,22.17333143912487
2026-05-01,26.283207499917282,22.341035658474215
2026-05-02,26.379679873000622,22.57832646682767
2026-05-03,26.458196116336115,22.73046171331155
2026-05-04,26.496437249561147,22.898143202159392
2026-05-05,26.308944969698913,22.758249751385144
2026-05-06,26.479268760141718,23.072758914618564
2026-05-07,26.543124896512808,23.0584159681773
2026-05-08,26.520362908567122,22.92210683335702
2026-05-09,26.455566550485162,22.705107259553923
2026-05-10,26.398898710964612,22.493747691433448
2026-05-11,26.420352166605987,22.51720698962921
2026-05-12,26.510787681723322,22.915598806648664
2026-05-13,26.517674044607087,23.06820713169484
2026-05-14,26.499877284995236,23.109616422787326
2026-05-15,26.49187444116964,23.311615286262256
2026-05-16,26.50705649567843,23.511986077567837
2026-05-17,26.487179396959988,23.677742577070614
2026-05-18,26.503803213067442,23.81543258985652
2026-05-19,26.466669329734763,23.890066770848133
2026-05-20,26.4372994006028,23.948944452336985
2026-05-21,26.411049276418158,23.958251172041486
2026-05-22,26.36056611583934,23.932363972155137
2026-05-23,26.319717997648787,23.90838329308141
2026-05-24,26.31445741712749,23.91455746554909
2026-05-25,26.28086844305724,24.014602926552065
2026-05-26,26.24201100274862,24.10119335132831
2026-05-27,26.22928155114751,24.174504901264395
2026-05-28,26.236071795211394,24.32752805796278
2026-05-29,26.22870262360502,24.50607614718
2026-05-30,26.254717563002945,24.687913055831796
2026-05-31,26.289809252574788,24.805054695269213
2026-06-01,26.32475703298342,24.962079840886496
2026-06-02,26.302472989866615,24.86452052848416
2026-06-03,26.33855687237147,24.617420088080696
2026-06-04,26.184643838791956,24.547143060093767
2026-06-05,26.089901707951128,24.62494388407444
2026-06-06,26.059423618240267,24.756947009518395
2026-06-07,26.095349496638704,24.729575223753375
2026-06-08,26.06739767195415,24.724421082540143
2026-06-09,26.01497781236541,24.872652365392813
2026-06-10,26.079753017683853,24.91846142918028
2026-06-11,26.04088359356891,24.78318369086518
2026-06-12,26.001558329469812,24.626702656627355
2026-06-13,26.061607630724865,24.69548089217219
2026-06-14,26.182608330297686,24.8804929677511
2026-06-15,26.30149890717624,25.06214945304731
2026-06-16,26.317508071993895,25.052900980252883
2026-06-17,26.241596785276734,24.991470379315253
2026-06-18,26.184238831672044,24.962382440687605
2026-06-19,26.149629536874603,25.092072737604784
2026-06-20,26.09085631436895,25.05921579769853
2026-06-21,25.986711593866914,24.85207842023015
2026-06-22,25.929760655032,24.6315115783492
2026-06-23,25.915886470510337,24.40613723540276
2026-06-24,25.878321108057186,24.2275678363404
2026-06-25,25.785299057025544,23.957853388265388
2026-06-26,25.79318820992156,23.85297627503907
2026-06-27,25.898321501308104,23.839143344225032
2026-06-28,25.91879675547234,23.663467822133825
2026-06-29,25.93562259909926,23.616132973433725
2026-06-30,25.892504739709256,23.557168631907945
2026-07-01,25.80960016723515,23.360492967751107
2026-07-02,25.79115100423889,23.292375337405883
2026-07-03,25.711956899692026,23.183967893166646
2026-07-04,25.65770119962249,23.065235118624805
2026-07-05,25.67458998410437,23.13967040772837
2026-07-06,25.580130248865782,23.017334848700106
2026-07-07,25.441013635460468,22.920289813894023
2026-07-08,25.426598254793525,22.734803239096465
2026-07-09,25.459955852402494,22.90075152720557
2026-07-10,25.437023524687916,22.869578065066055
